property_id,category,matching_review_count,avg_match_score,max_match_score,avg_sentiment_score,eligible_review_count,review_coverage,bayesian_avg_match_score,property_category_score,scored_at_utc,category_rank,PropertyID,PropertyVersionStartDateLocal,PropertyReferenceType,ParkReference,ParkReferenceType,PropertyLeadID,BrandID,OwnerID,AllowsPets,NumberOfPetsAllowed,Bathrooms,Bedrooms,ChangeOverDay,Latitude,Longitude,ParkName,PricingArea,PropertyName,PropertyStatus,PropertyType,Rating,RatingType,Sleeps,SykesTicks,isHoneyPot,isTestProperty,Northings,Eastings,LocationLongName,LocationType,County,Country,Location,WorkingRegion,PropertyLiveDate,AvailableFromDate,AvailableToDate,DateToldWithdrawingLocal,WithdrawalReason,WithdrawalWhatReason,WithdrawalWhyReason,StopSell,CommissionRate,RevenueManagementOption,ReinstatementDate,ManagedServiceOption,hasBroadband,hasDishwasher,hasEnclosedGarden,hasGames,hasGarden,hasHotTub,hasIndoorPool,hasLivestock,hasOffRoadParking,hasOpenFire,hasPoolTable,hasSauna,hasSpaOrGym,hasSpaJacuzzi,hasSwimmingPool,hasWashingMachine,isCoastal,hasCountryside,hasFishing,isIsolated,hasNationalPark,hasNationalTrust,isNearPub,isNearShop,isNearCanal,isNearCycling,isNearLake,isNearRailway,isNearRiver,isNearWalks,isNew,hasNoAnimals,hasShortBreaksAllowed,hasSpecialOffers,isChildFriendly,hasCotAvailable,isGroundFloor,hasLastMinuteBreakAllowed,isSmokeFree,isSmoking,hasCharacter,isFamily,isFarm,isInGroup,isLogCabin,isLuxury,isRomantic,isThatched,isUnusual,meets_property_criteria,criteria_flag,evidence_quote_1,evidence_quote_2,evidence_quote_3,evidence_quote_4,evidence_quote_5
976031,Best Farm Stay,10,9.5,10,10,11,0.909090909,9.059883741,9.435930245,09:29.2,1,98308,04:25.0,SykesPropertyID,SykesPark:0,SykesParkID,88687,343,173013,1,2,5,5,Friday,50.7485552,-3.151283,,Devon,Hornshayne Farmhouse,Current,Cottage,0,Ticks 1 to 5,11,,0,0,95500,318500,"Farway, Devon",Other settlement,Devon,England,Farway,Devon,04/01/2008,04/01/2008,,,Unknown,Unknown,Unknown,0,20.83,Super Income Maximisation,,No,1,1,0,1,1,0,0,1,1,0,0,0,0,0,0,1,1,1,0,0,0,0,0,0,0,1,0,0,0,1,0,0,0,0,1,1,0,0,1,0,1,1,1,0,0,0,0,1,0,1,criteria met,we were able to experience the working farm,"access to the farm with milking, egg collecting etc","We had a great week on the farm - the accommodation was very cosy and comfortable, and Andrew and Sally made us feel very welcome. The little ones enjoyed watching the milking and collecting eggs, meeting the new calves and lambs, and playing in the outdoor play area.",We enjoyed collecting the eggs and seeing the cows being milked.,"The grand children enjoyed interacting with the animals, feeding new born calves, lambs, goats pigs and chickens."
973071,Best Farm Stay,4,10,10,10,13,0.307692308,9.01411963,9.408471778,09:29.2,2,96011,34:21.0,SykesPropertyID,SykesPark:0,SykesParkID,96168,1,112731,0,0,1,2,Friday,54.425629,-3.32707,,Cumbria West of M6,The Old Barn,Current,Terraced,4,Ticks 1 to 5,4,4,0,0,504500,312500,"Nether Wasdale, Cumbria",Other settlement,Cumbria,England,Nether Wasdale,Cumbria & The Lake District,09/01/2018,09/01/2018,,,Unknown,Unknown,Unknown,0,19,Full Income Maximisation,,No Option Assigned,1,1,1,0,1,0,0,0,1,1,0,0,0,0,0,1,0,0,0,0,1,0,0,1,0,0,0,0,0,1,0,0,1,0,0,0,0,1,0,0,0,0,0,1,0,0,0,0,0,,review evidence only - manual review recommended,fabulous farm,"cats, dogs, lambs, chickens and cows all onsite",a lovely cottage on a working farm,"A working farm, so plenty of animals to see and all close by.",
1132508,Best Farm Stay,4,10,10,10,30,0.133333333,9.01411963,9.408471778,09:29.2,3,228257,05:42.0,SykesPropertyID,SykesPark:0,SykesParkID,251014,1,535459,1,1,1,1,Friday,52.9549591,-1.901867,,Peak District & Derbyshire,Abbey View Farm Cottage,Current,Annex,4,Ticks 1 to 5,2,4,0,0,339500,406500,"Croxden, Staffordshire",Other settlement,Staffordshire,England,Croxden,Peak District,20/10/2023,23/10/2023,,,Unknown,Unknown,Unknown,0,20,Full Income Maximisation,,No,1,1,1,0,1,0,0,0,1,1,0,0,0,0,0,1,0,1,0,0,0,1,0,0,0,1,0,0,0,1,0,0,1,0,0,1,1,1,1,0,0,0,0,1,0,0,0,0,0,,review evidence only - manual review recommended,Lodging on an actual working farm elevated the experience,Just arrived back from a perfect week at Abbey View Farm Cottage.,John arranging and taking us to an operating dairy farm.,Abbey View Farm Cottage,
1129527,Best Farm Stay,5,9.8,10,10,18,0.277777778,9.013178321,9.407906993,09:29.2,4,224751,03:42.0,SykesPropertyID,SykesPark:0,SykesParkID,248153,1,523452,1,2,3,3,Friday,53.397587,-4.458944,,HP - Wales Anglesey Coastal,Farmyard House,Current,House semi-detached,5,Ticks 1 to 5,6,5,1,0,391500,236500,"Llanfechell, Isle of Anglesey",Other settlement,Isle of Anglesey,Wales,Llanfechell,North Wales,19/08/2023,31/08/2023,,,Unknown,Unknown,Unknown,0,14,Partial Plus Income Maximisation,,No,1,1,1,0,1,1,0,0,1,0,0,0,0,0,0,1,1,0,1,0,0,1,0,0,0,1,0,0,0,1,0,0,1,0,0,0,1,1,1,0,1,1,0,1,0,1,1,0,0,,review evidence only - manual review recommended,the complex cats were the stars of the show,We had a fantastic stay at Farmyard House!,We had a excellent stay at the Farmyard House,Had a fantastic time staying at the farm yard house.,We had a fantastic time at farmyard house.
997270,Best Farm Stay,10,9.4,10,10,23,0.434782609,9.009883741,9.405930245,09:29.2,5,109951,23:09.0,SykesPropertyID,SykesPark:0,SykesParkID,112820,1,196743,0,0,1,1,Saturday,54.3287271,-0.6206878,,North Yorkshire,Thompson Rigg Barn,Current,Cottage,5,Ticks 1 to 5,2,5,0,0,487500,485500,"Low Dalby, North Yorkshire",Other settlement,North Yorkshire,England,Low Dalby,North York Moors & Coast,26/03/2019,26/03/2019,,,Unknown,Unknown,Unknown,0,15,Partial Plus Income Maximisation,,No Option Assigned,1,1,0,0,1,1,0,0,1,1,0,0,0,0,0,0,1,1,0,1,0,0,0,0,0,1,0,0,1,1,0,1,1,0,0,0,1,1,1,0,1,1,0,1,0,1,1,0,1,,review evidence only - manual review recommended,"the lovely and friendly farm dog,I think (Flash) and lovely and friendly donkeys, that you can feed and brush anytime",friendly rescue donkey and sheep to keep you entertained,We loved seeing the donkeys and sheep.,We loved our stay at Thompson Rigg Farm.,We had a fantastic stay at Thompson Rigg farm
1027511,Best Farm Stay,7,9.555555556,10,9.888888889,19,0.368421053,9.005091983,9.380832968,09:29.2,6,143066,26:53.0,SykesPropertyID,SykesPark:0,SykesParkID,148061,1,236900,0,0,2,3,Friday,52.2301176,-2.2980959,,Worcestershire,Top Style Orchard,Current,Lodge,4,Ticks 1 to 5,6,4,0,0,260500,380500,"Monkwood Green, Worcestershire",Other settlement,Worcestershire,England,Monkwood Green,Heart of England,03/03/2021,12/04/2021,,,Unknown,Unknown,Unknown,0,18,Partial Plus Income Maximisation,,No,1,1,0,0,1,0,0,0,1,0,0,0,0,0,0,0,0,1,1,1,0,0,0,0,0,1,0,0,0,1,0,1,1,0,0,0,1,1,1,0,1,1,0,0,1,0,0,0,1,,review evidence only - manual review recommended,we saw the gold winner certificate from Sykes for the best farm stay in 2024,we all enjoyed our visit to the farm,to sit out on the deck and watch the ewes and their lambs in the orchard,the kids absolutely loved the tour of the farm,We all enjoyed the farm visit and appreciated the hosts giving up their time and allowing the children to sit on tractors and collect eggs.
946987,Best Farm Stay,10,9.3,10,10,15,0.666666667,8.959883741,9.375930245,09:29.2,7,83554,18:44.0,SykesPropertyID,SykesPark:0,SykesParkID,85873,1,128749,0,0,1,1,Saturday,51.3401598,0.3502695,,South East,Badger View,Current,Lodge,4,Ticks 1 to 5,2,4,0,0,162500,563500,"Culverstone Green, Kent",Other settlement,Kent,England,Culverstone Green,South Coast,22/11/2016,01/12/2016,,,Unknown,Unknown,Unknown,0,20,Super Income Maximisation,25/08/2021,No Option Assigned,1,1,0,0,1,0,0,0,1,0,0,0,0,0,0,1,1,1,1,0,0,1,0,0,0,1,0,1,0,1,0,0,1,0,0,0,0,1,1,0,0,0,0,0,0,1,1,0,0,,review evidence only - manual review recommended,to see the pony’s and chickens eating in the garden,the real stars of the show were the animals. Bob & Jess who wanted to play ball every day and the ponies who visited most days were adorable.,"We had visits from the 3 adorable ponies Barney, Snoopy & Stanley. We loved watching the chickens & squirrels.",the highlight for me was the fact that their ponies are free to roam and loved visiting us for a daily morning pet (and the odd apple or carrot),the animals are just adorable
5396,Best Farm Stay,15,9.333333333,10,9.733333333,16,0.9375,9.047906993,9.375410862,09:29.2,8,53262,50:59.0,SykesPropertyID,SykesPark:0,SykesParkID,2352,1,62498,0,0,1,3,Friday,51.8436099,-4.7541402,,South Wales,"Saddlers Cottage, Berllandeg Farm",Current,Detached,4,Ticks 1 to 5,4,4,0,0,217500,209500,"Bethesda, Pembrokeshire",Other settlement,Pembrokeshire,Wales,Bethesda,South Wales,16/03/2011,16/03/2011,,,Unknown,Unknown,Unknown,0,20,Full Income Maximisation,,No Option Assigned,1,1,0,0,1,0,0,1,1,0,0,0,0,0,0,1,1,1,1,0,0,0,0,0,0,1,0,0,0,1,0,1,1,0,1,1,0,0,1,0,1,1,1,1,0,0,0,0,0,1,criteria met,"the lovely cutch the trusty farm dog, loved his treats, and then the beautiful llamas, all with their own little personality, and Russell the crow, swooping across the yard to greet you, oh and not to forget the lovely curly sheep",our kiddies being able to be involved (with us) with the care of the animals,encouragement to join in whenever we wanted to with the animals,"being so close to all the amazing animals, especially the donkeys",We had the most wonderful stay on Martin and Lavinia’s farm.
19144,Best Farm Stay,8,9.375,10,10,12,0.666666667,8.955426379,9.373255827,09:29.2,9,48398,53:39.0,SykesPropertyID,SykesPark:0,SykesParkID,17846,1,60882,0,0,1,2,Friday,53.1095027,-1.7332225,,HP Peak District,Dover Barn,Current,Semi detached,4,Ticks 1 to 5,4,4,1,0,354500,418500,"Parwich, Derbyshire",Other settlement,Derbyshire,England,Parwich,Peak District,24/09/2012,12/10/2012,,,Unknown,Unknown,Unknown,0,20,Full Income Maximisation,,No Option Assigned,1,1,0,0,1,0,0,0,1,0,0,0,0,0,0,0,0,1,0,1,1,0,0,0,0,0,0,0,0,0,0,1,1,0,0,0,0,1,1,0,0,1,0,1,0,0,0,0,0,,review evidence only - manual review recommended,our children loved seeing the animals on the farm,"My daughter loved visiting the donkeys, goats and horse every afternoon",Having all the farm animals around was lovely too.,it most definitely won't be our last visit to this beautiful Farm,X loved the animals and feeding them.
966889,Best Farm Stay,4,9.75,10,10,12,0.333333333,8.942691059,9.365614635,09:29.2,10,93410,58:09.0,SykesPropertyID,SykesPark:0,SykesParkID,90110,1,160761,1,6,2,4,Saturday,52.9892312,-4.240557,,North Wales,Tyn Y Gorlan,Current,House,4,Ticks 1 to 5,9,4,0,0,344500,249500,"Garndolbenmaen, Gwynedd",Other settlement,Gwynedd,Wales,Garndolbenmaen,North Wales,28/09/2017,25/11/2017,,,Unknown,Unknown,Unknown,0,15,Full Income Maximisation,,No Option Assigned,1,1,0,0,1,0,0,0,1,1,0,0,0,0,0,1,0,0,0,0,0,0,0,0,0,1,0,0,0,1,0,0,1,0,1,1,0,1,1,0,0,1,0,0,0,0,0,0,0,,review evidence only - manual review recommended,they loved the horses,"Visits from sheep, cows and farm dogs at the gate was amusing",Big bonus was the neighbours ie: sheep with lambs and cows with their calves.,Loads of farm animals sheep cows chickens and horses,
1123808,Best Farm Stay,4,9.75,10,10,14,0.285714286,8.942691059,9.365614635,09:29.2,11,216815,17:59.0,SykesPropertyID,SykesPark:0,SykesParkID,242094,1,504902,1,3,1,2,Friday,51.928138,-2.750161,,Herefordshire,Palace Bungalow,Current,House,4,Ticks 1 to 5,4,4,0,0,226500,347500,"Orcop, Herefordshire",Other settlement,Herefordshire,England,Orcop,Heart of England,07/12/2022,07/12/2022,,,Unknown,Unknown,Unknown,0,20,Super Income Maximisation,,No,1,1,1,0,1,0,0,0,1,1,0,0,0,0,0,0,0,1,1,0,0,1,0,0,0,1,0,0,0,1,0,0,1,0,0,0,1,1,1,0,1,1,0,1,0,0,0,0,0,,review evidence only - manual review recommended,the view of the farm & horses just on our doorstep. We thoroughly enjoyed feeding the pigs each morning too.,the paddocks on the farm which have retired horses in them,place farm,You are encouraged to wander around the farm. We were introduced to some of the horses and visited the three Kune Kune Pigs on many occasions.,
1192132,Best Farm Stay,4,9.75,10,10,6,0.666666667,8.942691059,9.365614635,09:29.2,12,324984,41:37.0,SykesPropertyID,SykesPark:0,SykesParkID,302575,1,624461,0,0,1,1,Friday,52.8958539,-1.6636711,,Peak District & Derbyshire,The Sty,Current,Lodge,4,Ticks 1 to 5,2,4,0,0,333500,423500,"Sutton on the Hill, Derbyshire",Other settlement,Derbyshire,England,Sutton on the Hill,Peak District,04/12/2025,05/12/2025,,,Unknown,Unknown,Unknown,0,18,Partial Income Maximisation,,No,1,1,1,0,1,1,0,0,1,0,0,0,0,0,0,0,0,1,1,0,0,1,0,0,0,1,0,0,1,1,0,1,1,0,0,0,1,1,1,0,0,0,0,1,1,0,1,0,0,,review evidence only - manual review recommended,lovely to see the animals on the farm,a lovely stay at the fantastic Sty on a working farm,On our departure we met the owner and he was a lovely individual. He took us around the farm to show us the other animals.,Getting to meet the animals on the farm was such a nice touch.,
1122446,Best Farm Stay,4,9.75,10,10,19,0.210526316,8.942691059,9.365614635,09:29.2,13,213387,03:32.0,SykesPropertyID,SykesPark:0,SykesParkID,240836,1,504902,1,3,3,3,Friday,51.927615,-2.75116,,Herefordshire,Palace Farmhouse,Current,House,4,Ticks 1 to 5,6,4,0,0,226500,347500,"Orcop, Herefordshire",Other settlement,Herefordshire,England,Orcop,Heart of England,07/12/2022,20/12/2022,,,Unknown,Unknown,Unknown,0,20,Super Income Maximisation,,Part - Cleaning Only,1,1,1,0,1,0,0,0,1,0,0,0,0,0,0,1,0,1,1,0,0,1,0,0,0,1,0,0,0,1,0,0,1,0,0,0,1,1,1,0,1,0,0,1,0,0,0,0,0,,review evidence only - manual review recommended,"seeing the horses, pigs and ducks",made to feel very welcomed and even part of the working farm by the owners,Kids loved feeding the pigs!,"Being on the farm was really good. We fed the pigs daily, enjoyed watching the horses.",
984197,Best Farm Stay,4,9.75,10,10,9,0.444444444,8.942691059,9.365614635,09:29.2,14,104897,29:02.0,SykesPropertyID,SykesPark:0,SykesParkID,104786,1,182147,0,0,2,4,Friday,53.6403693,-1.1369733,,West & South Yorkshire,Stubbs Grange Barn,Current,Cottage,4,Ticks 1 to 5,8,4,0,0,416500,455500,"Walden Stubbs, North Yorkshire",Other settlement,North Yorkshire,England,Walden Stubbs,Yorkshire Dales,16/10/2018,16/10/2018,,,Unknown,Unknown,Unknown,0,16,Super Income Maximisation,,No Option Assigned,1,1,1,1,1,1,0,1,1,1,0,0,0,0,0,1,1,0,1,0,0,1,0,0,0,1,0,0,0,1,0,1,1,0,0,0,0,1,1,0,1,1,0,1,0,1,0,0,0,,review evidence only - manual review recommended,loved having the animals so close by - violet the chicken was definitely a favourite!,everyone loved the animals surrounding the garden,"We also loved the ponies, alpacas, ducks and chickens of course","so lovely to see the horses, ponies, alpacas, rabbits and birds galore!",
1111506,Best Farm Stay,9,9.333333333,10,9.888888889,10,0.9,8.957772359,9.352441193,09:29.2,15,200904,51:43.0,SykesPropertyID,SykesPark:0,SykesParkID,230479,1,466382,0,0,2,4,Friday,51.8003631,-4.2296382,,South Wales,Pant Teg Farm,Current,Farm Stay,4,Ticks 1 to 5,8,4,0,0,212500,246500,,Other settlement,Carmarthenshire,Wales,Felindre,South Wales,16/12/2022,24/01/2023,,,Unknown,Unknown,Unknown,0,15,Partial Plus Income Maximisation,,No,1,1,1,0,1,1,0,0,1,1,0,0,0,1,0,1,1,1,1,0,0,1,0,0,0,1,0,0,0,1,0,1,1,0,0,0,1,1,1,0,0,1,1,1,0,0,0,0,0,1,criteria met,"We were provided with milk, butter and fresh eggs from the farm and were given a tour of the property by the owner. The experience of being on the farm itself was unique and wonderful. Seeing the cows milked and feeding the calves was a real highlight for my children.","They took the time to show us around the farm, including the dairy and feeding the calves — such a special and memorable experience.","Each morning started with fresh milk straight from the farm, which was absolutely delicious, and the children were thrilled to help collect eggs from the hens – a real highlight for them.",we loved the farm walks and feeding the calves,the tour of the dairy farm was a great touch and insight into a working dairy farm
1170484,Best Farm Stay,7,9.428571429,10,9.857142857,11,0.636363636,8.952804401,9.343111212,09:29.2,16,301811,23:43.0,SykesPropertyID,SykesPark:0,SykesParkID,287140,1,645086,1,2,1,1,Friday,53.8788286,-0.5988401,,East Yorkshire,Beech Tree Cabin,Current,Hut/Pod/Yurt,4,Ticks 1 to 5,2,4,0,0,439500,490500,"Sancton, East Riding of Yorkshire",Other settlement,East Riding of Yorkshire,England,Sancton,North York Moors & Coast,12/03/2025,12/03/2025,,,Unknown,Unknown,Unknown,0,20,Super Income Maximisation,,No,0,0,0,0,1,0,0,0,1,1,0,0,0,0,0,0,0,1,1,0,0,0,0,0,0,1,0,0,0,1,0,0,1,0,0,0,1,1,1,0,0,0,0,1,0,0,1,0,0,,review evidence only - manual review recommended,we managed to feed some baby lambs again,"Loved the animals...goats,pig,sheep",I got to meet the gorgeous lambs and bottle feed them!,the sheep and goat in the field were very cute,enjoyed seeing the baby lambs and being able to bottle feed them
1150134,Best Farm Stay,6,9.5,10,9.833333333,9,0.666666667,8.949854676,9.336579472,09:29.2,17,277014,29:44.0,SykesPropertyID,SykesPark:0,SykesParkID,267359,1,587365,1,1,1,1,Friday,51.1423172,1.0925677,,South East,Kingfisher Cottage,Current,Lodge,4,Ticks 1 to 5,2,4,0,0,142500,616500,"Ottinge, Kent",Other settlement,Kent,England,Ottinge,South Coast,15/11/2024,31/01/2025,,,Unknown,Unknown,Unknown,0,17,Full Income Maximisation,,No,1,0,0,0,1,0,0,0,1,0,0,0,0,0,0,0,0,1,1,0,0,1,0,0,0,1,0,0,0,1,0,1,1,0,0,0,1,1,1,0,0,0,1,1,1,0,1,0,0,1,criteria met,"the farm and surroundings were great, lovely to be able to walk round the farm and get close to the animals especially the goats, peacock, cats, sheep.",beautiful farm setting,What a lovely place set on a farm.,we also made Friends with the resident goats PENNY & VICKY Lovely watching all the Sheep & young Lambs,the farm and all the animals to walk around and visit
1123570,Best Farm Stay,6,9.333333333,10,10,18,0.333333333,8.887354676,9.332412806,09:29.2,18,214599,25:30.0,SykesPropertyID,SykesPark:0,SykesParkID,241949,1,230185,1,2,1,1,Saturday,52.516852,-2.9490958,,Shropshire & Telford,Stable Cottage,Current,Cottage,4,Ticks 1 to 5,2,4,0,0,292500,335500,"Linley, Shropshire",Other settlement,Shropshire,England,Linley,Heart of England,27/01/2023,01/02/2023,,,Unknown,Unknown,Unknown,0,15,Super Income Maximisation,,No,1,0,1,0,1,1,0,1,1,0,0,0,0,0,0,1,0,1,0,0,0,1,0,0,0,1,0,0,0,1,0,0,1,0,0,0,0,1,1,0,1,0,0,1,0,0,1,0,0,,review evidence only - manual review recommended,"the chance to meet the beautiful horses, Lucy the sheep and chickens",meeting the horses,it was especially nice seeing the new fouls and the pet sheep,was fortune enough to be there when a mare had her foal,Seeing all of their animals was great too
1142139,Best Farm Stay,5,9.6,10,9.8,11,0.454545455,8.946511655,9.327906993,09:29.2,19,264837,18:09.0,SykesPropertyID,SykesPark:0,SykesParkID,260424,1,564555,0,0,1,3,Saturday,53.0921307,-4.2998744,,North Wales,Yr Hen Stabl,Current,Cottage,4,Ticks 1 to 5,6,4,0,0,357500,246500,"Tyn-lon, Gwynedd",Other settlement,Gwynedd,Wales,Tyn-lon,North Wales,12/04/2024,12/04/2024,,,Unknown,Unknown,Unknown,0,15,Super Income Maximisation,,Yes,1,1,1,0,1,1,0,1,1,1,0,0,0,0,0,1,1,1,1,0,0,1,0,0,0,1,0,0,1,1,0,1,1,0,0,1,0,1,1,0,1,1,0,1,0,0,0,0,0,,review evidence only - manual review recommended,"watching the milking, waiting for the new calves to be born as well as the farm cats",it was very interesting hearing about the farm & watching the cows being milked,The farm is lovely and seeing the cows walk past each day was a highlight we enjoyed so much. Watching the cows being milked is fab and a must for anyone staying at the farm.,Lots of lovely local food gifted on our arrival. All made from the cows on the farm. Enjoyed watching the cows walking up and down the drive to be milked.,Enjoyed being on a farm again and friendly cats.
1143593,Best Farm Stay,5,9.6,10,9.8,9,0.555555556,8.946511655,9.327906993,09:29.2,20,266486,02:27.0,SykesPropertyID,SykesPark:0,SykesParkID,261866,1,568527,0,0,2,3,Friday,50.8591408,-3.5250636,,Devon,Twyford Farm Cottage,Current,House,4,Ticks 1 to 5,6,4,0,0,107500,291500,"Cadeleigh, Devon",Other settlement,Devon,England,Cadeleigh,Devon,30/12/2023,30/12/2023,,,Unknown,Unknown,Unknown,0,15,Super Income Maximisation,,No,1,1,0,0,1,0,0,1,1,0,0,0,0,0,0,1,0,1,0,0,0,0,0,0,0,1,0,0,1,1,0,1,1,0,1,1,1,0,1,0,1,1,0,1,0,0,0,0,0,,review evidence only - manual review recommended,The farm and cottage were the perfect place to wind down.,Staying on a working farm was fascinating and to be shown the various inner working was a privilege.,Brilliant little farmhouse,the kids absolutely loved staying on the farm,lovely setting listening to the cows mooing
933471,Best Farm Stay,5,9.4,10,10,14,0.357142857,8.879844988,9.327906993,09:29.2,21,92974,04:02.0,SykesPropertyID,SykesPark:0,SykesParkID,55529,1,114738,0,0,1,1,Friday,55.0124543,-2.8652268,,Cumbria East of M6,Faraway Cottage,Current,Cottage,4,Ticks 1 to 5,2,4,0,0,567500,343500,"Kirklinton, Cumbria",Other settlement,Cumbria,England,Kirklinton,Cumbria & The Lake District,21/09/2017,21/09/2017,,,Unknown,Unknown,Unknown,0,20,Partial Income Maximisation,,No Option Assigned,1,1,0,0,1,0,0,1,1,1,0,0,0,0,0,1,0,1,0,0,0,0,0,0,0,1,0,0,0,1,0,1,1,0,0,0,0,1,1,0,1,0,0,0,0,0,1,0,0,,review evidence only - manual review recommended,as it is a working farm they always tell you the best places to go,Very comfortable cottage on a working Dairy farm.,there is a cow shed and cows right next to accommodation,occasional moo from the farm yard just to let us know we were sharing there place,The cottage is in the heart of the farm yet it remained a calm retreat.
29638,Best Farm Stay,4,9.5,10,10,9,0.444444444,8.871262487,9.322757492,09:29.2,22,56473,00:32.0,SykesPropertyID,SykesPark:0,SykesParkID,35010,1,85892,0,0,1,2,Friday,53.061282,-1.5046375,,Peak District & Derbyshire,Fletchers Barn,Current,Detached,4,Ticks 1 to 5,4,4,0,0,349500,433500,"Belper Lane End, Derbyshire",Other settlement,Derbyshire,England,Belper Lane End,Peak District,17/12/2013,06/01/2014,,,Unknown,Unknown,Unknown,0,20,Partial Income Maximisation,01/10/2021,No Option Assigned,1,0,1,1,1,0,0,1,1,1,1,0,0,0,0,1,0,1,0,1,0,0,1,1,0,0,0,0,0,1,0,1,1,0,1,1,0,0,1,0,1,1,1,1,0,0,0,0,0,1,criteria met,located on a working farm with cows coming up to the window in the field behind,Loved seeing the cows every morning.,visit from the cows every morning was great to see them,The cows in the field behind visited us every day,
982961,Best Farm Stay,4,9.5,10,10,6,0.666666667,8.871262487,9.322757492,09:29.2,23,228427,51:56.0,SykesPropertyID,SykesPark:0,SykesParkID,98823,1,180445,0,0,2,3,Saturday,51.6268589,-3.1678524,,South Wales,Penrhiwarwydd Barn,Current,House detached,4,Ticks 1 to 5,5,4,0,0,191500,319500,"Brynawel, Caerphilly",Other settlement,Caerphilly,Wales,Brynawel,South Wales,23/08/2023,23/08/2023,,,Unknown,Unknown,Unknown,0,15,Full Income Maximisation,,No Option Assigned,1,0,0,0,1,0,0,1,1,0,0,0,0,0,0,1,0,1,1,0,0,1,0,0,0,1,1,0,1,1,0,1,1,0,0,0,0,1,1,0,0,0,0,1,0,0,0,0,0,,review evidence only - manual review recommended,"you walk out the door and are greeted by beautiful donkeys in the field, who come over to you for their carrots and apples. There is a menagerie of other animals too, not forgetting Snoopy the lamb, who we got to bottle feed.",A beautiful cottage on a working farm it was very high spec . The farm had some lovely animals sheep lama donkeys horses .,Zur Bergüßung gab es leckere Eier von den Hofhühnern Die Hofhunde sind wundervoll und haben einen immer freundlich begrüßt.,This is a particularly lovely barn on a farm up a welsh mountain. The animals were happy to greet us too.,
918961,Best Farm Stay,4,9.5,10,10,9,0.444444444,8.871262487,9.322757492,09:29.2,24,,,,,,,,,,,,,,,,,,,,,,,,,,,,,,,,,,,,,,,,,,,,,,,,,,,,,,,,,,,,,,,,,,,,,,,,,,,,,,,,,,,,,,,,,,,,,,,,,no property data - manual review recommended,We loved our stay at Tanyrallt Farm,Tanyrallt farm offered us everything we were looking for and more.,It's on a working farm and amazing seeing the farmers rounding up the sheep.,It was lambing season when we stayed so we got to cuddle a a lamb.,
1162009,Best Farm Stay,4,9.5,10,10,17,0.235294118,8.871262487,9.322757492,09:29.2,25,291607,05:50.0,SykesPropertyID,SykesPark:0,SykesParkID,278979,1,624461,0,0,1,1,Friday,52.8958489,-1.663555,,Peak District & Derbyshire,The Stable,Current,Farm Stay,4,Ticks 1 to 5,2,4,0,0,333500,423500,"Sutton on the Hill, Derbyshire",Other settlement,Derbyshire,England,Sutton on the Hill,Peak District,14/10/2024,14/10/2024,,,Unknown,Unknown,Unknown,0,18,Partial Income Maximisation,,No,1,1,0,0,1,1,0,1,1,0,0,0,0,0,0,0,0,1,1,0,0,1,0,0,0,1,0,0,1,1,0,1,1,0,0,0,1,1,1,0,1,0,0,1,0,0,1,0,0,,review evidence only - manual review recommended,lovely farm,Loved the farm setting.,waking up to the animal sounds in the morning,We enjoyed being so close to the animals.,
971568,Best Farm Stay,4,9.5,10,10,15,0.266666667,8.871262487,9.322757492,09:29.2,26,94729,52:49.0,SykesPropertyID,SykesPark:0,SykesParkID,68099,1,168664,1,2,1,2,Saturday,53.1725656,-4.1771225,,North Wales,Hendre,Current,Barn conversion,3,Ticks 1 to 5,4,3,0,0,366500,254500,"Fachell, Gwynedd",Other settlement,Gwynedd,Wales,Fachell,North Wales,12/12/2017,12/12/2017,,,Unknown,Unknown,Unknown,0,18,Super Income Maximisation,,No,1,1,0,0,1,0,0,0,1,0,0,0,0,0,0,1,0,1,0,0,0,0,0,0,0,0,0,0,0,0,0,0,1,0,1,1,0,0,0,0,1,1,0,0,0,0,0,0,0,,review evidence only - manual review recommended,we loved to be on your farm with all the birds and animals,"Absolutely stunning cottages, all set on a working farm",Lovely cottage on a working farm.,It was lovely staying on the farm with all the newborn lambs and calves to look at too!,
972508,Best Farm Stay,3,9.666666667,10,10,6,0.5,8.861359602,9.316815761,09:29.2,27,95176,03:56.0,SykesPropertyID,SykesPark:0,SykesParkID,94378,402,169467,1,2,1,3,Saturday,55.6206469,-2.5368993,,Scottish Lowlands,Craggs Cottage,Current,Cottage,4,Ticks 1 to 5,5,4,0,0,636500,367500,"Old Nenthorn, Scottish Borders",Other settlement,Scottish Borders,Scotland,Old Nenthorn,Southern Scotland,11/11/2013,11/11/2013,,,Unknown,Unknown,Unknown,0,15,Super Income Maximisation,04/01/2018,No,1,1,1,1,1,0,0,1,1,1,0,0,0,0,0,1,0,1,0,0,0,0,0,0,0,1,0,0,0,1,0,0,1,0,0,1,0,1,1,0,0,1,0,0,0,0,0,0,0,,review evidence only - manual review recommended,Super cottage on a lovely working farm.,Great little cottage set on farm land,we were lucky to see a new arrival on the farm a baby calf was born whilst we had our stay there.,,
944472,Best Farm Stay,3,9.666666667,10,10,15,0.2,8.861359602,9.316815761,09:29.2,28,113777,31:09.0,SykesPropertyID,SykesPark:0,SykesParkID,118862,1,125355,0,0,2,2,Friday,53.3287878,-4.3561446,,Anglesey,Beudy Tyddyn,Current,Barn conversion,5,Ticks 1 to 5,4,5,0,0,383500,243500,"Bachau, Isle of Anglesey",Other settlement,Isle of Anglesey,Wales,Bachau,North Wales,19/03/2019,29/03/2019,,,Unknown,Unknown,Unknown,0,19,Full Income Maximisation,,No,1,1,1,0,1,1,0,1,1,0,0,0,0,0,0,1,0,1,0,0,0,0,0,0,0,1,0,0,0,0,0,1,1,0,1,1,1,1,1,0,0,1,0,0,0,1,0,0,0,,review evidence only - manual review recommended,situated on a quiet rural farm,Enjoyed watching the sheep!!,Waking up every morning to nothing but the sounds of sheep and lambs was beyond amazing.,,
1159605,Best Farm Stay,3,9.666666667,10,10,29,0.103448276,8.861359602,9.316815761,09:29.2,29,288709,18:20.0,SykesPropertyID,SykesPark:0,SykesParkID,276660,1,614843,1,2,4,5,Friday,52.904362,0.4895141,,HP East Anglia,Malthouse Farm,Current,Farm Stay,5,Ticks 1 to 5,9,5,1,0,337500,567500,"Heacham, Norfolk",Other settlement,Norfolk,England,Heacham,East Anglia,15/07/2024,20/07/2024,,,Unknown,Unknown,Unknown,0,18,Super Income Maximisation,,No,1,1,1,0,1,1,0,0,1,1,0,0,0,0,0,1,1,0,0,0,0,1,1,0,0,1,0,0,0,1,0,0,1,0,1,1,0,0,1,0,1,1,0,1,0,0,0,0,0,,review evidence only - manual review recommended,celebrating a 50th Birthday at Malthouse Farm,We hired the farm for a long weekend for a family celebration,beautifully kept farmhouse,,
1075092,Best Farm Stay,3,9.666666667,10,10,5,0.6,8.861359602,9.316815761,09:29.2,30,,,,,,,,,,,,,,,,,,,,,,,,,,,,,,,,,,,,,,,,,,,,,,,,,,,,,,,,,,,,,,,,,,,,,,,,,,,,,,,,,,,,,,,,,,,,,,,,,no property data - manual review recommended,what a bonus having all the farm animals so close!,just loved being on the farm,This is a working farm and immaculate inside and out.,,
1167565,Best Farm Stay,3,9.666666667,10,10,8,0.375,8.861359602,9.316815761,09:29.2,31,298263,46:00.0,SykesPropertyID,SykesPark:0,SykesParkID,284238,400,551522,1,1,2,5,Saturday,51.959074,-5.009126,,South Wales,Llanwern Farm,Current,Farm Stay,4,Ticks 1 to 5,9,4,0,0,234500,194500,"Scleddau, Pembrokeshire",Other settlement,Pembrokeshire,Wales,Scleddau,South Wales,24/12/2024,01/02/2025,,,Unknown,Unknown,Unknown,0,16,Super Income Maximisation,,Yes,1,1,1,0,1,0,0,1,1,1,0,0,0,0,0,1,1,1,1,0,0,1,1,0,0,1,0,1,0,1,0,1,1,0,0,1,0,1,1,0,1,1,1,0,0,0,0,0,0,1,criteria met,We had such an amazing stay at Llanwern farm.,"The Farmhouse is lovely, we couldn't fault it, with everything we needed.",we were welcomed with home made bara brith and fresh produce from the farm,,
921602,Best Farm Stay,3,9.666666667,10,10,13,0.230769231,8.861359602,9.316815761,09:29.2,32,55279,10:58.0,SykesPropertyID,SykesPark:0,SykesParkID,31461,1,101343,0,0,3,2,Friday,52.2201552,-3.3734363,,Mid Wales,Brynhir Farm,Current,Detached,5,Ticks 1 to 5,4,5,0,0,258500,305500,"Crossway, Powys",Other settlement,Powys,Wales,Crossway,Mid Wales,25/02/2015,01/06/2015,,,Unknown,Unknown,Unknown,0,20,Full Income Maximisation,,No Option Assigned,1,1,0,0,1,1,0,1,0,0,0,0,0,0,0,1,0,1,0,1,0,0,0,0,0,1,0,0,0,1,0,1,0,0,0,1,0,0,1,0,0,1,1,0,0,1,0,0,0,1,criteria met,positioned on a working farm,We had a very relaxing and enjoyable holiday at Brynhir Farm.,waking up to the bleating sheep,,
3878,Best Farm Stay,3,9.666666667,10,10,18,0.166666667,8.861359602,9.316815761,09:29.2,33,58053,25:24.0,SykesPropertyID,SykesPark:0,SykesParkID,5183,1,61205,1,2,2,4,Friday,54.2288719,-0.6560702,,North Yorkshire,Boundcliffe Farm,Current,Semi detached,4,Ticks 1 to 5,10,4,0,0,482500,487500,"Allerston, North Yorkshire",Other settlement,North Yorkshire,England,Allerston,North York Moors & Coast,12/04/2010,12/04/2010,,,Unknown,Unknown,Unknown,0,20,Super Income Maximisation,,No Option Assigned,1,1,1,1,1,0,0,1,1,1,1,0,0,0,0,1,0,0,0,0,0,0,0,0,0,0,0,0,0,0,0,0,1,0,0,1,0,1,1,0,1,1,1,1,0,0,0,0,0,1,criteria met,Situated on a beef farm,Beautiful farm house,The children loved looking around the farm,,
1124061,Best Farm Stay,3,9.666666667,10,10,7,0.428571429,8.861359602,9.316815761,09:29.2,34,217099,52:15.0,SykesPropertyID,SykesPark:0,SykesParkID,242383,1,470870,1,1,1,1,Friday,54.2091428,-3.0942392,,Cumbria West of M6,Cherry,Current,Hut/Pod/Yurt,4,Ticks 1 to 5,4,4,0,0,478500,328500,"Ulverston, Cumbria",Town,Cumbria,England,Ulverston,Cumbria & The Lake District,20/01/2023,03/03/2023,,,Unknown,Unknown,Unknown,0,14,Super Income Maximisation,,No,1,0,0,0,1,1,0,0,1,0,0,0,0,0,0,0,1,1,1,0,0,0,0,0,0,1,0,1,0,1,0,0,1,0,0,0,1,1,1,0,1,0,0,1,0,0,0,0,0,,review evidence only - manual review recommended,only the farm animals to listen to,The farm was absolutely wonderful and conveniently located near the city center.,"Lodge based on a working farm so it is lovely to see how hands on the owners are, all while watching the cows and animals they have explore their fields.",,
1056875,Best Farm Stay,7,9.428571429,10,9.714285714,26,0.269230769,8.952804401,9.314539784,09:29.2,35,147011,12:46.0,SykesPropertyID,SykesPark:0,SykesParkID,177066,1,291615,0,0,2,2,Friday,55.144047,-2.252209,,Northumberland,Granary Cottage,Current,Cottage,5,Ticks 1 to 5,4,5,0,0,583500,383500,"Bellingham, Northumberland",Other settlement,Northumberland,England,Bellingham,Northumberland,21/05/2021,22/05/2021,,,Unknown,Unknown,Unknown,0,16.5,Super Income Maximisation,,No,1,1,1,0,1,0,0,1,0,1,0,0,0,0,0,1,0,1,1,0,0,1,1,1,0,1,0,0,1,1,0,1,1,0,0,1,0,0,1,0,1,1,0,1,0,1,1,0,0,,review evidence only - manual review recommended,showing us around the farm during lambing,Very friendly owners on a lovely farm/village. We all loved watching the sheep being shiered.,The owners (hard working farmers) live across the road and are always accessible and communicative providing little treats and good local advice,The kids loved the lambs.,let our kids say hello to all the pet lambs on the farm
1027477,Best Farm Stay,2,10,10,10,24,0.083333333,8.849806235,9.309883741,09:29.2,36,163136,29:49.0,SykesPropertyID,SykesPark:0,SykesParkID,148058,1,236852,1,2,1,1,Friday,54.5623174,-1.7807693,,The North East,Badgers Sett,Current,Lodge,5,Ticks 1 to 5,2,5,0,0,516500,413500,"Winston, Durham",Other settlement,Durham,England,Winston,Yorkshire Dales,01/10/2021,10/12/2021,,,Unknown,Unknown,Unknown,0,18,Super Income Maximisation,,No,1,0,0,0,1,1,0,1,1,0,0,0,0,0,0,0,0,1,1,0,0,1,0,0,0,1,0,0,0,1,0,0,1,0,0,0,1,1,1,0,0,0,0,1,1,0,1,0,0,,review evidence only - manual review recommended,perfectly situated on a rural working farm,The farm setting is beautiful,,,
965922,Best Farm Stay,2,10,10,10,5,0.4,8.849806235,9.309883741,09:29.2,37,92977,02:44.0,SykesPropertyID,SykesPark:0,SykesParkID,89893,1,158763,1,2,1,2,Friday,50.8637298,-3.7044073,,Devon,Salters,Current,Barn conversion,4,Ticks 1 to 5,4,4,0,0,109500,280500,"Black Dog, Devon",Other settlement,Devon,England,Black Dog,Devon,08/09/2017,06/10/2017,,,Unknown,Unknown,Unknown,0,22,Partial Plus Income Maximisation,,No Option Assigned,1,1,1,0,1,0,0,0,1,0,0,0,0,0,0,1,0,0,0,0,0,0,0,0,0,1,0,0,0,1,0,0,1,0,0,0,0,1,1,0,1,0,0,0,0,0,0,0,0,,review evidence only - manual review recommended,professionally converted barn on a working farm,"The farm is down a single track road but we had no trouble getting down it, and all you can hear are the cows and birds.",,,
972754,Best Farm Stay,2,10,10,10,23,0.086956522,8.849806235,9.309883741,09:29.2,38,95867,34:21.0,SykesPropertyID,SykesPark:0,SykesParkID,96141,1,169626,1,1,1,1,Friday,53.9414524,-2.3839273,,North West & Lancashire,Saetr Cottage,Current,Semi detached,5,Ticks 1 to 5,2,5,0,0,449500,375500,"Bay Gate, Lancashire",Other settlement,Lancashire,England,Bay Gate,Cumbria & The Lake District,21/12/2017,21/12/2017,,,Unknown,Unknown,Unknown,0,20,Super Income Maximisation,,No Option Assigned,1,1,1,0,1,0,0,0,1,1,0,0,0,0,0,0,0,1,0,0,0,0,0,0,0,1,0,0,0,0,0,0,1,0,0,0,0,1,1,0,0,0,0,0,0,0,1,0,0,,review evidence only - manual review recommended,located in the middle of fields full of sheep and their lambs,it's situated in a farm,,,
968501,Best Farm Stay,2,10,10,10,24,0.083333333,8.849806235,9.309883741,09:29.2,39,129937,20:34.0,SykesPropertyID,SykesPark:0,SykesParkID,92782,1,164747,1,2,4,6,Friday,53.8820291,-2.5933253,,North West & Lancashire,Cuthbert Hill Farm,Current,Farm Stay,4,Ticks 1 to 5,12,4,0,0,441500,361500,"Hesketh Lane, Lancashire",Other settlement,Lancashire,England,Hesketh Lane,Cumbria & The Lake District,21/07/2020,01/12/2020,,,Unknown,Unknown,Unknown,0,15,Super Income Maximisation,24/03/2023,No Option Assigned,1,1,1,1,1,1,0,0,1,1,0,0,0,0,0,1,0,1,1,0,0,1,0,0,0,1,0,0,0,1,0,0,1,0,1,1,0,1,1,0,1,1,0,1,0,1,0,0,0,,review evidence only - manual review recommended,We had an amazing time at Cuthbert Hill Farm,We had a wonderful stay at Cuthbert Hill Farm,,,
931725,Best Farm Stay,2,10,10,10,15,0.133333333,8.849806235,9.309883741,09:29.2,40,62819,14:36.0,SykesPropertyID,SykesPark:0,SykesParkID,49096,1,97282,0,0,2,3,Friday,52.394111,-3.9471158,,Mid Wales,The Farmhouse,Current,House,5,Ticks 1 to 5,6,5,0,0,278500,267500,"Nantyronen Station, Ceredigion",Other settlement,Ceredigion,Wales,Nantyronen Station,Mid Wales,08/12/2016,23/12/2016,,,Unknown,Unknown,Unknown,0,20,Super Income Maximisation,24/11/2016,No Option Assigned,1,1,1,0,1,1,0,0,1,1,0,0,0,0,0,1,1,1,1,1,0,0,0,0,0,1,0,0,1,1,0,0,1,0,0,0,0,1,1,0,0,1,0,1,0,1,0,0,0,,review evidence only - manual review recommended,We had an excellent stay at the Farmhouse.,The warm welcome to the Farmhouse and its excellent facilities was much appreciated.,,,
974387,Best Farm Stay,2,10,10,10,6,0.333333333,8.849806235,9.309883741,09:29.2,41,96487,48:06.0,SykesPropertyID,SykesPark:0,SykesParkID,66387,1,171326,1,1,1,2,Saturday,54.2360716,-0.9140657,,North Yorkshire,Meadow Cottage,Current,Cottage,3,Ticks 1 to 5,4,3,0,0,484500,470500,"Great Edstone, North Yorkshire",Other settlement,North Yorkshire,England,Great Edstone,North York Moors & Coast,27/04/2018,27/04/2018,,,Unknown,Unknown,Unknown,0,20,Full Income Maximisation,,No Option Assigned,1,1,0,0,1,0,0,1,1,1,0,0,0,0,0,1,0,1,0,0,0,0,0,0,0,0,0,0,0,1,0,0,0,0,0,1,0,0,1,0,0,0,0,1,0,0,0,0,0,,review evidence only - manual review recommended,"comfortable, cosy, clean cottage on a working farm",We stayed during lambing season,,,
959671,Best Farm Stay,2,10,10,10,5,0.4,8.849806235,9.309883741,09:29.2,42,88747,59:26.0,SykesPropertyID,SykesPark:0,SykesParkID,62202,302,141858,1,1,1,1,Friday,50.1460707,-5.305225,,Cornwall,Courtyard,Current,Barn conversion,4,Ticks 1 to 5,2,4,0,0,32500,163500,"Nancegollan, Cornwall",Other settlement,Cornwall,England,Nancegollan,Cornwall,16/12/2014,16/12/2014,,,Unknown,Unknown,Unknown,0,20,Super Income Maximisation,,No,1,1,0,0,0,0,0,0,1,0,0,0,0,0,0,1,1,1,0,0,0,0,0,0,0,0,0,0,0,1,0,0,0,0,1,1,0,0,1,0,0,0,0,0,0,0,1,0,0,,review evidence only - manual review recommended,This was our 3rd stay at the farm,"It was lovely to see the Alpacas, goats and calves out of all the windows",,,
963864,Best Farm Stay,2,10,10,10,11,0.181818182,8.849806235,9.309883741,09:29.2,43,92113,52:01.0,SykesPropertyID,SykesPark:0,SykesParkID,78230,1,156692,0,0,1,2,Saturday,53.1411399,-2.1314763,,Peak District & Derbyshire,The Granary,Current,Cottage,4,Ticks 1 to 5,4,4,0,0,360500,390500,"Newtown, Staffordshire",Other settlement,Staffordshire,England,Newtown,Peak District,08/08/2017,08/08/2017,,,Unknown,Unknown,Unknown,0,20,Full Income Maximisation,,No Option Assigned,1,1,1,0,1,0,0,1,1,1,0,0,0,0,0,1,0,0,0,0,0,0,0,0,0,0,0,0,0,1,0,0,1,0,1,1,0,1,1,0,1,1,0,0,0,0,0,0,0,,review evidence only - manual review recommended,supervise our grandchildren bottle feeding new-born lambs and allowing them to collect newly laid eggs from under the hens,my children loved feeding the lambs and seeing the new born chickens,,,
986384,Best Farm Stay,2,10,10,10,10,0.2,8.849806235,9.309883741,09:29.2,44,107779,39:57.0,SykesPropertyID,SykesPark:0,SykesParkID,105362,1,184906,1,1,2,3,Saturday,52.5092901,-3.4112384,,Mid Wales,7evern @ Porth Farm,Current,House,4,Ticks 1 to 5,6,4,0,0,289500,304500,"Little London, Powys",Other settlement,Powys,Wales,Little London,Mid Wales,09/03/2019,21/04/2019,,,Unknown,Unknown,Unknown,0,18,Full Income Maximisation,,No Option Assigned,1,1,1,0,1,0,0,1,1,0,0,0,0,0,0,0,0,1,0,0,0,0,0,0,0,0,0,0,1,1,0,0,1,0,1,1,0,1,1,0,1,0,0,0,0,0,0,0,0,,review evidence only - manual review recommended,overlooking the farm,This was the second time staying on the farm. Lovely friendly people and animals.,,,
1119509,Best Farm Stay,2,10,10,10,11,0.181818182,8.849806235,9.309883741,09:29.2,45,,,,,,,,,,,,,,,,,,,,,,,,,,,,,,,,,,,,,,,,,,,,,,,,,,,,,,,,,,,,,,,,,,,,,,,,,,,,,,,,,,,,,,,,,,,,,,,,,no property data - manual review recommended,We enjoyed being able to share the owners sheep farm set in this lovely countryside location,Good to see sheep just outside the door,,,
1172799,Best Farm Stay,2,10,10,10,9,0.222222222,8.849806235,9.309883741,09:29.2,46,304850,16:28.0,SykesPropertyID,SykesPark:0,SykesParkID,289360,382,187061,1,3,8,10,Friday,50.7969592,-2.6607297,,Dorset,Stapleford Farm,Current,House,5,Ticks 1 to 5,20,5,0,0,100500,353500,"Hooke, Dorset",Other settlement,Dorset,England,Hooke,Dorset,17/04/2025,17/04/2025,,,Unknown,Unknown,Unknown,0,15,Super Income Maximisation,,No,1,0,1,1,1,0,0,1,1,1,1,0,0,0,0,1,0,1,1,0,0,1,0,0,0,1,0,0,1,1,0,0,1,0,0,0,0,1,1,0,0,1,0,1,0,0,0,0,0,,review evidence only - manual review recommended,the sheep and lambs were a bonus,Bridget the owner was very helpful and even invited the little ones to hold the baby lamb.,,,
1045600,Best Farm Stay,2,10,10,10,8,0.25,8.849806235,9.309883741,09:29.2,47,156809,47:33.0,SykesPropertyID,SykesPark:0,SykesParkID,165784,1,262105,1,4,2,3,Friday,53.7316888,-2.111026,,West & South Yorkshire,Rake Hey Farm,Current,Farm Stay,4,Ticks 1 to 5,6,4,0,0,425500,392500,"Lydgate, Calderdale",Other settlement,Calderdale,England,Lydgate,Yorkshire Dales,01/04/2022,01/04/2022,,,Unknown,Unknown,Unknown,0,20,Super Income Maximisation,,No,1,1,1,0,1,0,0,0,1,1,0,0,0,0,0,1,0,1,1,0,0,1,0,0,0,1,0,0,0,1,0,0,1,0,0,0,0,1,1,0,1,1,0,1,0,0,0,0,0,,review evidence only - manual review recommended,We thoroughly enjoyed our stay at Rake Hey Farm.,Such a privilege to stay at Rake Hey Farm.,,,
1149336,Best Farm Stay,2,10,10,10,16,0.125,8.849806235,9.309883741,09:29.2,48,276222,22:52.0,SykesPropertyID,SykesPark:0,SykesParkID,266592,389,586539,0,0,1,1,Saturday,52.8962706,-4.5560023,,North Wales,Ael-y-bryn,Current,Annex,4,Ticks 1 to 5,2,4,0,0,334500,228500,"Garnfadryn, Gwynedd",Other settlement,Gwynedd,Wales,Garnfadryn,North Wales,09/05/2024,11/05/2024,,,Unknown,Unknown,Unknown,0,15,Super Income Maximisation,,No,1,0,1,0,1,0,0,0,1,0,0,0,0,0,0,0,1,1,1,0,0,1,0,0,0,1,0,0,0,1,0,1,1,0,1,1,0,1,1,0,0,0,0,1,0,0,1,0,0,,review evidence only - manual review recommended,the chickens !!,They even showed us their recently hatched chicks!,,,
1159391,Best Farm Stay,2,10,10,10,29,0.068965517,8.849806235,9.309883741,09:29.2,49,288490,02:02.0,SykesPropertyID,SykesPark:0,SykesParkID,276445,1,614585,1,1,1,1,Friday,53.0809046,-3.43836,,North Wales,Cae Bach,Current,Hut/Pod/Yurt,5,Ticks 1 to 5,2,5,0,0,357500,305500,"Cyffylliog, Denbighshire",Other settlement,Denbighshire,Wales,Cyffylliog,North Wales,28/06/2024,05/07/2024,,,Unknown,Unknown,Unknown,0,16,Super Income Maximisation,,No,1,0,1,1,1,1,0,1,1,1,1,0,0,0,0,1,0,1,1,0,0,1,0,0,0,1,0,0,1,1,0,0,1,0,0,0,1,1,1,0,1,0,1,0,0,0,1,0,0,1,criteria met,the working farm,the pod is set on a family run farm,,,
1167301,Best Farm Stay,2,10,10,10,9,0.222222222,8.849806235,9.309883741,09:29.2,50,297985,04:26.0,SykesPropertyID,SykesPark:0,SykesParkID,284051,1,638419,1,2,1,2,Saturday,52.90561,-4.44447,,North Wales,Y Bwthyn,Current,Cottage,3,Ticks 1 to 5,4,3,0,0,337500,235500,"Llannor, Gwynedd",Other settlement,Gwynedd,Wales,Llannor,North Wales,11/12/2024,11/12/2024,,,Unknown,Unknown,Unknown,0,20,Full Income Maximisation,,No,1,1,0,1,1,1,0,0,1,0,0,1,0,0,1,0,1,0,1,0,0,1,0,0,0,1,0,1,1,0,0,0,1,0,0,1,0,1,1,0,0,1,0,1,0,0,0,0,0,,review evidence only - manual review recommended,the kids feed there farm animals,"We were absolutely delighted with the cottage, farm, staff and the on site facilities.",,,
1158114,Best Farm Stay,2,10,10,10,5,0.4,8.849806235,9.309883741,09:29.2,51,286825,22:19.0,SykesPropertyID,SykesPark:0,SykesParkID,275191,1,469820,1,1,1,1,Friday,51.632185,-2.815521,,South Wales,The Snug,Current,Holiday Cabin,3,Ticks 1 to 5,3,3,0,0,191500,343500,"Llanvaches, Newport",Other settlement,Newport,Wales,Llanvaches,South Wales,13/08/2024,19/08/2024,,,Unknown,Unknown,Unknown,0,15,Super Income Maximisation,,No,1,0,0,0,1,0,0,0,1,0,0,0,0,0,0,0,0,1,1,0,0,0,0,0,0,1,0,0,0,1,0,0,1,0,0,0,1,1,1,0,0,0,0,1,0,0,1,0,0,,review evidence only - manual review recommended,We particularly enjoyed the fresh eggs you gave us.,The girls fell in love with the friendly sheep who wander in the field and enjoyed collecting eggs from the hens.,,,
1138029,Best Farm Stay,2,10,10,10,13,0.153846154,8.849806235,9.309883741,09:29.2,52,234542,17:59.0,SykesPropertyID,SykesPark:0,SykesParkID,256468,1,59870,1,3,2,2,Friday,55.1875419,-1.9059415,,Northumberland,The Granary,Current,Cottage,5,Ticks 1 to 5,4,5,0,0,588500,407500,"Longwitton, Northumberland",Other settlement,Northumberland,England,Longwitton,Northumberland,29/06/2023,29/06/2023,,,Unknown,Unknown,Unknown,0,15,Super Income Maximisation,27/08/2024,No,1,1,1,0,1,0,0,0,1,0,0,0,0,0,0,1,0,1,1,0,0,1,0,0,0,1,0,1,0,1,0,0,1,0,0,1,0,1,1,0,0,1,0,1,0,0,0,0,0,,review evidence only - manual review recommended,waking up to the horses and cattle in the field outside,collecting fresh milk and passing all the animals,,,
920332,Best Farm Stay,2,10,10,10,19,0.105263158,8.849806235,9.309883741,09:29.2,53,89992,59:05.0,SykesPropertyID,SykesPark:0,SykesParkID,30855,1,99668,1,3,7,7,Friday,53.0306328,-1.4273858,,Peak District & Derbyshire,Strelley Court Farm,Current,House,4,Ticks 1 to 5,16,4,0,0,348500,438500,"Morley Park, Derbyshire",Other settlement,Derbyshire,England,Morley Park,Peak District,01/08/2017,25/08/2017,,,Unknown,Unknown,Unknown,0,18,Super Income Maximisation,,No Option Assigned,1,1,1,1,1,0,0,0,1,0,0,0,0,0,0,1,0,0,0,0,0,0,0,0,0,1,0,0,0,0,0,0,1,0,1,1,1,1,1,0,0,1,0,0,0,0,0,0,0,,review evidence only - manual review recommended,the kids loved going to see the cows and donkeys in the field behind the house.,We really enjoyed our time at Strelly Court farm.,,,
934512,Best Farm Stay,2,10,10,10,19,0.105263158,8.849806235,9.309883741,09:29.2,54,79497,34:21.0,SykesPropertyID,SykesPark:0,SykesParkID,75011,1,115720,1,1,1,1,Saturday,50.9910016,-3.7140379,,Devon,Jack's Nest,Current,Detached,4,Ticks 1 to 5,2,4,0,0,121500,278500,"Rose Ash, Devon",Other settlement,Devon,England,Rose Ash,Devon,22/06/2016,01/01/2017,,,Unknown,Unknown,Unknown,0,20,Full Income Maximisation,,No Option Assigned,1,1,1,0,1,0,0,1,0,0,0,0,0,0,0,1,0,1,0,1,0,0,0,0,0,1,0,0,0,1,0,0,1,0,0,1,1,0,1,0,1,0,0,1,0,0,0,0,0,,review evidence only - manual review recommended,We enjoyed watching the activities on the farm in the mornings,Poadmarsh Farm,,,
1017039,Best Farm Stay,2,10,10,10,11,0.181818182,8.849806235,9.309883741,09:29.2,55,121163,36:42.0,SykesPropertyID,SykesPark:0,SykesParkID,139015,1,223710,1,2,2,3,Friday,52.9805213,-4.2207955,,North Wales,Pen Y Braich Uchaf,Current,Cottage,4,Ticks 1 to 5,6,4,0,0,343500,250500,"Dolbenmaen, Gwynedd",Other settlement,Gwynedd,Wales,Dolbenmaen,North Wales,05/11/2019,15/11/2019,,,Unknown,Unknown,Unknown,0,18,Super Income Maximisation,,Part - Cleaning Only,0,1,1,0,1,0,0,1,1,1,0,0,0,0,0,1,1,1,1,1,0,0,0,0,0,1,0,0,0,1,0,0,1,0,1,1,1,1,1,0,1,1,0,0,0,0,0,0,0,,review evidence only - manual review recommended,the sheep made our holiday truly special,Loved watching them work the farm,,,
1008676,Best Farm Stay,2,10,10,10,9,0.222222222,8.849806235,9.309883741,09:29.2,56,115504,44:38.0,SykesPropertyID,SykesPark:0,SykesParkID,130665,1,213122,1,1,1,1,Friday,50.472597,-4.233083,,Devon,Chapel Pod,Current,Hut/Pod/Yurt,4,Ticks 1 to 5,2,4,0,0,67500,241500,"Bohetherick, Cornwall",Other settlement,Cornwall,England,Bohetherick,Cornwall,25/04/2019,25/04/2019,,,Unknown,Unknown,Unknown,0,20,Super Income Maximisation,,No,1,0,0,0,1,0,0,0,1,0,0,0,0,0,0,0,0,0,1,0,0,0,0,0,0,1,0,0,1,1,0,1,1,0,0,0,1,1,1,0,1,0,0,0,0,0,1,0,1,,review evidence only - manual review recommended,the farm dog Kim was lovely,i hear the birds and farm animals,,,
1008677,Best Farm Stay,2,10,10,10,7,0.285714286,8.849806235,9.309883741,09:29.2,57,115452,48:02.0,SykesPropertyID,SykesPark:0,SykesParkID,130666,1,213126,1,1,1,1,Saturday,50.1567482,-5.2180982,,Cornwall,The Old Cows House,Current,Cottage,4,Ticks 1 to 5,2,4,0,0,33500,170500,"Medlyn, Cornwall",Other settlement,Cornwall,England,Medlyn,Cornwall,09/07/2019,09/07/2019,,,Unknown,Unknown,Unknown,0,18,Super Income Maximisation,,No,1,0,0,0,1,0,0,0,1,0,0,0,0,0,0,1,1,1,1,0,0,0,0,0,0,1,0,0,0,1,0,0,1,0,0,0,0,1,1,0,0,0,0,1,0,0,0,0,0,,review evidence only - manual review recommended,was aloud to go and see the most beautiful cows and a baby calf,Lovely setting on working farm.,,,
1011706,Best Farm Stay,2,10,10,10,9,0.222222222,8.849806235,9.309883741,09:29.2,58,225079,45:42.0,SykesPropertyID,SykesPark:0,SykesParkID,133685,1,216814,1,2,1,3,Friday,58.307347,-3.2567179,,Scottish Highlands,Station House,Current,House,4,Ticks 1 to 5,6,4,0,0,937500,325500,"Upper Lybster, Highland",Other settlement,Highland,Scotland,Upper Lybster,Highlands and Islands,27/04/2023,27/04/2023,,,Unknown,Unknown,Unknown,0,18,Super Income Maximisation,,No,1,1,1,0,1,1,0,0,1,1,0,0,0,0,0,1,1,1,1,0,0,0,0,0,0,1,0,0,0,1,0,0,1,0,1,1,1,1,1,0,1,1,0,1,0,0,0,0,0,,review evidence only - manual review recommended,watching the cows and sheep,cows & sheep for our neighbours,,,
1151058,Best Farm Stay,5,9.4,10,9.9,13,0.384615385,8.879844988,9.307906993,09:29.2,59,278032,14:46.0,SykesPropertyID,SykesPark:0,SykesParkID,268283,389,589419,1,2,1,1,Friday,53.1665457,-4.3347032,,HP - Wales Anglesey Coastal,Tal Sarn Shepherd Hut,Current,Hut/Pod/Yurt,2,Ticks 1 to 5,2,2,1,0,366500,244500,"Dwyran, Isle of Anglesey",Other settlement,Isle of Anglesey,Wales,Dwyran,North Wales,05/03/2024,29/03/2024,,,Unknown,Unknown,Unknown,0,18,Super Income Maximisation,,No,0,0,1,0,1,0,0,1,1,0,0,0,0,0,0,0,1,1,1,0,0,1,0,0,0,1,0,0,0,1,0,0,1,0,0,0,1,1,1,0,0,0,1,1,0,0,0,0,0,1,criteria met,I adore that this working farm is supporting their local community with various activities.,"Goats, sheep, chickens and horses to look at.",On a therapy farm with horses goats sheep lambs and chickens outside the door.,It was pure privilege & delight to observe up close the daily routine & workings of this unique alternative kind of farm.,"Beautiful lodge on a beautiful farm, thank you so much to the lovely hosts. We were welcomed warmly, with a hamper filled with goodies, and also received some fresh eggs from the chickens that went down for a treat."
982216,Best Farm Stay,7,9.285714286,10,9.857142857,16,0.4375,8.893980872,9.307817095,09:29.2,60,103288,18:11.0,SykesPropertyID,SykesPark:0,SykesParkID,78570,1,179939,1,2,2,3,Friday,51.1172881,-3.4159609,,Somerset,The Cottage,Current,Cottage,4,Ticks 1 to 5,6,4,0,0,136500,301500,"Treborough, Somerset",Other settlement,Somerset,England,Treborough,Somerset,09/07/2018,05/01/2019,,,Unknown,Unknown,Unknown,0,20,Super Income Maximisation,,No Option Assigned,1,1,1,0,1,0,0,0,1,1,0,0,0,0,0,1,1,1,0,1,1,0,0,0,0,1,0,0,0,1,0,0,1,0,1,1,0,1,0,0,0,1,0,0,0,0,0,0,0,,review evidence only - manual review recommended,Genuine and friendly hosts on this working farm.,A beautiful working farm.,we were allowed to get a real insight into the sheep farm and what's involved and found it all fascinating,The property is on a small sheep farm which adds to the interest as the day to day activities are carried out.,The Cottage is in an idyllic and peaceful valley on a working farm.
2987,Best Farm Stay,7,9.142857143,10,10,21,0.333333333,8.835157342,9.301094405,09:29.2,61,55841,27:42.0,SykesPropertyID,SykesPark:0,SykesParkID,518,1,60841,1,2,1,3,Saturday,53.1006832,-3.7671486,,HP - Wales Snowdonia,Ty Nant,Current,Detached,4,Ticks 1 to 5,7,4,1,0,358500,282500,"Nant-y-Rhiw, Conwy",Other settlement,Conwy,Wales,Nant-y-Rhiw,North Wales,08/05/2009,16/05/2009,,,Unknown,Unknown,Unknown,0,16,Full Income Maximisation,,No Option Assigned,1,1,0,1,1,0,0,1,1,1,1,0,0,0,0,1,0,1,0,1,1,0,0,0,0,0,0,0,1,0,0,0,1,0,1,1,0,1,1,0,1,1,1,0,0,0,0,0,0,1,criteria met,on a working farm,It’s a working farm so expect to see and hear the farmer on his daily looking after his stock.,"letting them roam around the farm collecting eggs, meeting the animals and nosing about",being on a working farm seeing the sheep and the cows we just loved,It's a working farm but very peaceful
1162125,Best Farm Stay,8,9.375,10,9.625,24,0.333333333,8.955426379,9.298255827,09:29.2,62,,,,,,,,,,,,,,,,,,,,,,,,,,,,,,,,,,,,,,,,,,,,,,,,,,,,,,,,,,,,,,,,,,,,,,,,,,,,,,,,,,,,,,,,,,,,,,,,,no property data - manual review recommended,"fresh duck eggs, butter, milk",enjoying the orchards and animals that are in the grounds,"Loved his ducks, alpacas and emus!","we enjoyed meeting the llamas, rheas and ducks","the starterspack with milk ,bread and eggs from their own ducks"
981715,Best Farm Stay,14,9.142857143,10,9.714285714,28,0.5,8.924903118,9.297799013,09:29.2,63,105764,59:03.0,SykesPropertyID,SykesPark:0,SykesParkID,103177,1,179491,1,1,1,1,Friday,54.063271,-2.31221,,Yorkshire Dales,Rushton Barn,Current,Barn conversion,4,Ticks 1 to 5,2,4,0,0,465500,378500,"Lawkland Green, North Yorkshire",Other settlement,North Yorkshire,England,Lawkland Green,Yorkshire Dales,19/09/2018,02/11/2018,,,Unknown,Unknown,Unknown,0,17,Partial Income Maximisation,,No Option Assigned,1,1,1,0,1,0,0,0,1,1,0,0,0,0,0,1,0,0,0,0,0,0,1,0,0,0,0,0,0,0,0,0,1,0,0,0,0,1,1,0,0,0,0,0,0,0,0,0,0,,review evidence only - manual review recommended,they even provided food for the alpacas who came to the window to be fed,my partner fed the all Alpacas every day,feeding the Alpacas,You will love the Alpacas in the next field,The alpacas were amazing
1138166,Best Farm Stay,6,9.166666667,10,10,17,0.352941177,8.824854676,9.294912806,09:29.2,64,234757,10:21.0,SykesPropertyID,SykesPark:0,SykesParkID,256589,1,550880,0,0,2,2,Saturday,51.1410164,0.610523,,South East,The Milking Parlour,Current,House,4,Ticks 1 to 5,4,4,0,0,140500,583500,"Buckhurst, Kent",Other settlement,Kent,England,Buckhurst,South Coast,23/10/2023,01/01/2024,,,Unknown,Unknown,Unknown,0,18,Super Income Maximisation,,No,1,1,1,0,1,0,0,1,1,1,0,0,0,0,0,0,0,1,0,0,0,1,0,0,0,1,0,0,0,1,0,1,1,0,0,0,1,1,1,0,1,1,0,1,0,0,0,0,0,,review evidence only - manual review recommended,The milking parlour was just beautiful and felt so welcoming.,taking time to take us on a very informative tour of the farm,seeing lots of rare breed sheep and their baby lambs not to mention ginger and biscuit the two pigs,We loved their friendly pigs too.,My son loved watching the animals and Kim was very kind to allow him to feed them.
963658,Best Farm Stay,8,9.25,10,9.75,23,0.347826087,8.899870823,9.289922494,09:29.2,65,93886,50:01.0,SykesPropertyID,SykesPark:0,SykesParkID,82828,1,136727,1,4,1,1,Friday,50.715844,-4.430309,,Devon,Lower West Curry Cottage,Current,Cottage,4,Ticks 1 to 5,2,4,0,0,93500,228500,"West Curry, Cornwall",Other settlement,Cornwall,England,West Curry,Cornwall,07/02/2018,17/03/2018,,,Unknown,Unknown,Unknown,0,18,Super Income Maximisation,,No Option Assigned,1,1,1,0,1,0,0,1,0,0,0,0,0,0,0,1,0,1,0,0,0,0,0,0,0,1,0,0,0,1,0,0,1,0,0,0,0,1,1,0,1,0,1,1,0,0,1,0,0,1,criteria met,"sheep and pigs at the bottom of the garden and geese, ducks and chickens in the farm yard","It was a joy to watch the ducks and geese every morning and meeting the pigs, cows and sheep.",the property is on a working farm so upon our arrival we were greeted by lots of free range ducks which was lovely & we had pigs & sheep behind the back garden,seeing all the animals and watching the ducks every morning,relax watching the birds and the pigs
1160120,Best Farm Stay,5,9.4,10,9.8,7,0.714285714,8.879844988,9.287906993,09:29.2,66,,,,,,,,,,,,,,,,,,,,,,,,,,,,,,,,,,,,,,,,,,,,,,,,,,,,,,,,,,,,,,,,,,,,,,,,,,,,,,,,,,,,,,,,,,,,,,,,,no property data - manual review recommended,"we'd love to return. The cottage is beautiful and comfortable. We really appreciated Bill taking the time to show us the cows, as we know how busy he is. We certainly have a new appreciation of those such as Bill and Mary, who work so hard to get our food to the table, no matter what the weather, season or the many other challenges affecting farmers today. We enjoyed seeing the sheep and horse every day",this lovely farm cottage. its a great place to stay if you want to chill with just the usual farm noises of sheep otherwise peaceful. Bill will even introduce you to some of his cows if you ask!. these are on a working farm.,"The Beautiful location of this working Farm, owned by the most friendly and accomodating hosts' Bill & Mary.","Remember, this is on a farm so you may hear dogs barking, sheep, cows and horses making some weird noises at night, but that’s why we wanted to stay on a farm.",Lovely seeing the lambs skipping about in the field.
4560,Best Farm Stay,5,9.4,10,9.8,15,0.333333333,8.879844988,9.287906993,09:29.2,67,50956,17:59.0,SykesPropertyID,SykesPark:0,SykesParkID,2302,1,61777,1,2,1,1,Friday,54.7855132,-2.9226978,,Cumbria West of M6,Nuthatch,Current,Semi detached,4,Ticks 1 to 5,2,4,0,0,543500,341500,"Ivegill, Cumbria",Other settlement,Cumbria,England,Ivegill,Cumbria & The Lake District,01/03/2011,01/05/2011,,,Unknown,Unknown,Unknown,0,20,Super Income Maximisation,,No Option Assigned,1,1,1,0,1,0,0,1,1,1,0,0,0,0,0,0,0,1,0,1,0,0,0,0,0,0,0,0,0,0,0,0,1,0,1,1,0,1,1,0,0,0,1,1,0,0,0,0,0,1,criteria met,considering it is a working dairy farm,Lovely cottage on a working dairy farm.,This is a lovely little property set on a working farm,"The Nuthatch, while being situated on a beautiful farm",Nuthatch which is on a farm in lovely surroundings
950567,Best Farm Stay,5,9.4,10,9.8,7,0.714285714,8.879844988,9.287906993,09:29.2,68,86302,45:12.0,SykesPropertyID,SykesPark:0,SykesParkID,87344,1,131436,1,5,2,3,Saturday,53.2986768,-4.6547475,,HP - Wales Anglesey Coastal,Bran Goesgoch,Current,Detached,4,Ticks 1 to 5,6,4,1,0,380500,222500,"Penrhosfeilw, Isle of Anglesey",Other settlement,Isle of Anglesey,Wales,Penrhosfeilw,North Wales,27/03/2017,27/03/2017,,,Unknown,Unknown,Unknown,0,18,Fixed Prices,,No Option Assigned,1,1,1,0,1,1,0,1,1,0,0,0,0,0,0,1,0,0,0,1,0,0,0,0,0,1,0,0,0,0,0,0,1,0,1,1,1,1,1,0,1,1,0,1,0,0,0,0,0,,review evidence only - manual review recommended,"centre of a working farm in a beautiful location right next to South Stack. Grandson loved the animals, especially the donkeys which he fed daily.",Lovely property on working farm,wonderful donkeys to pet,"we are from farming backgrounds, so it was home from home",It was lovely to be able to take our dog with us - he really enjoyed meeting all of the animals on the farm!
1004923,Best Farm Stay,5,9.4,10,9.8,17,0.294117647,8.879844988,9.287906993,09:29.2,69,115453,30:30.0,SykesPropertyID,SykesPark:0,SykesParkID,122115,1,206315,1,2,1,2,Saturday,54.40511,-3.05579,,HP Lake District,Tilberthwaite Farm Cottage,Current,Cottage,4,Ticks 1 to 5,4,4,1,0,503500,331500,"Little Langdale, Cumbria",Other settlement,Cumbria,England,Little Langdale,Cumbria & The Lake District,17/05/2019,18/05/2019,,,Unknown,Unknown,Unknown,0,18,Super Income Maximisation,,No,1,1,1,0,1,1,0,0,1,0,0,0,0,0,0,1,0,1,0,0,1,0,0,0,0,1,1,0,0,1,0,0,1,0,1,1,0,1,1,0,1,1,0,0,0,0,0,0,0,,review evidence only - manual review recommended,The kids love watching the farmer and the lambs.,Lovely little working farm with owners on hand if needed.,the cottage is on a working farm,Very interesting staying on a busy working farm but still private.,Absolutely loved being on a working farm
967949,Best Farm Stay,7,9.428571429,10,9.571428571,13,0.538461539,8.952804401,9.285968355,09:29.2,70,93634,55:54.0,SykesPropertyID,SykesPark:0,SykesParkID,74573,1,158625,1,2,2,3,Friday,50.9420907,-1.8227643,,Dorset,The Old Cart Shed,Current,Cottage,4,Ticks 1 to 5,6,4,0,0,115500,412500,"Sandleheath, Hampshire",Other settlement,Hampshire,England,Sandleheath,South Coast,03/10/2016,03/10/2016,,,Unknown,Unknown,Unknown,0,17,Super Income Maximisation,,No Option Assigned,1,1,1,0,1,0,0,0,0,0,0,0,0,0,0,1,0,0,0,0,0,0,0,0,0,0,0,0,0,0,0,0,1,0,0,1,0,1,1,0,0,0,0,0,0,0,0,0,0,,review evidence only - manual review recommended,this is a working farm with old rural buildings,the girls had so much fun with the animals,it is a brilliant place on a Working farm,Lovely cottage on a beautiful farm,you are on a farm
953717,Best Farm Stay,14,9.142857143,10,9.642857143,21,0.666666667,8.924903118,9.283513299,09:29.2,71,90504,44:32.0,SykesPropertyID,SykesPark:0,SykesParkID,53187,1,86285,1,2,1,2,Saturday,51.0073192,-3.7680506,,Devon,Elworthy View,Current,Semi detached,4,Ticks 1 to 5,4,4,0,0,125500,275500,"Garliford, Devon",Other settlement,Devon,England,Garliford,Devon,20/06/2017,20/06/2017,,,Unknown,Unknown,Unknown,0,18,Super Income Maximisation,,No Option Assigned,1,0,1,0,1,0,0,1,1,0,0,0,0,0,0,1,0,0,0,0,0,0,0,0,0,1,0,0,0,0,0,0,1,0,0,0,0,1,1,0,1,0,0,0,0,0,0,0,0,,review evidence only - manual review recommended,the farm dogs were adorable,as this is a working farm you would expect them,Situated on a working farm,Lovely farm location. It was lambing season so we enjoyed seeing them at the back of our garden.,Being on a working farm we were not disturbed by noise and the farm dogs made us feel even more welcome.
1171026,Best Farm Stay,4,9.25,10,10,6,0.666666667,8.799833916,9.279900349,09:29.2,72,302542,24:19.0,SykesPropertyID,SykesPark:0,SykesParkID,287670,1,645130,0,0,2,2,Friday,52.9648589,-0.5932538,,Lincolnshire,Alpaca Lodge,Current,Lodge,4,Ticks 1 to 5,6,4,0,0,343500,494500,"Honington, Lincolnshire",Other settlement,Lincolnshire,England,Honington,East Anglia,17/03/2025,08/08/2025,,,Unknown,Unknown,Unknown,0,17,Super Income Maximisation,,No,1,1,1,0,1,1,0,0,1,0,0,0,0,0,0,1,0,1,1,0,0,1,0,0,0,1,0,0,0,1,0,1,1,0,0,1,1,1,1,0,0,1,1,1,1,0,0,0,0,1,criteria met,the Alpacas and Horses bliss,the Alpacas as so cute and friendly,We loved the alpacas,The alpacas were really friendly and loved having us near them,
1138003,Best Farm Stay,4,9.25,10,10,14,0.285714286,8.799833916,9.279900349,09:29.2,73,234475,09:06.0,SykesPropertyID,SykesPark:0,SykesParkID,256398,1,550689,1,3,3,4,Friday,53.9566353,-0.576576,,East Yorkshire,Bailey house,Current,Cottage,5,Ticks 1 to 5,8,5,0,0,452500,493500,"North Dalton, East Riding of Yorkshire",Other settlement,East Riding of Yorkshire,England,North Dalton,North York Moors & Coast,18/07/2023,05/01/2024,,,Unknown,Unknown,Unknown,0,15,Super Income Maximisation,,No,1,1,1,0,1,0,0,0,1,1,0,0,0,0,1,1,0,1,1,0,0,1,1,0,0,1,0,0,0,1,0,0,1,0,1,1,0,0,1,0,0,1,0,1,0,0,0,0,0,,review evidence only - manual review recommended,Olly was the perfect host offering us produce from the kitchen garden.,"we enjoyed the produce from the walled garden, particularly the russet apples",had veg and fruit and which you could help yourself to strawberrys,There's a walled garden where you can help yourself to the fruit and veg.,
976051,Best Farm Stay,4,9.25,10,10,12,0.333333333,8.799833916,9.279900349,09:29.2,74,98325,26:03.0,SykesPropertyID,SykesPark:0,SykesParkID,97578,343,173026,1,2,2,2,Friday,50.8294861,-3.1632072,,Devon,Whitcombe Cottage,Current,Cottage,4,Ticks 1 to 5,4,4,0,0,103500,318500,"Monkton, Devon",Other settlement,Devon,England,Monkton,Devon,01/11/2000,01/11/2000,,,Unknown,Unknown,Unknown,0,16,Super Income Maximisation,,No,1,1,1,0,1,0,0,0,1,1,0,0,0,0,0,0,0,1,0,0,0,0,0,0,0,1,0,0,0,1,0,0,0,0,1,1,0,0,1,0,1,1,1,0,0,0,0,0,0,1,criteria met,it was motivating to hear how they juggle their busy lives with the running of a sustainable farm,it was fun seeing and being involved in some of the farm work,a quiet rural location on a small farm,Whitcombe cottage is a gem of a place! Quietly located on the owner's farm,
961463,Best Farm Stay,4,9.25,10,10,10,0.4,8.799833916,9.279900349,09:29.2,75,104713,00:56.0,SykesPropertyID,SykesPark:0,SykesParkID,120280,1,145735,0,0,2,2,Friday,54.2084108,-2.5649934,,Cumbria East of M6,Damson Barn,Current,Cottage,5,Ticks 1 to 5,4,5,0,0,479500,362500,"Casterton, Cumbria",Other settlement,Cumbria,England,Casterton,Cumbria & The Lake District,31/07/2018,03/08/2018,,,Unknown,Unknown,Unknown,0,22,Partial Plus Income Maximisation,,No Option Assigned,1,1,1,0,1,1,0,0,1,1,0,0,0,0,0,1,0,1,0,0,0,0,0,0,0,1,0,0,0,0,0,0,1,0,0,1,0,1,1,0,0,1,0,0,0,0,0,0,0,,review evidence only - manual review recommended,enjoyed seeing the sheep pony and dogs,meeting the first born triplet lambs of the year,lambing happening during our visit,We had the privilege of seeing a lamb being born on their farm,
1110749,Best Farm Stay,4,9.25,10,10,11,0.363636364,8.799833916,9.279900349,09:29.2,76,202425,55:54.0,SykesPropertyID,SykesPark:0,SykesParkID,231657,1,464286,0,0,2,3,Saturday,56.049235,-4.565938,,HP The Trossachs,The Old Farmhouse,Current,House detached,4,Ticks 1 to 5,6,4,1,0,686500,242500,"Gartocharn, West Dunbartonshire",Other settlement,West Dunbartonshire,Scotland,Gartocharn,Southern Scotland,28/12/2014,28/12/2014,,,Unknown,Unknown,Unknown,0,20,Super Income Maximisation,,No,1,1,0,0,1,0,0,0,1,1,0,0,0,0,0,1,0,1,1,1,0,0,0,0,0,0,0,0,0,1,0,1,1,0,0,1,0,0,1,0,0,1,1,0,0,0,0,0,0,1,criteria met,This was our second visit this year to Portnellan Farm.,We enjoyed taking a short walk around the farm,"This is a working farm, so we were fascinated with what went on.",Really enjoyed chatting with the owner and visiting the cows too.,
1018375,Best Farm Stay,4,9.25,10,10,10,0.4,8.799833916,9.279900349,09:29.2,77,127239,18:26.0,SykesPropertyID,SykesPark:0,SykesParkID,140349,1,225541,0,0,1,1,Friday,53.2410772,-3.2545068,,North Wales,Ash Farm Cottage,Current,Cottage,4,Ticks 1 to 5,2,4,0,0,371500,316500,"Lixwm, Flintshire",Other settlement,Flintshire,Wales,Lixwm,North Wales,29/01/2020,14/02/2020,,,Unknown,Unknown,Unknown,0,18,Partial Plus Income Maximisation,,No,1,0,1,0,1,0,0,0,1,0,0,0,0,0,0,1,1,1,1,0,0,1,0,0,0,1,1,0,0,1,0,1,0,0,0,0,0,0,1,0,1,0,0,0,0,0,1,0,0,,review evidence only - manual review recommended,the friendly pets on the farm made our stay even better,her 'eggs' are so good,We had a wonderful stay at Ash Farm!,We had a great week at Ash Farm.,
23330,Best Farm Stay,4,9.25,10,10,16,0.25,8.799833916,9.279900349,09:29.2,78,54284,10:53.0,SykesPropertyID,SykesPark:0,SykesParkID,16639,1,79482,1,2,2,3,Friday,53.5229667,-1.6734342,,Peak District & Derbyshire,Bullace Barn,Current,Detached,4,Ticks 1 to 5,7,4,0,0,403500,421500,"Royd, Barnsley",Other settlement,Barnsley,England,Royd,Peak District,28/03/2013,28/03/2013,,,Unknown,Unknown,Unknown,0,16,Full Income Maximisation,,No Option Assigned,1,1,1,1,1,0,0,1,1,0,1,0,0,0,0,1,0,1,0,0,0,0,1,1,0,0,0,0,0,0,0,0,1,0,0,1,0,0,1,0,1,1,1,0,0,0,0,0,0,1,criteria met,welcome hamper with fresh eggs from their free range chickens,the horses coming up to the kitchen window were both a surprise and a joy,quiet and peaceful in a farm setting,We enjoyed visiting the horses and ponies on site,
3591,Best Farm Stay,4,9.25,10,10,11,0.363636364,8.799833916,9.279900349,09:29.2,79,48499,34:53.0,SykesPropertyID,SykesPark:0,SykesParkID,664,1,59264,1,2,3,4,Friday,52.56411,-2.6945263,,Shropshire & Telford,The Olde Cow House,Current,Semi detached,4,Ticks 1 to 5,11,4,0,0,296500,352500,"Plaish, Shropshire",Other settlement,Shropshire,England,Plaish,Heart of England,23/07/2009,08/08/2009,,,Unknown,Unknown,Unknown,0,15,Full Income Maximisation,,No Option Assigned,1,1,0,1,1,1,0,1,1,1,1,0,0,0,1,1,0,1,0,0,0,0,0,0,0,0,0,0,0,0,0,0,1,0,1,1,0,1,1,0,1,1,1,1,0,1,0,0,0,1,criteria met,farm animals to feed,The animals are an added bonus.,Plaish Farm was fantastic... visiting the animals,This was only surpassed by the feeding of the animals and the daily excitement of retrieving the chickens’ eggs.,
1095469,Best Farm Stay,4,9.25,10,10,23,0.173913044,8.799833916,9.279900349,09:29.2,80,180832,06:31.0,SykesPropertyID,SykesPark:0,SykesParkID,214874,302,409650,1,1,1,2,Friday,50.394236,-4.7476122,,Cornwall,Bumblebee Cottage,Current,Cottage,4,Ticks 1 to 5,4,4,0,0,58500,204500,"Bodiggo, Cornwall",Other settlement,Cornwall,England,Bodiggo,Cornwall,18/07/2024,22/07/2024,,,Unknown,Unknown,Unknown,0,17,Super Income Maximisation,,No,1,1,1,0,1,0,0,0,1,1,0,0,0,0,0,1,1,1,1,0,0,1,0,0,0,1,0,0,0,1,0,0,1,0,1,1,0,1,1,0,1,1,0,1,0,0,0,0,0,,review evidence only - manual review recommended,the eggs from your lovely hens were delicious,even provided eggs from the chicken,tasty free range eggs from there own rescue chickens,"fresh eggs produced by the resident, former battery hens",
1120037,Best Farm Stay,4,9.25,10,10,26,0.153846154,8.799833916,9.279900349,09:29.2,81,211247,42:42.0,SykesPropertyID,SykesPark:0,SykesParkID,238996,1,383036,0,0,1,2,Friday,50.8446247,-3.0699444,,Devon,The Hayloft,Current,Cottage,4,Ticks 1 to 5,4,4,0,0,104500,324500,"Stockland, Devon",Other settlement,Devon,England,Stockland,Devon,23/05/2023,22/05/2023,,,Unknown,Unknown,Unknown,0,15,Full Income Maximisation,,No,1,1,1,0,1,1,0,0,0,1,0,0,0,0,0,1,0,0,0,0,0,0,0,0,0,1,0,0,0,1,0,1,1,0,0,1,1,0,1,0,0,0,0,1,0,0,1,0,0,,review evidence only - manual review recommended,I can't forget the fresh brown eggs that are supplied from Sara & Ozgood's chickens on-site,our boys loved feeding the chickens,"fresh eggs from their hens, some milk from the local dairy farm",Our girls loved visiting the chickens and watching the cows in the field,
1033599,Best Farm Stay,4,9.5,10,9.75,8,0.5,8.871262487,9.272757492,09:29.2,82,124880,58:34.0,SykesPropertyID,SykesPark:0,SykesParkID,154186,302,242641,1,1,1,2,Thursday,50.8822144,-4.5202287,,HP Cornwall Coast,The Stable,Current,Cottage,3,Ticks 1 to 5,4,3,1,0,110500,222500,"Stibb, Cornwall",Other settlement,Cornwall,England,Stibb,Cornwall,03/07/2020,11/07/2020,,,Unknown,Unknown,Unknown,0,20,Super Income Maximisation,,No,1,1,0,0,1,0,0,1,1,0,0,0,0,0,0,1,1,1,1,0,0,1,0,0,0,1,0,0,0,1,0,0,1,0,1,1,0,1,1,0,0,1,1,1,0,0,0,0,0,1,criteria met,the farmers were very friendly and helpful,felt really warm & cosy and was very much in keeping with rustic farm environment,set in the Bude countryside on a working farm,"like they created a wonderful holiday spot, then added a dairy farm!",
952648,Best Farm Stay,4,9.5,10,9.75,7,0.571428571,8.871262487,9.272757492,09:29.2,83,86601,02:09.0,SykesPropertyID,SykesPark:0,SykesParkID,71857,1,134865,1,2,2,2,Friday,51.0022924,-4.4420492,,HP Devon North Coast,The Dovecote,Current,Bungalow,3,Ticks 1 to 5,4,3,1,0,126500,229500,"Mouth Mill, Devon",Other settlement,Devon,England,Mouth Mill,Devon,17/03/2017,07/04/2017,,,Unknown,Unknown,Unknown,0,22,Super Income Maximisation,,No Option Assigned,1,1,1,0,1,0,0,1,1,0,0,0,0,0,0,1,1,0,0,0,0,0,0,0,0,1,0,0,0,1,0,0,1,0,0,0,0,1,1,0,0,1,0,0,0,0,0,0,0,,review evidence only - manual review recommended,"enjoyed the sheep, came to see us when we sitting outside",beautiful location on a sheep farm,it's on a working farm,Great holiday let on a farm.,
1101150,Best Farm Stay,4,9.5,10,9.75,14,0.285714286,8.871262487,9.272757492,09:29.2,84,187583,58:25.0,SykesPropertyID,SykesPark:0,SykesParkID,220440,1,428488,1,1,1,2,Friday,51.6070137,-2.2163951,,Heart of England,The Coach House,Current,Cottage,5,Ticks 1 to 5,4,5,0,0,189500,385500,"Westonbirt, Gloucestershire",Other settlement,Gloucestershire,England,Westonbirt,Cotswolds,07/07/2022,01/08/2022,,,Unknown,Unknown,Unknown,0,18,Super Income Maximisation,,No,1,1,1,0,1,1,0,0,1,1,0,0,0,0,0,0,0,1,1,0,1,1,0,0,0,1,0,0,0,1,0,0,1,0,0,0,0,1,1,0,0,1,0,1,0,0,0,0,0,,review evidence only - manual review recommended,the owners were really lovely and even invited our boys to collect eggs from the hen house and feed the donkeys,enjoyed meeting the donkeys,we loved meeting the donkeys and the sheep,access to a lovely garden with donkeys and chickens,
1160119,Best Farm Stay,4,9.5,10,9.75,6,0.666666667,8.871262487,9.272757492,09:29.2,85,,,,,,,,,,,,,,,,,,,,,,,,,,,,,,,,,,,,,,,,,,,,,,,,,,,,,,,,,,,,,,,,,,,,,,,,,,,,,,,,,,,,,,,,,,,,,,,,,no property data - manual review recommended,watching the animals as we sat in the garden connected to the property,We loved all the animals on the farm.,it was lovely to be shown around the farm.,We had an absolutely wonderful stay at this charming farm holiday cottage! The farm's animals truly added to the charm of our visit. We loved feeding carrots to the gentle horse and watching the sheep in the fields.,
1071403,Best Farm Stay,4,9.5,10,9.75,24,0.166666667,8.871262487,9.272757492,09:29.2,86,148976,18:09.0,SykesPropertyID,SykesPark:0,SykesParkID,191079,1,231831,0,0,2,2,Friday,53.082194,-1.029116,,Central England,Carver's Rest,Current,Cottage,5,Ticks 1 to 5,6,5,0,0,356500,464500,"Farnsfield, Nottinghamshire",Other settlement,Nottinghamshire,England,Farnsfield,Peak District,14/04/2021,24/05/2021,,,Unknown,Unknown,Unknown,0,18,Super Income Maximisation,,No,1,1,0,0,1,0,0,1,1,1,0,0,0,0,0,1,0,1,0,1,0,0,0,0,0,0,0,0,0,1,0,1,1,0,0,0,1,1,1,0,1,0,0,1,0,0,1,0,0,,review evidence only - manual review recommended,the people who work on the farm,Carver’s Rest is a beautifully converted barn on a farm.,we want to say a big thank you to Penguin Ant who allowed us to help feed a young calf!,the added advantage of cows,
1172528,Best Farm Stay,3,9.333333333,10,10,8,0.375,8.784436525,9.270661915,09:29.2,87,304499,12:11.0,SykesPropertyID,SykesPark:0,SykesParkID,289111,1,643071,1,1,1,3,Friday,56.3466589,-3.0256565,,Scottish Lowlands,Top Cottage,Current,Cottage,4,Ticks 1 to 5,5,4,0,0,716500,337500,"Foodieash, Fife",Other settlement,Fife,Scotland,Foodieash,Central Scotland,25/07/2025,08/08/2025,,,Unknown,Unknown,Unknown,0,18,Super Income Maximisation,,No,1,1,1,0,1,0,0,1,1,0,0,0,0,0,0,0,0,1,1,1,0,1,0,0,0,1,0,0,0,1,0,0,1,0,0,1,0,0,1,0,0,1,1,1,0,0,0,0,0,1,criteria met,free access to the farm & fruit park next door,The fruit farm is right next door and was perfect for breakfast or a coffe & cake.,"the proximity to Carnie fruit farm with its activities for children, wonderful cafe and produce is an added bonus.",,
1134242,Best Farm Stay,3,9.333333333,10,10,8,0.375,8.784436525,9.270661915,09:29.2,88,230122,17:59.0,SykesPropertyID,SykesPark:0,SykesParkID,252725,1,539726,1,2,3,3,Friday,52.5898508,-3.3182378,,Mid Wales,Awelfan,Current,House detached,4,Ticks 1 to 5,6,4,0,0,299500,309500,"Dolymelinau, Powys",Other settlement,Powys,Wales,Dolymelinau,Mid Wales,09/06/2023,19/06/2023,,,Unknown,Unknown,Unknown,0,18,Super Income Maximisation,,No,1,1,1,0,1,1,0,1,1,1,0,0,0,0,0,1,0,1,1,0,0,1,0,0,0,1,0,0,0,1,0,0,1,0,0,1,1,1,1,0,1,1,1,1,0,0,1,0,0,1,criteria met,talking to the sheep,the sights and sounds of the farm and nature.,"The eggs from the farm were the tastiest eggs we've had ever, we took lots back home with us.",,
976057,Best Farm Stay,3,9.333333333,10,10,6,0.5,8.784436525,9.270661915,09:29.2,89,98329,17:18.0,SykesPropertyID,SykesPark:0,SykesParkID,98197,343,173029,1,2,1,2,Saturday,50.755932,-3.142036,,Devon,The Linney,Current,Cottage,4,Ticks 1 to 5,4,4,0,0,96500,319500,"Northleigh, Devon",Other settlement,Devon,England,Northleigh,Devon,11/07/2014,11/07/2014,,,Unknown,Unknown,Unknown,0,20.83,Super Income Maximisation,,No,1,1,1,1,1,0,0,0,1,0,0,0,0,0,0,1,1,1,0,0,0,0,0,0,0,1,0,0,0,1,0,0,1,0,1,1,0,1,1,0,0,1,1,0,0,0,0,0,0,1,criteria met,A wonderful stay at Northleigh Farm as always,"the eggs, jam and apple juice are delicious",A lovely property on a beautiful farm in a picturesque valley.,,
1125915,Best Farm Stay,3,9.333333333,10,10,6,0.5,8.784436525,9.270661915,09:29.2,90,220875,00:01.0,SykesPropertyID,SykesPark:0,SykesParkID,244611,1,519008,0,0,1,4,Friday,50.114489,-5.668677,,HP Cornwall Coast,Bosworlas Farm House,Current,Cottage,2,Ticks 1 to 5,6,2,1,0,29500,137500,"Kelynack, Cornwall",Other settlement,Cornwall,England,Kelynack,Cornwall,15/02/2023,22/02/2023,,,Unknown,Unknown,Unknown,0,18,Super Income Maximisation,,No,1,1,1,0,1,0,0,0,1,1,0,0,0,0,0,1,1,1,0,0,0,0,0,0,0,1,0,0,0,0,0,1,1,0,0,1,0,0,1,0,1,1,0,1,0,0,0,0,0,,review evidence only - manual review recommended,"we enjoyed our 2 night stay on the farm..ducks chickens , dog and cows about",The farm house location is perfect.,"It was lovely to be in the quiet listening to chickens, ducks and cows.",,
1122454,Best Farm Stay,3,9.333333333,10,10,15,0.2,8.784436525,9.270661915,09:29.2,91,213406,10:38.0,SykesPropertyID,SykesPark:0,SykesParkID,240889,1,506247,1,2,3,3,Friday,52.5819651,-3.2271879,,Mid Wales,Bwncath,Current,Lodge,5,Ticks 1 to 5,6,5,0,0,297500,317500,"Fron, Powys",Other settlement,Powys,Wales,Fron,Mid Wales,23/04/2024,23/04/2024,,,Unknown,Unknown,Unknown,0,14,Partial Income Maximisation,,No,1,1,1,0,1,1,0,0,1,0,0,0,0,0,0,1,0,1,1,1,0,1,0,0,0,1,0,0,0,1,0,0,1,0,0,1,1,1,1,0,1,1,1,1,1,0,0,0,1,1,criteria met,allowing my daughter access to see the horses,the owners even came up with a baby lamb and chicks for us to hold,"the lambs and goats kept us entertained, they were so cute!",,
1003278,Best Farm Stay,3,9.333333333,10,10,7,0.428571429,8.784436525,9.270661915,09:29.2,92,113841,58:09.0,SykesPropertyID,SykesPark:0,SykesParkID,84083,1,161885,0,0,1,1,Saturday,55.4058077,-1.67254,,HP Northumberland,Holly Cottage,Current,Cottage,4,Ticks 1 to 5,2,4,1,0,614500,420500,"Denwick, Northumberland",Other settlement,Northumberland,England,Denwick,Northumberland,09/04/2019,13/04/2019,,,Unknown,Unknown,Unknown,0,16,Fixed Prices,,No,1,0,1,0,1,0,0,1,0,0,0,0,0,0,0,1,1,1,1,0,0,0,0,0,0,1,0,0,1,1,0,1,0,0,0,0,1,0,1,0,1,0,0,1,0,0,1,0,0,,review evidence only - manual review recommended,A very nice Farm Cottage in a great location.,"welcome pack of wine, shortbread and their own farm eggs, delicious!",Every evening you get a visit from the farms Chicken she is so friendly.,,
1170131,Best Farm Stay,3,9.333333333,10,10,9,0.333333333,8.784436525,9.270661915,09:29.2,93,301398,12:35.0,SykesPropertyID,SykesPark:0,SykesParkID,286723,1,644623,1,2,1,3,Friday,54.8020571,-3.106319,,Cumbria West of M6,Westward Park,Current,Farm Stay,4,Ticks 1 to 5,6,4,0,0,546500,329500,"Brackenthwaite, Cumbria",Other settlement,Cumbria,England,Brackenthwaite,Cumbria & The Lake District,21/03/2025,01/05/2025,,,Unknown,Unknown,Unknown,0,18,Super Income Maximisation,,No,1,1,0,0,1,0,0,1,1,1,0,0,0,0,0,1,0,1,1,0,0,1,0,0,0,1,0,1,1,0,0,0,1,0,0,1,0,1,1,0,1,1,1,1,0,0,0,0,0,1,criteria met,"Westward Park is a beautiful, spacious farm house full of character.",the farms working dogs were beguiling,The farm raises sheep and feeds cattle. We enjoyed seeing the animals on our walks along the lanes.,,
1159207,Best Farm Stay,3,9.333333333,10,10,31,0.096774194,8.784436525,9.270661915,09:29.2,94,288170,03:44.0,SykesPropertyID,SykesPark:0,SykesParkID,276228,1,613666,0,0,1,1,Friday,52.8524561,-2.6072122,,Shropshire & Telford,Paradise,Current,Hut/Pod/Yurt,4,Ticks 1 to 5,2,4,0,0,329500,359500,"Marchamley, Shropshire",Other settlement,Shropshire,England,Marchamley,Heart of England,23/08/2024,07/09/2024,,,Unknown,Unknown,Unknown,0,17,Super Income Maximisation,,No,1,0,0,0,1,1,0,1,1,0,0,0,0,0,0,0,0,1,1,0,0,0,0,0,0,1,0,0,0,1,0,1,1,0,0,0,1,1,1,0,0,0,1,1,0,0,1,0,1,1,criteria met,highland cows opposite,the cows in the feld opposite were always eating even 1st thing in the morning,located on a beautiful farm,,
1164516,Best Farm Stay,3,9.333333333,10,10,17,0.176470588,8.784436525,9.270661915,09:29.2,95,294579,22:01.0,SykesPropertyID,SykesPark:0,SykesParkID,281378,1,633080,0,0,1,1,Friday,52.7243157,-2.9478005,,Shropshire & Telford,The Cart House,Current,House semi-detached,4,Ticks 1 to 5,2,4,0,0,314500,336500,"Alberbury, Shropshire",Other settlement,Shropshire,England,Alberbury,Heart of England,18/10/2024,18/10/2024,,,Unknown,Unknown,Unknown,0,18,Super Income Maximisation,,No,1,1,1,1,1,1,0,0,1,1,1,0,0,0,0,1,0,1,1,0,0,1,0,0,0,1,0,0,0,1,0,1,1,0,0,0,1,0,1,0,1,0,0,1,0,0,1,0,0,,review evidence only - manual review recommended,The fresh eggs each morning where a welcome surprise,free eggs from their own chickens,The chickens are a delight and the FREE free range eggs just the icing on the cake.,,
1164375,Best Farm Stay,3,9.333333333,10,10,19,0.157894737,8.784436525,9.270661915,09:29.2,96,294478,13:36.0,SykesPropertyID,SykesPark:0,SykesParkID,281256,1,632858,1,2,2,3,Friday,53.0986504,-1.9681305,,Peak District & Derbyshire,Parlour Barn,Current,Cottage,5,Ticks 1 to 5,6,5,0,0,355500,401500,"Bradnop, Staffordshire",Other settlement,Staffordshire,England,Bradnop,Peak District,31/01/2025,31/01/2025,,,Unknown,Unknown,Unknown,0,17,Super Income Maximisation,,No,1,1,1,1,1,1,0,0,1,1,1,1,0,0,0,1,0,1,0,0,0,0,0,0,0,1,0,0,0,1,0,0,1,0,0,1,0,1,1,0,0,1,0,1,0,1,0,0,1,,review evidence only - manual review recommended,the beautiful scenery with the livestock right on our doorstep,the areas surrounding the barn are currently being updated by the owners with the addition of highland cows and blacknose sheep which is great and the kids love it,There are lots of animals on-site and the kids were in their element; from spending time with the Highland cows and chickens to meeting the alpacas and even the wallabies.,,
1050598,Best Farm Stay,3,9.333333333,10,10,22,0.136363636,8.784436525,9.270661915,09:29.2,97,143518,34:08.0,SykesPropertyID,SykesPark:0,SykesParkID,170963,1,272000,0,0,1,1,Friday,52.0268275,-1.4716881,,Heart of England,The Wash House,Current,Cottage,4,Ticks 1 to 5,2,4,0,0,237500,435500,"Burdrop, Oxfordshire",Other settlement,Oxfordshire,England,Burdrop,Cotswolds,15/04/2021,15/04/2021,,,Unknown,Unknown,Unknown,0,18,Super Income Maximisation,,No,1,0,0,0,1,0,0,1,1,1,0,0,0,0,0,1,0,1,0,0,0,0,0,0,0,1,0,0,0,1,0,1,1,0,0,0,1,1,1,0,0,0,1,0,0,0,0,0,0,1,criteria met,this is a working farm with hard working owners,The Wash House is a lovely little property on the owners farm.,it is situated in a very secluded spot next to a farm.,,
998284,Best Farm Stay,15,9.066666667,10,9.666666667,28,0.535714286,8.887906993,9.266077529,09:29.2,98,109767,34:21.0,SykesPropertyID,SykesPark:0,SykesParkID,96696,1,60882,0,0,1,1,Friday,53.1111564,-1.74065,,HP Peak District,The Stables,Current,House detached,4,Ticks 1 to 5,2,4,1,0,355500,416500,"Alsop en le Dale, Derbyshire",Other settlement,Derbyshire,England,Alsop en le Dale,Peak District,22/11/2018,30/11/2018,,,Unknown,Unknown,Unknown,0,20,Super Income Maximisation,,No,1,1,0,0,1,0,0,0,1,0,0,0,0,0,0,0,0,1,0,0,1,0,0,0,0,1,0,0,0,0,0,1,1,0,0,0,1,1,1,0,0,0,0,1,0,0,0,0,0,,review evidence only - manual review recommended,it was lovely to be able to pet the donkeys and goats.,friendly and inquisitive goats and donkeys,farm has added attraction of the donkey's goats horse and sheep dog,The goats are real characters and we enjoyed feeding them.,"we loved the goats, especially the little ones, and the lovely donkeys"
1119360,Best Farm Stay,10,9,10,9.9,15,0.666666667,8.809883741,9.265930245,09:29.2,99,209721,06:11.0,SykesPropertyID,SykesPark:0,SykesParkID,237523,1,497646,1,1,2,3,Friday,51.0953356,-2.8889474,,Somerset,The Lodge at Crossroads Farm,Current,Lodge,4,Ticks 1 to 5,6,4,0,0,132500,337500,"Middlezoy, Somerset",Other settlement,Somerset,England,Middlezoy,Somerset,11/04/2023,12/04/2023,,,Unknown,Unknown,Unknown,0,18,Super Income Maximisation,,No,1,1,0,0,1,0,0,1,1,0,0,0,0,0,0,1,0,1,0,0,0,1,0,1,0,1,0,0,0,1,0,0,1,0,0,0,1,1,1,0,1,1,1,1,1,0,1,0,0,1,criteria met,We went on a tour of the farm and Phil explained everything to my son and I. Doris and Harry were on top form and we even had the geese come to see us.,The Lodge is on a working farm and has its own large grassed paddock.,In the field beside us were two very friendly donkeys always ready for an apple or carrot.,Great to stay on a farm and be greeted in the morning by the lovely donkeys and the resident herd of cows.,the added bonus is you can feed Harry and Doris the donkeys carrots and apples
947004,Best Farm Stay,6,9.333333333,10,9.666666667,13,0.461538462,8.887354676,9.265746139,09:29.2,100,138215,34:21.0,SykesPropertyID,SykesPark:0,SykesParkID,66002,1,128764,1,1,4,5,Friday,52.2611379,-2.5925525,,Worcestershire,The Wainhouse,Current,House semi-detached,4,Ticks 1 to 5,10,4,0,0,261500,359500,"Bockleton, Worcestershire",Other settlement,Worcestershire,England,Bockleton,Heart of England,25/01/2021,21/02/2021,,,Unknown,Unknown,Unknown,0,19,Super Income Maximisation,,No Option Assigned,1,1,0,0,1,1,0,1,1,0,0,0,0,0,0,1,0,1,0,0,0,1,0,0,0,1,0,0,0,1,0,0,1,0,0,1,1,1,1,0,0,1,0,1,0,0,0,0,0,,review evidence only - manual review recommended,the owner had a chat to them about the animals they kept,The Wainhouse is perfectly located on a working farm.,loved the working farm next door and really enjoyed the visits from the farm dogs.,Working farm was delightful and the dogs gorgeous.,The kids loved the little playground and seeing all the animals on the farm every day - they still talk about the little lambs now.
948452,Best Historic Property,9,9.444444444,10,9.888888889,20,0.45,9.010403938,9.384020141,09:29.2,1,92247,07:32.0,SykesPropertyID,SykesPark:0,SykesParkID,119186,1,129971,0,0,1,2,Friday,52.1915297,-1.7109687,,HP Cotswolds,4 Masons Court,Current,Cottage,4,Ticks 1 to 5,4,4,1,0,255500,419500,"Stratford-upon-Avon, Warwickshire",Town,Warwickshire,England,Stratford-upon-Avon,Cotswolds,22/08/2017,22/08/2017,,,Unknown,Unknown,Unknown,1,18,Super Income Maximisation,,No Option Assigned,1,1,0,0,1,0,0,0,0,0,0,0,0,0,0,1,0,0,0,0,0,0,1,1,0,0,0,0,0,1,0,0,1,0,1,1,0,1,1,0,1,1,0,0,0,0,0,0,0,1,criteria met,this historic house,good to know that we were staying in the oldest building in Stratford upon Avon,It felt like such a privilege to stay in such an old building during our stay in Stratford.,Excellent combination of modern utilities and ancient building.,the building that property is part of is beautiful and really makes to feel part of the history of the town
1091390,Best Historic Property,5,9.6,10,10,21,0.238095238,8.946511655,9.367906993,09:29.2,2,178427,56:20.0,SykesPropertyID,SykesPark:0,SykesParkID,213388,365,395893,0,0,2,3,Friday,52.0360267,-1.8564552,,HP Cotswolds,Little Gables,Current,House,5,Ticks 1 to 5,6,5,1,0,237500,409500,"Broadway, Worcestershire",Other settlement,Worcestershire,England,Broadway,Heart of England,08/06/2020,08/06/2020,,,Unknown,Unknown,Unknown,0,18,Super Income Maximisation,,No,1,1,1,0,1,0,0,0,0,1,0,0,0,0,0,1,0,0,0,0,0,0,0,0,0,0,0,0,0,1,0,1,1,0,1,1,0,1,1,0,1,1,1,0,0,0,0,0,0,1,criteria met,"what a wonderful archetypal Cotswold house oozing history, atmosphere, warmth and comfort",enjoyed this lovely period house,A stunning period property,original beams,a tastefully appointed Grade II listed building
1170953,Best Historic Property,3,9.666666667,10,10,13,0.230769231,8.861359602,9.316815761,09:29.2,3,302475,25:09.0,SykesPropertyID,SykesPark:0,SykesParkID,287598,1,646339,1,2,1,1,Friday,52.9021992,-3.5712443,,HP - Wales Snowdonia,Old Ty'n Y Wern,Current,Cottage,4,Ticks 1 to 5,2,4,1,0,334500,294500,"Rhos-y-gwaliau, Gwynedd",Other settlement,Gwynedd,Wales,Rhos-y-gwaliau,North Wales,04/04/2025,03/12/2025,,,Unknown,Unknown,Unknown,0,18,Super Income Maximisation,,Yes,1,1,1,0,1,0,0,0,1,1,0,0,0,0,0,1,0,1,1,0,1,1,0,0,0,1,1,0,1,1,0,0,1,0,0,0,0,1,1,0,1,0,0,1,0,0,1,0,0,1,criteria met,the lovely history attached to the cottage,A wonderful 400 yr old building with so much character and quirkiness.,This is a wonderful historic cottage with everything that you need.,,
948400,Best Historic Property,2,10,10,10,9,0.222222222,8.849806235,9.309883741,09:29.2,4,89215,47:05.0,SykesPropertyID,SykesPark:0,SykesParkID,86123,1,129919,0,0,1,1,Friday,51.9106952,-2.0288121,,HP Cotswolds,The Old Cider House,Current,Unknown,4,Ticks 1 to 5,2,4,1,0,223500,397500,"Noverton, Gloucestershire",Other settlement,Gloucestershire,England,Noverton,Cotswolds,08/06/2017,08/06/2017,,,Unknown,Unknown,Unknown,0,20,Fixed Prices,,No Option Assigned,1,0,0,0,1,0,0,0,1,1,0,0,0,0,0,0,0,0,0,0,0,0,0,0,0,1,0,0,0,0,0,0,1,0,0,0,0,0,1,0,1,0,0,0,0,0,0,0,0,1,criteria met,Set adjacent to the most welcoming owners’ historic house,"It’s a very old building, full of character",,,
1125756,Best Historic Property,2,10,10,10,12,0.166666667,8.849806235,9.309883741,09:29.2,5,220708,48:01.0,SykesPropertyID,SykesPark:0,SykesParkID,244461,1,518067,0,0,1,2,Friday,50.85646556,-2.748918889,,Dorset,The Old Granary,Current,Cottage,4,Ticks 1 to 5,4,4,0,0,106500,347500,"South Perrott, Dorset",Other settlement,Dorset,England,South Perrott,Dorset,01/02/2023,31/03/2023,,,Unknown,Unknown,Unknown,0,19,Super Income Maximisation,,No,1,1,0,0,1,0,0,0,1,0,0,0,0,0,0,0,0,1,1,0,1,0,0,0,0,1,0,1,0,0,0,1,1,0,0,0,1,1,1,0,1,1,0,1,0,0,0,0,0,1,criteria met,the 'olde worlde' charm of a centuries old listed building,This is a lovely old barn very thoughtfully converted to holiday accommodation.,,,
1127701,Best Historic Property,2,10,10,10,17,0.117647059,8.849806235,9.309883741,09:29.2,6,222862,07:39.0,SykesPropertyID,SykesPark:0,SykesParkID,246390,389,523266,1,2,3,5,Friday,52.9205133,-4.2279211,,HP - Wales North West Coast,Llys Owen,Current,House,4,Ticks 1 to 5,10,4,1,0,338500,250500,"Criccieth, Gwynedd",Town,Gwynedd,Wales,Criccieth,North Wales,17/06/2024,28/06/2024,,,Unknown,Unknown,Unknown,0,20.5,Super Income Maximisation,,Yes,1,1,1,0,1,0,0,0,1,1,0,0,0,0,0,1,1,0,1,0,0,1,1,1,0,1,0,1,0,1,0,0,1,0,0,1,0,1,1,0,0,1,0,1,0,0,0,0,0,,review evidence only - manual review recommended,"the character of the house, with its original features",This was a lovely old house with a really interesting history.,,,
1121820,Best Historic Property,2,10,10,10,5,0.4,8.849806235,9.309883741,09:29.2,7,217531,46:18.0,SykesPropertyID,SykesPark:0,SykesParkID,242979,438,505777,1,2,3,4,Friday,55.4693048,-1.604268,,HP Northumberland,Craster Tower Penthouse,Current,Apartment,4,Ticks 1 to 5,8,4,1,0,619500,424500,"Dunstan, Northumberland",Other settlement,Northumberland,England,Dunstan,Northumberland,10/09/2014,10/09/2014,,,Unknown,Unknown,Unknown,0,16,Super Income Maximisation,,No,1,1,0,0,1,0,0,0,1,1,0,0,0,0,0,1,1,1,0,0,0,0,0,0,0,0,0,0,0,0,0,0,1,0,1,1,0,0,1,0,0,1,0,0,0,0,0,0,0,,review evidence only - manual review recommended,It was amazing to be able to stay in such a historic property.,Fabulous historic property,,,
1060411,Best Historic Property,2,10,10,10,7,0.285714286,8.849806235,9.309883741,09:29.2,8,133944,39:12.0,SykesPropertyID,SykesPark:0,SykesParkID,180556,1,302236,1,2,1,3,Saturday,57.6799693,-4.0305602,,Scottish Highlands,Paye House - Cromarty,Current,Cottage,4,Ticks 1 to 5,6,4,0,0,867500,278500,"Cromarty, Highland",Town,Highland,Scotland,Cromarty,Highlands and Islands,14/12/2020,14/12/2020,,,Unknown,Unknown,Unknown,0,15,Super Income Maximisation,,No,1,1,1,0,1,0,0,0,0,1,0,0,0,0,0,0,1,0,1,0,0,1,1,1,0,1,0,0,0,1,0,0,1,0,0,1,0,1,1,0,0,1,0,1,0,0,0,0,0,,review evidence only - manual review recommended,steeped in local history,a great property full of character,,,
1022248,Best Historic Property,2,10,10,10,9,0.222222222,8.849806235,9.309883741,09:29.2,9,227164,46:45.0,SykesPropertyID,SykesPark:0,SykesParkID,143732,1,230584,1,2,1,3,Friday,53.2534412,-1.9122798,,HP Peak District,Church View,Current,House,4,Ticks 1 to 5,6,4,1,0,373500,406500,"Buxton, Derbyshire",Town,Derbyshire,England,Buxton,Peak District,03/08/2023,11/08/2023,,,Unknown,Unknown,Unknown,0,15,Super Income Maximisation,,No,1,1,1,1,1,0,0,0,0,1,0,0,0,0,0,1,0,0,0,0,1,0,1,1,0,1,0,0,0,1,0,0,1,0,0,1,0,1,1,0,0,1,0,1,0,0,0,0,0,,review evidence only - manual review recommended,welcoming period property,We enjoyed the period features with no compromise on comfort.,,,
937510,Best Historic Property,2,10,10,10,21,0.095238095,8.849806235,9.309883741,09:29.2,10,79130,16:14.0,SykesPropertyID,SykesPark:0,SykesParkID,46620,1,118853,1,2,2,3,Saturday,55.0274176,-3.2697388,,Scottish Lowlands,North Lodge,Current,Detached,5,Ticks 1 to 5,6,5,0,0,570500,318500,"Brydekirk, Dumfries and Galloway",Other settlement,Dumfries and Galloway,Scotland,Brydekirk,Southern Scotland,25/05/2016,01/06/2016,,,Unknown,Unknown,Unknown,0,20,Super Income Maximisation,09/03/2022,No Option Assigned,1,1,1,0,1,0,0,0,1,1,0,0,0,0,0,1,0,1,1,0,0,0,1,0,0,1,0,0,1,1,0,0,0,0,0,1,0,0,1,0,0,1,0,0,0,0,0,0,0,,review evidence only - manual review recommended,about the history of the house,Perfect base to explore the rich history of the surrounding area,,,
935032,Best Historic Property,2,10,10,10,12,0.166666667,8.849806235,9.309883741,09:29.2,11,,,,,,,,,,,,,,,,,,,,,,,,,,,,,,,,,,,,,,,,,,,,,,,,,,,,,,,,,,,,,,,,,,,,,,,,,,,,,,,,,,,,,,,,,,,,,,,,,no property data - manual review recommended,this lovely and historic cottage,"Pennal Cottage is a lovely, historic canal side property",,,
1133271,Best Historic Property,6,9.166666667,10,10,16,0.375,8.824854676,9.294912806,09:29.2,12,229120,01:24.0,SykesPropertyID,SykesPark:0,SykesParkID,251747,1,537389,1,1,1,2,Friday,52.1589459,-3.0908804,,Mid Wales,Halls Mill,Current,Unique wow (Castle / lighthouse / thatched),3,Ticks 1 to 5,4,3,0,0,253500,325500,"Huntington, Herefordshire",Other settlement,Herefordshire,England,Huntington,Heart of England,26/04/2024,31/05/2024,,,Unknown,Unknown,Unknown,0,19,Full Income Maximisation,,No,1,0,0,0,1,0,0,1,1,1,0,0,0,0,0,1,0,1,0,1,0,1,0,0,0,0,0,0,0,1,0,0,0,0,0,0,0,0,1,0,1,1,0,1,0,0,0,0,1,1,criteria met,Thank you for a wonderful stay in this historic property and area,the property is intriguing architecturally and a really interesting space,sympathetically restored,Wonderful cottage with incorporated old mill workings.,"The property is an old, renovated mill, full of character and charm."
917762,Best Historic Property,5,9.2,10,10,15,0.333333333,8.813178321,9.287906993,09:29.2,13,87814,10:35.0,SykesPropertyID,SykesPark:0,SykesParkID,31367,1,96975,0,0,4,3,Friday,53.8839373,-2.4704157,,North West & Lancashire,The Old Forge,Current,Detached,4,Ticks 1 to 5,7,4,0,0,443500,369500,"Bashall Eaves, Lancashire",Other settlement,Lancashire,England,Bashall Eaves,Cumbria & The Lake District,15/05/2017,02/06/2017,,,Unknown,Unknown,Unknown,0,20,Partial Plus Income Maximisation,,No Option Assigned,1,1,1,0,1,0,0,0,1,1,0,0,0,0,0,1,0,1,0,0,0,0,1,0,0,1,0,0,1,1,0,0,1,0,0,0,0,1,1,0,1,1,0,0,0,0,0,0,0,1,criteria met,"Really enjoyed the history, a really special place.",full of history and unique,full of fascinating historical items,Lots of items regarding the interesting family history which made it even more relaxing as if visiting old friends.,"A spacious, very comfortable and really interesting property. Lots of historical books to dip into and browse."
1060429,Best Historic Property,4,9.5,10,9.75,12,0.333333333,8.871262487,9.272757492,09:29.2,14,133945,07:22.0,SykesPropertyID,SykesPark:0,SykesParkID,180557,1,302288,1,2,3,6,Friday,57.4434329,-2.3948457,,Scottish Lowlands,The Preston Tower Apartment - Fyvie Castle,Current,Apartment,3,Ticks 1 to 5,12,3,0,0,837500,376500,"Fyvie, Aberdeenshire",Other settlement,Aberdeenshire,Scotland,Fyvie,Highlands and Islands,14/12/2020,14/12/2020,,,Unknown,Unknown,Unknown,0,15,Super Income Maximisation,,No,1,1,0,0,0,0,0,0,1,0,0,0,0,0,0,1,0,1,1,0,0,1,0,0,0,1,1,0,0,1,0,0,1,0,0,1,0,1,1,0,1,1,0,1,0,0,0,0,1,1,criteria met,it's a Scottish castle with all the character and history you would expect,Preston tower is truly a grand wing of Fyvie Castle,the most beautiful grounds & castle,Having a private tour around the castle was an added bonus and very interesting,
26732,Best Historic Property,4,9.5,10,9.75,8,0.5,8.871262487,9.272757492,09:29.2,15,79101,16:29.0,SykesPropertyID,SykesPark:0,SykesParkID,23452,1,83075,1,1,1,2,Saturday,52.6801291,-3.8883424,,North Wales,St.Mary's,Current,Detached,4,Ticks 1 to 5,2,4,0,0,310500,272500,"Dol-ffanog, Gwynedd",Other settlement,Gwynedd,Wales,Dol-ffanog,North Wales,09/05/2016,04/06/2016,,,Unknown,Unknown,Unknown,0,16,Partial Income Maximisation,13/12/2022,No Option Assigned,1,0,0,0,1,0,0,0,1,0,0,0,0,0,0,0,0,1,1,0,1,0,1,0,0,1,1,0,0,1,0,0,1,0,0,0,1,0,1,0,1,0,0,1,0,0,0,0,1,1,criteria met,"Loved the fact that the main part of the inside of the church is still as it was e.g pews, altar, pulpit and the various artefacts.",An absolutely stunning property with history in every square inch of the property.,well done Peter for preserving and re-purposing a lovely old building,"You can just feel the history of the church all around you, no matter which room you are in.",
1020426,Best Historic Property,4,9.5,10,9.75,7,0.571428571,8.871262487,9.272757492,09:29.2,16,200054,23:37.0,SykesPropertyID,SykesPark:0,SykesParkID,141919,343,172967,0,0,2,2,Friday,51.206,-3.5096,,HP Somerset Coast,Aluric's Hall,Current,House,4,Ticks 1 to 5,4,4,1,0,146500,294500,"Bratton, Somerset",Other settlement,Somerset,England,Bratton,Somerset,21/10/2022,28/10/2022,,,Unknown,Unknown,Unknown,0,20,Super Income Maximisation,,No,1,1,1,0,1,0,0,0,1,1,0,0,0,0,0,1,1,1,0,0,0,0,0,0,0,0,0,0,0,1,0,1,1,0,0,0,0,0,1,0,0,0,0,1,0,0,0,0,0,,review evidence only - manual review recommended,unique place with a rich history,this beautiful house with it’s long history,great historical character,Such a beautiful old building with wonderful furnishings.,
1072256,Best Historic Property,3,9.333333333,10,10,17,0.176470588,8.784436525,9.270661915,09:29.2,17,150057,48:01.0,SykesPropertyID,SykesPark:0,SykesParkID,191905,1,336739,0,0,1,2,Saturday,55.6500971,-2.2521252,,HP Scottish Borders,Stable Lodge,Current,Cottage,3,Ticks 1 to 5,4,3,1,0,639500,384500,"Coldstream, Scottish Borders",Town,Scottish Borders,Scotland,Coldstream,Southern Scotland,07/07/2021,17/07/2021,,,Unknown,Unknown,Unknown,0,20,Full Income Maximisation,,No,1,0,1,0,1,0,0,0,0,0,0,0,0,0,0,1,0,1,1,0,0,0,1,1,0,1,0,0,0,1,0,1,1,0,0,0,0,0,1,0,0,1,0,1,0,0,0,0,0,,review evidence only - manual review recommended,An ideal place as a centre for historical and cultural research,characterful cottage,appreciate the work let alone the history,,
955163,Best Historic Property,3,9.333333333,10,10,18,0.166666667,8.784436525,9.270661915,09:29.2,18,87275,19:08.0,SykesPropertyID,SykesPark:0,SykesParkID,127547,1,209257,1,2,1,2,Friday,52.998617,-1.922971,,Peak District & Derbyshire,The Gate House,Current,Detached,5,Ticks 1 to 5,4,5,0,0,344500,405500,"Oakamoor, Staffordshire",Other settlement,Staffordshire,England,Oakamoor,Peak District,23/03/2017,07/04/2017,,,Unknown,Unknown,Unknown,0,20,Full Income Maximisation,,No,1,1,0,0,1,0,0,0,1,0,0,0,0,0,0,1,0,1,0,0,0,0,1,0,0,1,0,0,0,1,0,0,1,0,1,1,0,1,1,0,0,1,0,0,0,0,0,0,1,,review evidence only - manual review recommended,"this delightful, historic cottage",enjoyed the history of the house and village,A beautiful old building but with all the modern amenities.,,
1131713,Best Historic Property,3,9.333333333,10,10,10,0.3,8.784436525,9.270661915,09:29.2,19,227348,52:42.0,SykesPropertyID,SykesPark:0,SykesParkID,250274,1,533291,0,0,1,2,Friday,52.1900416,-2.7132338,,Herefordshire,Grove Cottage,Current,Cottage,4,Ticks 1 to 5,4,4,0,0,255500,351500,"Ford, Herefordshire",Other settlement,Herefordshire,England,Ford,Heart of England,10/08/2023,10/08/2023,,,Unknown,Unknown,Unknown,0,16,Partial Income Maximisation,,Yes,1,1,0,0,1,1,0,0,1,1,0,0,0,0,0,1,0,1,0,1,0,1,0,0,0,1,0,0,0,1,0,1,1,0,0,1,0,1,1,0,1,1,0,1,0,0,0,0,0,1,criteria met,"We loved the cottage, its history and setting location.",It is a beautiful old cottage which has been very sensitively modernised.,Gorgeous place with an interesting history,,
1172046,Best Historic Property,3,9.333333333,10,10,12,0.25,8.784436525,9.270661915,09:29.2,20,303855,47:24.0,SykesPropertyID,SykesPark:0,SykesParkID,288634,1,648679,1,1,1,2,Friday,52.4938759,-2.9969005,,HP Shropshire,The Hideaway,Current,Cottage,4,Ticks 1 to 5,4,4,1,0,288500,332500,"Bishop's Castle, Shropshire",Town,Shropshire,England,Bishop's Castle,Heart of England,31/03/2025,07/04/2025,,,Unknown,Unknown,Unknown,0,15,Partial Plus Income Maximisation,19/02/2026,No,1,1,0,0,0,0,0,0,0,0,0,0,0,0,0,1,0,1,0,0,0,1,1,1,0,1,0,0,0,1,0,0,1,0,0,0,0,1,1,0,1,1,0,1,0,0,0,0,0,1,criteria met,"It is an old building but has been fitted out with modern, top quality fittings.",The renovation of the C17th building has been carried out in a very sympathetic way,The location was perfect in the heart of historic Bishops Castle,,
1140373,Best Historic Property,3,9.333333333,10,10,12,0.25,8.784436525,9.270661915,09:29.2,21,237387,09:08.0,SykesPropertyID,SykesPark:0,SykesParkID,258703,1,558560,1,2,1,1,Friday,54.9934877,-6.2158531,,Northern Ireland,The Croft,Current,House detached,4,Ticks 1 to 5,2,4,0,0,,,"Newtown Crommelin, Northern Ireland",Other settlement,Northern Ireland,Northern Ireland,Newtown Crommelin,Ireland,28/11/2024,28/11/2024,,,Unknown,Unknown,Unknown,0,18,Super Income Maximisation,,No,1,0,1,0,1,0,0,0,1,1,0,0,0,0,0,1,0,1,1,0,0,1,0,0,0,1,0,0,0,1,0,0,1,0,1,1,1,1,1,0,1,0,0,1,0,0,1,0,0,1,criteria met,Beautifully reconstructed croft cottage,the chronicle of the cottage history and rebuild just adds to its charm,Old Croft completely replaced and stonework kept in walls.,,
1140040,Best Historic Property,3,9.333333333,10,10,23,0.130434783,8.784436525,9.270661915,09:29.2,22,236908,10:30.0,SykesPropertyID,SykesPark:0,SykesParkID,258372,1,61365,1,1,2,2,Friday,52.8342725,-4.1090668,,HP - Wales North West Coast,Gaerau Bach,Current,House detached,5,Ticks 1 to 5,4,5,1,0,329500,257500,"Llanfair, Gwynedd",Other settlement,Gwynedd,Wales,Llanfair,North Wales,24/02/2025,28/02/2025,,,Unknown,Unknown,Unknown,0,15,Super Income Maximisation,,No,1,1,1,0,1,1,0,0,1,1,0,0,0,0,0,1,1,1,1,1,1,1,0,0,0,1,0,1,0,1,0,0,1,0,1,1,1,1,1,0,1,1,0,1,0,1,0,0,0,1,criteria met,basic ancient building,a stones throw away from historic Harlech,The cottage was extremely modern with beautiful signs of what it used to be.,,
2066,Best Historic Property,3,9.333333333,10,10,6,0.5,8.784436525,9.270661915,09:29.2,23,52689,34:00.0,SykesPropertyID,SykesPark:0,SykesParkID,446,1,60108,0,0,1,2,Saturday,53.31936476,-3.388767128,,North Wales,Pen y Parc,Current,Semi detached,4,Ticks 1 to 5,4,4,0,0,381500,307500,"Gwaenysgor, Flintshire",Other settlement,Flintshire,Wales,Gwaenysgor,North Wales,24/04/2007,21/07/2007,,,Unknown,Unknown,Unknown,0,20,Full Income Maximisation,,No Option Assigned,1,0,0,0,1,0,0,0,1,0,0,0,0,0,0,1,1,0,0,0,0,0,1,0,0,0,0,0,0,0,0,1,1,0,1,1,0,1,1,0,1,1,0,0,0,0,0,0,0,1,criteria met,Pen y Parc is a charming historic cottage,its charming historic atmosphere,"A charming, clean, comfortable stone Cottage with a bit of history also.",,
1095762,Best Historic Property,8,9.25,10,9.625,27,0.296296296,8.899870823,9.264922494,09:29.2,24,181126,57:39.0,SykesPropertyID,SykesPark:0,SykesParkID,215170,1,410718,1,2,1,2,Friday,52.9691557,-3.1668541,,North Wales,18 Church Street,Current,Cottage,4,Ticks 1 to 5,4,4,0,0,341500,321500,"Llangollen, Denbighshire",Town,Denbighshire,Wales,Llangollen,North Wales,23/10/2023,27/10/2023,,,Unknown,Unknown,Unknown,0,18,Super Income Maximisation,,Yes,1,1,1,0,1,0,0,0,0,1,0,0,0,0,0,1,0,1,1,0,0,1,1,1,0,1,0,0,1,1,0,0,1,0,1,1,0,1,1,0,1,1,0,1,0,0,0,0,0,1,criteria met,This historic cottage was a treat to stay in. The building has been beautifully restored without loosing the charm of the historic character of the cottage.,Beautifully restored 17th-century cottage,steeped in history and character,beautifully restored to maintain its historical character,a stylish renovation that has enhanced the traditional features and heritage of the cottage
1169494,Best Historic Property,2,9.5,10,10,10,0.2,8.766472902,9.259883741,09:29.2,25,300730,10:18.0,SykesPropertyID,SykesPark:0,SykesParkID,286136,389,643209,1,4,2,3,Saturday,52.9759275,-4.2310766,,North Wales,Dalar Cottage,Current,House detached,3,Ticks 1 to 5,6,3,0,0,343500,250500,"Dolbenmaen, Gwynedd",Other settlement,Gwynedd,Wales,Dolbenmaen,North Wales,05/03/2025,05/03/2025,,,Unknown,Unknown,Unknown,0,18,Super Income Maximisation,,No,1,0,1,0,1,0,0,0,1,1,0,0,0,0,0,1,0,1,1,1,1,1,0,0,0,1,0,1,0,1,0,0,1,0,0,1,1,1,1,0,1,1,0,1,0,0,0,0,0,1,criteria met,The cottage is full of character.,"the cottage was beautiful, really clean, full of history and had everything we needed",,,
1168156,Best Historic Property,2,9.5,10,10,9,0.222222222,8.766472902,9.259883741,09:29.2,26,299018,39:21.0,SykesPropertyID,SykesPark:0,SykesParkID,284852,402,640369,0,0,2,3,Friday,54.5997296,-3.1336264,,HP Lake District,Skyfell House,Current,Cottage,4,Ticks 1 to 5,6,4,1,0,523500,326500,"Keswick, Cumbria",Town,Cumbria,England,Keswick,Cumbria & The Lake District,11/03/2025,02/05/2025,,,Unknown,Unknown,Unknown,0,15,Super Income Maximisation,,No,1,1,0,0,1,0,0,0,1,1,0,0,0,0,0,0,0,1,1,0,1,1,1,1,0,1,0,0,1,1,0,1,0,0,0,0,0,0,1,0,0,1,0,1,0,0,0,0,0,,review evidence only - manual review recommended,Lovely period property,Lots of nice period features throughout the property.,,,
1149119,Best Historic Property,2,9.5,10,10,5,0.4,8.766472902,9.259883741,09:29.2,27,,,,,,,,,,,,,,,,,,,,,,,,,,,,,,,,,,,,,,,,,,,,,,,,,,,,,,,,,,,,,,,,,,,,,,,,,,,,,,,,,,,,,,,,,,,,,,,,,no property data - manual review recommended,Absolutely stunning restoration of a chapel,the thought and love which has obviously gone into the restoration,,,
1076888,Best Historic Property,2,9.5,10,10,12,0.166666667,8.766472902,9.259883741,09:29.2,28,155617,27:01.0,SykesPropertyID,SykesPark:0,SykesParkID,196399,1,350054,1,2,3,4,Friday,55.2665961,-3.8558532,,Scottish Lowlands,Townhead of Auchenbainzie,Current,House,4,Ticks 1 to 5,8,4,0,0,597500,282500,"Auchenbainzie, Dumfries and Galloway",Other settlement,Dumfries and Galloway,Scotland,Auchenbainzie,Southern Scotland,20/06/2025,01/07/2025,,,Unknown,Unknown,Unknown,0,22,Partial Income Maximisation,,No,1,1,0,0,1,0,0,0,1,1,0,0,0,0,0,1,0,1,1,0,0,1,0,0,0,1,1,0,1,1,0,0,1,0,1,1,1,0,1,0,1,1,0,1,0,0,0,0,0,1,criteria met,the house was very comfortable and full of character,Lots of interesting history about which added to the ambience.,,,
1033746,Best Historic Property,2,9.5,10,10,21,0.095238095,8.766472902,9.259883741,09:29.2,29,127787,40:25.0,SykesPropertyID,SykesPark:0,SykesParkID,154340,1,242956,1,1,1,2,Friday,54.2446689,-0.7760428,,HP North York Moors,Dove Cottage,Current,Cottage,5,Ticks 1 to 5,4,5,1,0,484500,479500,"Pickering, North Yorkshire",Town,North Yorkshire,England,Pickering,North York Moors & Coast,24/02/2020,28/02/2020,,,Unknown,Unknown,Unknown,0,18,Super Income Maximisation,,No,1,1,1,0,1,0,0,0,0,1,0,0,0,0,0,1,0,1,1,0,0,1,1,1,0,1,0,0,0,1,0,0,1,0,1,1,0,1,1,0,1,1,0,0,0,0,0,0,1,1,criteria met,Lovely period cottage.,the owners do a wonderful job at maintaining the period features,,,
1132681,Best Historic Property,2,9.5,10,10,5,0.4,8.766472902,9.259883741,09:29.2,30,,,,,,,,,,,,,,,,,,,,,,,,,,,,,,,,,,,,,,,,,,,,,,,,,,,,,,,,,,,,,,,,,,,,,,,,,,,,,,,,,,,,,,,,,,,,,,,,,no property data - manual review recommended,Great history,The cottage is characterful,,,
1110745,Best Historic Property,2,9.5,10,10,11,0.181818182,8.766472902,9.259883741,09:29.2,31,202401,55:54.0,SykesPropertyID,SykesPark:0,SykesParkID,231644,1,464284,0,0,6,9,Saturday,56.453764,-5.319113,,Scottish Highlands,Achnacloich,Current,House detached,4,Ticks 1 to 5,18,4,0,0,734500,192500,"Black Crofts, Argyll and Bute",Other settlement,Argyll and Bute,Scotland,Black Crofts,Central Scotland,26/07/2014,26/07/2014,,,Unknown,Unknown,Unknown,0,15,Super Income Maximisation,,No,1,1,0,1,1,0,0,0,1,0,1,0,0,0,0,1,0,0,1,0,0,0,0,0,0,1,0,0,0,1,0,0,0,0,0,1,0,0,1,0,1,1,0,0,0,0,0,0,0,1,criteria met,At first we feel like visiting a museum.,There is a lot of history to the house which was so interesting to learn about,,,
1108480,Best Historic Property,2,9.5,10,10,17,0.117647059,8.766472902,9.259883741,09:29.2,32,196132,00:03.0,SykesPropertyID,SykesPark:0,SykesParkID,226672,389,423905,1,2,3,3,Friday,53.274926,-3.8360235,,HP - Wales North Coast,The Old School,Current,House,5,Ticks 1 to 5,6,5,1,0,376500,277500,"Gyffin, Conwy",Other settlement,Conwy,Wales,Gyffin,North Wales,20/10/2022,03/11/2022,,,Unknown,Unknown,Unknown,0,15,Super Income Maximisation,,No,1,1,1,0,1,0,0,0,0,0,0,0,0,0,0,1,1,0,1,0,0,1,0,1,0,1,0,1,0,1,0,0,1,0,0,0,1,0,1,0,1,1,0,1,0,1,0,0,0,1,criteria met,Historic churchyard opposite.,Loved the little nods to the building's origins too.,,,
1129282,Best Historic Property,2,9.5,10,10,8,0.25,8.766472902,9.259883741,09:29.2,33,224446,03:04.0,SykesPropertyID,SykesPark:0,SykesParkID,247886,1,422131,0,0,1,1,Friday,54.9965669,-2.887566,,Cumbria East of M6,The Pavillion,Current,Cottage,4,Ticks 1 to 5,2,4,0,0,567500,343500,"Kirklinton, Cumbria",Other settlement,Cumbria,England,Kirklinton,Cumbria & The Lake District,06/09/2023,09/09/2023,,,Unknown,Unknown,Unknown,0,17,Super Income Maximisation,,No,1,1,0,0,1,0,0,0,1,1,0,0,0,0,0,0,0,1,1,0,0,1,0,0,0,1,0,0,1,1,0,1,1,0,0,1,0,1,1,0,1,0,0,1,0,0,0,0,0,1,criteria met,part of the historic Kirklinton Hall Gardens which is a beautiful and inspiring setting,the ruins of the hall a perfect background for a getaway,,,
1142015,Best Historic Property,2,9.5,10,10,14,0.142857143,8.766472902,9.259883741,09:29.2,34,264656,25:04.0,SykesPropertyID,SykesPark:0,SykesParkID,260285,1,563591,1,2,1,2,Saturday,53.1743201,-1.6887977,,HP Peak District,Mulberry Cottage,Current,Cottage,5,Ticks 1 to 5,4,5,1,0,364500,421500,"Bradford, Derbyshire",Other settlement,Derbyshire,England,Bradford,Peak District,27/11/2023,27/11/2023,,,Unknown,Unknown,Unknown,0,20,Super Income Maximisation,,No,1,1,0,0,0,0,0,0,0,1,0,0,0,0,0,0,0,1,1,0,1,1,1,1,0,1,0,0,1,1,0,0,1,0,0,0,0,1,1,0,1,0,0,1,0,0,0,0,0,1,criteria met,this beautiful Grade II listed cottage. The charm and character of the property made for a truly memorable stay.,Youlgreave is a beautiful historic village set in gorgeous countryside.,,,
1165573,Best Historic Property,2,9.5,10,10,13,0.153846154,8.766472902,9.259883741,09:29.2,35,295878,25:16.0,SykesPropertyID,SykesPark:0,SykesParkID,282388,1,635439,1,2,1,2,Friday,54.0382754,-0.2391835,,HP East Yorkshire Coast,St Edmunds Church,Current,Unique wow (Castle / lighthouse / thatched),5,Ticks 1 to 5,4,5,1,0,461500,515500,"Fraisthorpe, East Riding of Yorkshire",Other settlement,East Riding of Yorkshire,England,Fraisthorpe,North York Moors & Coast,24/10/2024,27/10/2024,,,Unknown,Unknown,Unknown,0,22,Super Income Maximisation,,No,1,1,0,0,1,0,0,0,1,0,0,0,0,0,0,1,1,0,1,0,0,1,0,0,0,1,0,0,0,1,0,0,1,0,0,0,0,1,1,0,1,0,0,1,0,1,0,0,0,1,criteria met,"It is so unique and individual. We really enjoyed looking at the all its features, it was an attraction in itself.",the renovation has been done to an extremely high spec and sympathetic to its history,,,
1062502,Best Historic Property,2,9.5,10,10,10,0.2,8.766472902,9.259883741,09:29.2,36,135490,50:07.0,SykesPropertyID,SykesPark:0,SykesParkID,182583,1,182094,1,1,1,3,Saturday,56.12577222,-5.491956007,,HP Argyll & Bute,Kilmartin View,Current,Cottage,3,Ticks 1 to 5,5,3,1,0,698500,183500,"Kilmartin, Argyll and Bute",Other settlement,Argyll and Bute,Scotland,Kilmartin,Central Scotland,08/06/2021,12/06/2021,,,Unknown,Unknown,Unknown,0,18,Super Income Maximisation,,No,1,1,0,0,0,0,0,1,1,0,0,0,0,0,0,1,1,1,1,0,0,0,0,0,0,1,0,0,0,1,0,0,0,0,0,0,1,0,1,0,0,1,1,0,0,0,0,0,0,,review evidence only - manual review recommended,the wonderful local history of cairns and the incredible Nether Largie standing stones and Temple Wood stone circles,surrounded by stunning countryside with an abundance of history,,,
1138865,Best Historic Property,2,9.5,10,10,13,0.153846154,8.766472902,9.259883741,09:29.2,37,235497,22:41.0,SykesPropertyID,SykesPark:0,SykesParkID,257215,382,553093,1,2,2,4,Friday,50.6064566,-2.45226,,HP Dorset Coast,Stanley House,Current,House,4,Ticks 1 to 5,8,4,1,0,78500,367500,"Rodwell, Dorset",Other settlement,Dorset,England,Rodwell,Dorset,03/12/2024,03/12/2024,,,Unknown,Unknown,Unknown,0,20,Super Income Maximisation,,Yes,1,1,0,0,1,0,0,0,1,0,0,0,0,0,0,1,1,0,1,0,0,1,1,1,0,1,0,1,0,1,0,0,1,0,0,1,0,1,1,0,0,1,0,1,0,0,0,0,0,,review evidence only - manual review recommended,"A beautiful historic home, clearly decorated with love",The house was lovely with lots of character and had a lovely feel to it.,,,
1094516,Best Historic Property,2,9.5,10,10,10,0.2,8.766472902,9.259883741,09:29.2,38,179059,02:01.0,SykesPropertyID,SykesPark:0,SykesParkID,213920,402,405606,1,3,1,2,Saturday,54.6199074,-3.0560566,,Cumbria West of M6,Jacky Garth Cottage,Current,Cottage,4,Ticks 1 to 5,4,4,0,0,525500,331500,"Threlkeld, Cumbria",Other settlement,Cumbria,England,Threlkeld,Cumbria & The Lake District,22/12/2021,01/02/2022,,,Unknown,Unknown,Unknown,0,18,Super Income Maximisation,,No,1,1,1,0,1,0,0,0,1,1,0,0,0,0,0,0,0,0,1,0,1,1,1,0,0,1,0,0,0,1,0,0,1,0,0,0,0,1,1,0,1,1,0,1,0,0,0,0,0,1,criteria met,The cottage is 17th century and has some beautiful features.,Cottage full of character.,,,
1091285,Best Historic Property,2,9.5,10,10,18,0.111111111,8.766472902,9.259883741,09:29.2,39,178456,15:46.0,SykesPropertyID,SykesPark:0,SykesParkID,213462,365,396117,1,1,2,2,Friday,51.9283231,-1.7234776,,HP Cotswolds,Spinners Cottage,Current,Cottage,5,Ticks 1 to 5,4,5,1,0,225500,419500,"Stow-on-the-Wold, Gloucestershire",Town,Gloucestershire,England,Stow-on-the-Wold,Cotswolds,06/03/2018,06/03/2018,,,Unknown,Unknown,Unknown,0,20,Full Income Maximisation,,No,1,1,1,0,1,0,0,0,0,1,0,0,0,0,0,1,0,1,0,0,0,1,1,1,0,1,0,0,0,1,0,0,1,0,0,0,0,1,1,0,1,1,0,0,0,0,1,0,0,1,criteria met,It is an authentic historical cottage decorated beautifully.,"This beautiful character cottage is walking distance to the stunning Stow on the Wold main village hub with wonderful shops, hotels and pubs full of history",,,
1102923,Best Historic Property,2,9.5,10,10,13,0.153846154,8.766472902,9.259883741,09:29.2,40,189814,52:59.0,SykesPropertyID,SykesPark:0,SykesParkID,222072,1,302288,0,0,1,2,Friday,57.2029407,-2.4605432,,Scottish Lowlands,East Wing - Castle Fraser,Current,Apartment,4,Ticks 1 to 5,4,4,0,0,814500,372500,"Craigearn, Aberdeenshire",Other settlement,Aberdeenshire,Scotland,Craigearn,Highlands and Islands,20/05/2022,27/05/2022,,,Unknown,Unknown,Unknown,0,15,Super Income Maximisation,,No,1,1,0,0,1,0,0,0,1,0,0,0,0,0,0,1,0,1,0,0,0,1,0,0,0,1,0,0,0,1,0,1,1,0,0,1,0,0,1,0,1,1,0,1,0,0,0,0,1,1,criteria met,the castle tour was one of the best we have ever been round,Loved being part of the castle,,,
1043039,Best Historic Property,5,9.2,10,9.8,14,0.357142857,8.813178321,9.247906993,09:29.2,41,137998,02:01.0,SykesPropertyID,SykesPark:0,SykesParkID,163582,402,257033,1,2,2,3,Friday,54.389455,-3.0496,,HP Lake District,Yew Tree Farm,Current,Unknown,4,Ticks 1 to 5,6,4,1,0,498500,331500,"High Water Head, Cumbria",Other settlement,Cumbria,England,High Water Head,Cumbria & The Lake District,12/06/2019,12/06/2019,,,Unknown,Unknown,Unknown,0,14,Super Income Maximisation,,Yes,1,1,0,0,1,1,0,0,1,1,0,0,0,0,0,1,0,1,0,0,0,0,0,0,0,0,0,0,0,1,0,0,1,0,0,1,0,1,1,0,0,1,1,0,0,0,0,0,0,,review evidence only - manual review recommended,Beautiful historic and atmospheric cottage,The house was once owned by Beatrix Potter and still contains some of her furniture.,It was like stepping back in time entering this atmospheric and authentic farmhouse,It didn’t require much imagination to feel the extraordinary legacy of Beatrix Potter and her commitment to sustainable farming.,"A beautiful, old, iconic stone cottage"
1174940,Best Historic Property,1,10,10,10,9,0.111111111,8.745243165,9.247145899,09:29.2,42,307704,13:59.0,SykesPropertyID,SykesPark:0,SykesParkID,291445,1,654005,1,2,2,2,Friday,52.8260304,-3.1327754,,Mid Wales,The Long House,Current,House detached,4,Ticks 1 to 5,5,4,0,0,326500,323500,"Pentre, Shropshire",Other settlement,Shropshire,England,Pentre,Heart of England,30/05/2025,04/07/2025,,,Unknown,Unknown,Unknown,0,18,Super Income Maximisation,,No,1,1,0,0,1,0,0,0,1,1,0,0,0,0,0,1,0,1,1,0,0,1,0,0,0,1,0,0,0,1,0,0,1,0,1,1,0,1,1,0,1,1,0,1,0,0,0,0,0,1,criteria met,Julie the owner has lovingly restored the house to the highest standard and retained so much history.,,,,
1181896,Best Historic Property,1,10,10,10,6,0.166666667,8.745243165,9.247145899,09:29.2,43,317660,04:06.0,SykesPropertyID,SykesPark:0,SykesParkID,296911,400,664427,1,2,2,2,Friday,51.9692039,-3.7920506,,Mid Wales,West Cottage,Current,Unique wow (Castle / lighthouse / thatched),5,Ticks 1 to 5,4,5,0,0,230500,276500,"Myrtle Hill, Carmarthenshire",Other settlement,Carmarthenshire,Wales,Myrtle Hill,South Wales,31/10/2025,07/11/2025,,,Unknown,Unknown,Unknown,0,15,Fixed Prices,,No,0,0,1,0,1,0,0,0,0,0,0,0,0,0,0,0,0,1,1,0,0,1,0,0,0,1,0,0,0,1,0,0,0,0,0,0,0,0,1,0,1,1,0,1,0,0,0,0,1,1,criteria met,The historical building itself is beautiful,,,,
1173595,Best Historic Property,1,10,10,10,9,0.111111111,8.745243165,9.247145899,09:29.2,44,305847,54:39.0,SykesPropertyID,SykesPark:0,SykesParkID,290118,1,651100,1,1,1,2,Saturday,50.2204216,-5.2674156,,Cornwall,The Coach House,Current,Cottage,3,Ticks 1 to 5,4,3,0,0,40500,166500,"Brea, Cornwall",Other settlement,Cornwall,England,Brea,Cornwall,17/06/2025,17/06/2025,,20/03/2026,Owner is unsure of intentions,Owner is unsure of intentions,Not Impacted by Sykes,0,20,Super Income Maximisation,,No,1,1,0,0,1,0,0,0,1,0,0,0,0,0,0,1,1,1,1,0,0,1,0,0,0,1,0,0,1,1,0,1,1,0,0,0,1,1,1,0,1,1,0,1,0,0,0,0,0,1,criteria met,we wanted to explore the industrial heritage of the region,,,,
1175244,Best Historic Property,1,10,10,10,23,0.043478261,8.745243165,9.247145899,09:29.2,45,308121,28:52.0,SykesPropertyID,SykesPark:0,SykesParkID,291721,1,641531,1,1,1,2,Friday,53.3355417,-3.4178834,,North Wales,Fishermans Cottage,Current,Cottage,4,Ticks 1 to 5,4,4,0,0,382500,306500,"Prestatyn, Denbighshire",Town,Denbighshire,Wales,Prestatyn,North Wales,30/04/2025,09/05/2025,,,Unknown,Unknown,Unknown,0,18,Super Income Maximisation,,No,1,0,1,0,1,1,0,0,0,1,0,0,0,0,0,1,1,1,1,0,0,1,0,1,0,1,1,1,0,1,0,0,1,0,0,0,1,1,1,0,1,1,0,1,0,0,0,0,0,1,criteria met,"Loved the history of the cottage, hence the name.",,,,
1179296,Best Historic Property,1,10,10,10,6,0.166666667,8.745243165,9.247145899,09:29.2,46,315988,23:04.0,SykesPropertyID,SykesPark:0,SykesParkID,295646,1,661972,0,0,4,6,Saturday,52.247947,-2.697105,,Herefordshire,The Old Vicarage,Current,House detached,4,Ticks 1 to 5,14,4,0,0,261500,352500,"Kimbolton, Herefordshire",Other settlement,Herefordshire,England,Kimbolton,Heart of England,04/07/2025,22/08/2025,,,Unknown,Unknown,Unknown,0,15,Fixed Prices,,Yes,1,1,1,0,1,0,0,0,1,1,0,0,0,0,0,1,0,1,1,0,0,1,0,0,0,1,0,0,1,1,0,1,1,0,0,1,0,1,1,0,1,1,0,1,0,0,0,0,0,1,criteria met,Beautiful old property,,,,
1163461,Best Historic Property,1,10,10,10,5,0.2,8.745243165,9.247145899,09:29.2,47,,,,,,,,,,,,,,,,,,,,,,,,,,,,,,,,,,,,,,,,,,,,,,,,,,,,,,,,,,,,,,,,,,,,,,,,,,,,,,,,,,,,,,,,,,,,,,,,,no property data - manual review recommended,"it is clearly steeped in history, which is obviously apparent from the outside with some of the workings of the former gate to Hestercombe House still visible.",,,,
1162230,Best Historic Property,1,10,10,10,15,0.066666667,8.745243165,9.247145899,09:29.2,48,291966,20:31.0,SykesPropertyID,SykesPark:0,SykesParkID,279192,1,93869,1,8,2,5,Friday,51.8013974,-4.5815591,,South Wales,Little Pale,Current,Farm Stay,5,Ticks 1 to 5,14,5,0,0,215500,220500,"Trevaughan, Carmarthenshire",Other settlement,Carmarthenshire,Wales,Trevaughan,South Wales,16/09/2024,16/09/2024,,,Unknown,Unknown,Unknown,0,16,Super Income Maximisation,,No,1,1,1,0,1,1,0,1,0,1,0,0,0,0,0,1,0,1,1,1,0,1,0,0,0,1,0,0,0,1,0,0,1,0,1,1,0,1,1,0,1,1,0,1,0,1,0,0,0,1,criteria met,Loved the old and the new style of this original stone cottage,,,,
1062037,Best Historic Property,1,10,10,10,10,0.1,8.745243165,9.247145899,09:29.2,49,134768,50:49.0,SykesPropertyID,SykesPark:0,SykesParkID,182146,1,307363,1,1,1,1,Friday,52.5590251,-2.7881588,,HP Shropshire,The Wheelhouse at Dudgeley Mill,Current,Cottage,3,Ticks 1 to 5,2,3,1,0,296500,346500,"Inwood, Shropshire",Other settlement,Shropshire,England,Inwood,Heart of England,05/05/2021,10/05/2021,,,Unknown,Unknown,Unknown,0,18,Super Income Maximisation,,No,1,0,0,0,0,0,0,0,1,0,0,0,0,0,0,1,0,1,1,1,0,1,0,0,0,1,0,0,0,0,0,0,1,0,0,0,0,1,1,0,0,0,0,1,0,0,0,0,0,,review evidence only - manual review recommended,investigating the surrounding countryside and absorbing the local history,,,,
1060681,Best Historic Property,1,10,10,10,11,0.090909091,8.745243165,9.247145899,09:29.2,50,133915,27:48.0,SykesPropertyID,SykesPark:0,SykesParkID,180766,1,302427,1,2,1,3,Saturday,55.8126797,-4.2595125,,Scottish Lowlands,The Coach House - Holmwood,Current,Cottage,4,Ticks 1 to 5,5,4,0,0,660500,258500,"Cathcart, Glasgow City",Other settlement,Glasgow City,Scotland,Cathcart,Southern Scotland,14/12/2020,14/12/2020,,,Unknown,Unknown,Unknown,0,15,Super Income Maximisation,,No,1,1,0,0,0,0,0,0,1,0,0,0,0,0,0,1,0,1,1,0,0,1,1,0,0,1,0,1,1,1,0,0,1,0,1,1,0,1,1,0,1,1,0,1,0,0,0,0,1,1,criteria met,"It was lovely to stay in a historic, beautifully maintained and clean property",,,,
1052742,Best Historic Property,1,10,10,10,9,0.111111111,8.745243165,9.247145899,09:29.2,51,131833,54:19.0,SykesPropertyID,SykesPark:0,SykesParkID,173011,1,278746,1,2,1,2,Friday,51.2254015,1.3728995,,South East,Woodlands By The Sea Cottage,Current,House,4,Ticks 1 to 5,4,4,0,0,152500,635500,"Sholden, Kent",Other settlement,Kent,England,Sholden,South Coast,20/08/2020,21/08/2020,,,Unknown,Unknown,Unknown,0,20,Full Income Maximisation,,No,1,1,1,0,1,0,0,0,1,0,0,0,0,0,0,1,1,1,1,0,0,1,0,0,0,1,1,0,0,1,0,0,1,0,0,0,0,1,1,0,0,0,0,0,0,0,1,0,0,,review evidence only - manual review recommended,"this cottage, a grade II listed building",,,,
1050404,Best Historic Property,1,10,10,10,12,0.083333333,8.745243165,9.247145899,09:29.2,52,130866,58:09.0,SykesPropertyID,SykesPark:0,SykesParkID,170795,1,74335,0,0,2,7,Friday,53.1090805,-1.5558966,,Peak District & Derbyshire,The Mill Managers House,Current,House,5,Ticks 1 to 5,14,5,0,0,356500,429500,"Cromford, Derbyshire",Other settlement,Derbyshire,England,Cromford,Peak District,21/10/2020,21/10/2020,,,Unknown,Unknown,Unknown,0,16,Super Income Maximisation,,Yes,1,1,0,0,1,0,0,0,1,1,0,0,0,0,0,1,0,1,1,0,0,0,1,1,0,1,0,0,1,1,0,1,1,0,0,1,0,1,1,0,1,1,0,0,0,0,0,0,1,1,criteria met,"Lovely, period property in an interesting location",,,,
1155470,Best Historic Property,1,10,10,10,7,0.142857143,8.745243165,9.247145899,09:29.2,53,283692,16:24.0,SykesPropertyID,SykesPark:0,SykesParkID,272628,302,601655,1,2,2,3,Friday,50.4776198,-4.2958077,,Devon,Manor Barn,Current,House detached,4,Ticks 1 to 5,6,4,0,0,66500,237500,"Bealbury, Cornwall",Other settlement,Cornwall,England,Bealbury,Cornwall,14/06/2024,14/06/2024,,,Unknown,Unknown,Unknown,0,18,Super Income Maximisation,,No,1,1,1,0,1,0,0,0,1,0,0,0,0,0,0,1,0,1,0,0,0,1,0,0,0,1,0,0,0,1,0,0,1,0,0,1,0,0,1,0,0,1,0,1,0,0,0,0,0,,review evidence only - manual review recommended,charming mix of new open plan living but with its heritage very much at its heart,,,,
1158470,Best Historic Property,1,10,10,10,20,0.05,8.745243165,9.247145899,09:29.2,54,287243,00:29.0,SykesPropertyID,SykesPark:0,SykesParkID,275546,1,611521,1,2,2,3,Saturday,50.3965065,-3.508193,,HP Devon South Coast,3 Pebble Cottage,Current,Cottage,4,Ticks 1 to 5,5,4,1,0,55500,292500,"Brixham, Torbay",Other settlement,Torbay,England,Brixham,Devon,18/10/2024,28/12/2024,,,Unknown,Unknown,Unknown,0,16,Super Income Maximisation,,No,1,1,1,0,1,0,0,0,1,1,0,0,0,0,0,0,1,0,1,0,0,1,1,1,0,1,0,0,0,1,0,0,1,0,0,0,0,1,1,0,0,1,0,1,0,0,0,0,0,,review evidence only - manual review recommended,many original features,,,,
1158539,Best Historic Property,1,10,10,10,17,0.058823529,8.745243165,9.247145899,09:29.2,55,287368,15:27.0,SykesPropertyID,SykesPark:0,SykesParkID,275625,1,611942,1,2,1,2,Saturday,52.8530649,0.9017598,,Norfolk,White House Cottage,Current,Cottage,3,Ticks 1 to 5,4,3,0,0,332500,595500,"Little Snoring, Norfolk",Other settlement,Norfolk,England,Little Snoring,East Anglia,19/06/2024,25/06/2024,,,Unknown,Unknown,Unknown,0,20,Super Income Maximisation,,No,1,1,1,0,1,0,0,0,1,1,0,0,0,0,0,1,0,1,0,0,0,1,1,0,0,1,0,0,0,1,0,0,1,0,0,0,0,1,1,0,0,0,0,1,0,0,0,0,0,,review evidence only - manual review recommended,Lovely period property.,,,,
1138259,Best Historic Property,1,10,10,10,13,0.076923077,8.745243165,9.247145899,09:29.2,56,234851,58:18.0,SykesPropertyID,SykesPark:0,SykesParkID,256626,1,551494,1,2,1,1,Saturday,53.1750315,-3.8311789,,HP - Wales Snowdonia,Trem Y Don,Current,House,4,Ticks 1 to 5,2,4,1,0,367500,277500,"Dolgarrog, Conwy",Other settlement,Conwy,Wales,Dolgarrog,North Wales,14/08/2023,14/08/2023,,,Unknown,Unknown,Unknown,0,20,Full Income Maximisation,,No,1,0,0,0,1,1,0,0,1,1,0,0,0,0,0,1,0,1,1,0,1,1,0,0,0,1,0,0,1,1,0,0,1,0,0,1,1,1,1,0,0,1,0,1,0,0,1,0,0,,review evidence only - manual review recommended,I have never experienced a history like it,,,,
1140788,Best Historic Property,1,10,10,10,14,0.071428571,8.745243165,9.247145899,09:29.2,57,,,,,,,,,,,,,,,,,,,,,,,,,,,,,,,,,,,,,,,,,,,,,,,,,,,,,,,,,,,,,,,,,,,,,,,,,,,,,,,,,,,,,,,,,,,,,,,,,no property data - manual review recommended,the ruined chapel in the owners garden,,,,
1137181,Best Historic Property,1,10,10,10,8,0.125,8.745243165,9.247145899,09:29.2,58,233621,06:08.0,SykesPropertyID,SykesPark:0,SykesParkID,255543,1,548351,1,1,1,2,Saturday,52.8849619,-0.511488,,Lincolnshire,Granary Cottage,Current,House,4,Ticks 1 to 5,3,4,0,0,332500,500500,"Humby, Lincolnshire",Other settlement,Lincolnshire,England,Humby,East Anglia,23/06/2023,01/07/2023,,,Unknown,Unknown,Unknown,0,22,Super Income Maximisation,,No,1,1,0,0,1,0,0,0,1,1,0,0,0,0,0,1,0,1,0,0,0,1,0,0,0,1,0,0,0,1,0,0,1,0,0,1,0,1,1,0,1,1,0,1,0,0,0,0,0,1,criteria met,the cottage was full of character,,,,
1077652,Best Historic Property,1,10,10,10,14,0.071428571,8.745243165,9.247145899,09:29.2,59,156761,33:42.0,SykesPropertyID,SykesPark:0,SykesParkID,197195,1,352931,1,1,1,1,Saturday,55.4125668,-1.7043254,,HP Northumberland,Beals Yard,Current,Annex,4,Ticks 1 to 5,2,4,1,0,613500,418500,"Alnwick, Northumberland",Town,Northumberland,England,Alnwick,Northumberland,06/07/2021,10/07/2021,,,Unknown,Unknown,Unknown,0,18,Super Income Maximisation,,Yes,1,0,1,0,1,0,0,0,0,0,0,0,0,0,0,1,0,0,1,0,0,1,1,1,0,1,0,1,0,1,0,0,1,0,1,1,0,0,1,0,1,0,0,1,0,1,1,0,0,1,criteria met,all the history that the area has to offer,,,,
1082528,Best Historic Property,1,10,10,10,6,0.166666667,8.745243165,9.247145899,09:29.2,60,,,,,,,,,,,,,,,,,,,,,,,,,,,,,,,,,,,,,,,,,,,,,,,,,,,,,,,,,,,,,,,,,,,,,,,,,,,,,,,,,,,,,,,,,,,,,,,,,no property data - manual review recommended,"Quaint, cosy, clean and comfortable historic cottage",,,,
1067947,Best Historic Property,1,10,10,10,12,0.083333333,8.745243165,9.247145899,09:29.2,61,144449,11:00.0,SykesPropertyID,SykesPark:0,SykesParkID,187818,1,324524,1,1,1,2,Friday,55.7532565,-1.9874576,,HP Scottish Borders,Sea Snug,Current,Apartment,4,Ticks 1 to 5,4,4,1,0,651500,400500,"Spittal, Northumberland",Other settlement,Northumberland,England,Spittal,Northumberland,01/07/2021,02/07/2021,,,Unknown,Unknown,Unknown,0,20,Super Income Maximisation,,No,1,0,0,0,0,0,0,0,1,0,0,0,0,0,0,1,1,0,1,0,0,1,0,1,0,1,0,1,0,1,0,0,1,0,0,0,0,1,1,0,1,1,0,1,0,0,0,0,0,1,criteria met,lots of history,,,,
1080047,Best Historic Property,1,10,10,10,13,0.076923077,8.745243165,9.247145899,09:29.2,62,159978,06:27.0,SykesPropertyID,SykesPark:0,SykesParkID,199714,1,360750,1,1,1,2,Friday,50.6204165,-1.2358011,,Isle of Wight,Freemantle Lodge,Current,House,4,Ticks 1 to 5,4,4,0,0,81500,454500,"Sandford, Isle of Wight",Other settlement,Isle of Wight,England,Sandford,South Coast,16/11/2022,25/11/2022,,,Unknown,Unknown,Unknown,0,18,Super Income Maximisation,,No,1,1,1,0,1,0,0,1,1,0,0,0,0,0,0,1,1,1,1,0,0,1,0,0,0,1,0,0,0,1,0,0,1,0,0,0,0,1,1,0,1,1,0,1,0,0,0,0,0,1,criteria met,Outstanding character property,,,,
1043848,Best Historic Property,1,10,10,10,14,0.071428571,8.745243165,9.247145899,09:29.2,63,132282,57:43.0,SykesPropertyID,SykesPark:0,SykesParkID,164437,400,254702,1,2,2,2,Friday,52.018187,-4.82951,,HP - Wales Pembrokeshire Coast,Goldcrest,Current,Cottage,4,Ticks 1 to 5,4,4,1,0,239500,205500,"Newport/Trefdraeth, Pembrokeshire",Other settlement,Pembrokeshire,Wales,Newport /Trefdraeth,South Wales,04/09/2020,04/09/2020,,,Unknown,Unknown,Unknown,0,20,Super Income Maximisation,,No,1,1,1,0,1,0,0,0,1,0,0,0,0,0,0,1,1,0,1,0,1,0,1,1,0,1,0,0,0,1,0,0,1,0,0,0,1,1,1,0,1,1,0,0,0,0,0,0,0,1,criteria met,a notice board can be found there which sparked our interest in the history of Newport by showing an illustration of the first Anglo/Norman settlement in 1197,,,,
1039951,Best Historic Property,1,10,10,10,8,0.125,8.745243165,9.247145899,09:29.2,64,,,,,,,,,,,,,,,,,,,,,,,,,,,,,,,,,,,,,,,,,,,,,,,,,,,,,,,,,,,,,,,,,,,,,,,,,,,,,,,,,,,,,,,,,,,,,,,,,no property data - manual review recommended,"in a charming, historical village",,,,
7743,Best Historic Property,1,10,10,10,10,0.1,8.745243165,9.247145899,09:29.2,65,48429,18:09.0,SykesPropertyID,SykesPark:0,SykesParkID,7127,1,64494,1,1,2,2,Saturday,53.2875647,-1.7142654,,HP Peak District,Sycamore Cottage,Current,Semi detached,3,Ticks 1 to 5,4,3,1,0,376500,419500,"Foolow, Derbyshire",Other settlement,Derbyshire,England,Foolow,Peak District,23/12/2016,28/01/2017,,,Unknown,Unknown,Unknown,0,20,Full Income Maximisation,23/12/2016,No Option Assigned,1,0,0,0,1,0,0,0,1,0,0,0,0,0,0,0,0,0,0,0,1,0,1,0,0,1,0,0,0,0,0,0,0,0,0,0,0,0,1,0,0,1,0,0,0,0,0,0,0,,review evidence only - manual review recommended,This cottage is full of history and character.,,,,
921199,Best Historic Property,1,10,10,10,10,0.1,8.745243165,9.247145899,09:29.2,66,56766,40:27.0,SykesPropertyID,SykesPark:0,SykesParkID,41853,1,100945,0,0,1,1,Friday,51.2125362,-4.0712393,,HP Devon North Coast,Tom's House,Current,Semi detached,3,Ticks 1 to 5,2,3,1,0,147500,255500,"Goosewell, Devon",Other settlement,Devon,England,Goosewell,Devon,11/05/2015,01/11/2015,,,Unknown,Unknown,Unknown,0,18,Full Income Maximisation,14/09/2020,No Option Assigned,1,0,0,0,1,0,0,0,1,0,0,0,0,0,0,1,1,0,0,0,0,1,0,0,0,1,0,0,0,1,0,1,1,0,0,1,0,1,1,0,1,0,0,0,0,0,0,0,0,1,criteria met,The house was Terry Thomas' house back in the day and there are posters and other artifacts of him which we enjoyed looking at.,,,,
1096113,Best Historic Property,1,10,10,10,9,0.111111111,8.745243165,9.247145899,09:29.2,67,181556,48:47.0,SykesPropertyID,SykesPark:0,SykesParkID,215503,370,194775,1,1,2,2,Friday,50.348367,-3.5782472,,HP Devon South Coast,Queens View,Current,Apartment,4,Ticks 1 to 5,4,4,1,0,51500,287500,"Dartmouth, Devon",Town,Devon,England,Dartmouth,Devon,29/03/2024,29/03/2024,,,Unknown,Unknown,Unknown,0,14,Super Income Maximisation,,No,1,1,0,0,0,0,0,0,0,0,0,0,0,0,0,1,1,1,1,0,0,1,1,1,0,1,0,0,0,1,0,1,1,0,1,1,0,1,1,0,0,1,0,1,0,0,0,0,0,,review evidence only - manual review recommended,the high quality and thoughtful renovation of this historic property,,,,
1104230,Best Historic Property,1,10,10,10,6,0.166666667,8.745243165,9.247145899,09:29.2,68,191690,00:14.0,SykesPropertyID,SykesPark:0,SykesParkID,223508,1,302427,0,0,1,4,Friday,55.354695,-4.789326,,Scottish Lowlands,Clocktower - Culzean Castle,Current,Apartment,4,Ticks 1 to 5,6,4,0,0,607500,224500,"Kirkoswald, South Ayrshire",Other settlement,South Ayrshire,Scotland,Kirkoswald,Southern Scotland,24/06/2022,24/06/2022,,,Unknown,Unknown,Unknown,0,15,Super Income Maximisation,,No,1,1,1,0,1,0,0,0,1,1,0,0,0,0,0,1,1,1,1,0,0,1,0,0,0,1,0,0,0,1,0,1,1,0,0,1,0,1,1,0,1,1,0,1,0,0,0,0,0,1,criteria met,To actually get to stay there at the beautiful Clocktower was simply wonderful.,,,,
1103560,Best Historic Property,1,10,10,10,8,0.125,8.745243165,9.247145899,09:29.2,69,190522,10:47.0,SykesPropertyID,SykesPark:0,SykesParkID,222747,1,436634,1,2,1,1,Friday,52.9249177,-4.2579771,,HP - Wales North West Coast,Min Y Mor,Current,House detached,3,Ticks 1 to 5,2,3,1,0,338500,247500,"Llanystumdwy, Gwynedd",Other settlement,Gwynedd,Wales,Llanystumdwy,North Wales,09/06/2023,14/06/2023,,,Unknown,Unknown,Unknown,0,15,Super Income Maximisation,,No,1,0,0,0,1,0,0,0,0,1,0,0,0,0,0,0,1,1,1,0,0,1,0,0,0,1,1,0,0,1,0,0,1,0,0,1,1,1,1,0,0,1,0,1,0,0,1,0,0,,review evidence only - manual review recommended,Nicely tucked away behind Ty Newydd Writing Centre (the last home of Prime Minister David Lloyd George).,,,,
1133248,Best Historic Property,1,10,10,10,15,0.066666667,8.745243165,9.247145899,09:29.2,70,229140,42:31.0,SykesPropertyID,SykesPark:0,SykesParkID,251736,1,342031,1,2,2,4,Friday,55.7668203,-2.0028075,,HP Scottish Borders,The Indigo House,Current,House detached,5,Ticks 1 to 5,8,5,1,0,652500,399500,"Berwick-upon-Tweed, Northumberland",Town,Northumberland,England,Berwick-upon-Tweed,Northumberland,03/07/2023,04/09/2023,,,Unknown,Unknown,Unknown,0,15,Super Income Maximisation,,No,1,1,1,0,1,0,0,0,0,0,0,0,0,0,0,1,1,1,1,0,0,1,1,1,0,1,0,1,1,1,0,0,1,0,0,1,0,1,1,0,1,1,0,1,0,0,0,0,0,1,criteria met,The house appears in one of the artist's pencil sketches of Palace Street,,,,
962748,Best Historic Property,1,10,10,10,20,0.05,8.745243165,9.247145899,09:29.2,71,96928,59:38.0,SykesPropertyID,SykesPark:0,SykesParkID,54853,1,149236,1,2,2,3,Friday,53.2269435,-1.2798277,,Central England,Cherry Fields,Current,Bungalow,3,Ticks 1 to 5,5,3,0,0,370500,447500,"Bolsover, Derbyshire",Town,Derbyshire,England,Bolsover,Peak District,19/03/2018,30/03/2018,,,Unknown,Unknown,Unknown,0,20,Full Income Maximisation,,Yes,1,1,0,0,1,0,0,0,1,0,0,0,0,0,0,1,0,0,0,0,0,0,1,1,0,0,0,0,0,0,0,0,0,0,0,1,0,0,1,0,0,0,0,0,0,0,0,0,0,,review evidence only - manual review recommended,situated in the historic town of Bolsover,,,,
936171,Best Historic Property,1,10,10,10,13,0.076923077,8.745243165,9.247145899,09:29.2,72,78549,09:40.0,SykesPropertyID,SykesPark:0,SykesParkID,54242,1,117368,0,0,1,1,Friday,52.8114426,-4.0966243,,HP - Wales North West Coast,Y Becws,Current,Detached,4,Ticks 1 to 5,2,4,1,0,326500,258500,"Llanbedr, Gwynedd",Other settlement,Gwynedd,Wales,Llanbedr,North Wales,05/05/2016,05/05/2016,,,Unknown,Unknown,Unknown,0,20,Partial Plus Income Maximisation,,No Option Assigned,1,1,1,0,1,0,0,1,1,0,0,0,0,0,0,1,1,1,0,1,1,0,0,0,0,1,0,0,0,1,0,0,1,0,0,0,1,1,1,0,1,0,0,0,0,0,1,0,0,1,criteria met,"the quality of the design, renovation and maintenance of this lovely old building",,,,
932767,Best Historic Property,1,10,10,10,13,0.076923077,8.745243165,9.247145899,09:29.2,73,78145,02:07.0,SykesPropertyID,SykesPark:0,SykesParkID,55084,1,60375,0,0,1,2,Saturday,52.918007,-4.3148679,,North Wales,Y Stabal,Current,Barn conversion,4,Ticks 1 to 5,4,4,0,0,337500,244500,"Afon Wen, Gwynedd",Other settlement,Gwynedd,Wales,Afon Wen,North Wales,27/05/2016,01/06/2016,,,Unknown,Unknown,Unknown,0,20,Partial Plus Income Maximisation,,No Option Assigned,1,1,1,0,1,0,0,0,1,0,0,0,0,0,0,1,1,1,0,1,0,0,0,0,0,1,0,0,0,1,0,0,1,0,1,1,0,1,1,0,1,1,1,1,0,0,0,0,0,1,criteria met,"they have not just done a wonderful restoration job, they have done it with such care and attention to detail.",,,,
998253,Best Historic Property,1,10,10,10,12,0.083333333,8.745243165,9.247145899,09:29.2,74,110613,58:09.0,SykesPropertyID,SykesPark:0,SykesParkID,80618,382,198005,1,2,1,2,Saturday,50.604989,-2.454363,,HP Dorset Coast,Fenders,Current,Unknown,4,Ticks 1 to 5,4,4,1,0,78500,367500,"Rodwell, Dorset",Other settlement,Dorset,England,Rodwell,Dorset,18/10/2018,18/10/2018,,,Unknown,Unknown,Unknown,0,24,Super Income Maximisation,,Yes,1,1,1,0,1,0,0,0,0,0,0,0,0,0,0,1,1,0,0,0,0,0,0,0,0,0,0,0,0,0,0,0,1,0,1,1,0,1,1,0,0,1,0,0,0,0,0,0,0,,review evidence only - manual review recommended,"Really enjoyed reading about the history of Fenders, it made us appreciate our surroundings even more!",,,,
981,Best Historic Property,1,10,10,10,8,0.125,8.745243165,9.247145899,09:29.2,75,58017,54:48.0,SykesPropertyID,SykesPark:0,SykesParkID,4399,1,59232,0,0,1,2,Saturday,50.66827315,-4.72756505,,HP Cornwall Coast,Mill Cottage,Current,Semi detached,3,Ticks 1 to 5,4,3,1,0,89500,207500,"Trethevy, Cornwall",Other settlement,Cornwall,England,Trethevy,Cornwall,13/08/2003,13/08/2003,,,Unknown,Unknown,Unknown,0,20,Super Income Maximisation,,No Option Assigned,1,1,0,0,1,0,0,0,1,1,0,0,0,0,0,1,1,1,0,0,0,1,0,0,0,1,0,0,0,1,0,1,1,0,1,1,0,1,1,0,1,1,0,1,0,0,0,0,0,1,criteria met,Wonderful historic property in amazing location.,,,,
994606,Best Historic Property,1,10,10,10,12,0.083333333,8.745243165,9.247145899,09:29.2,76,110701,12:33.0,SykesPropertyID,SykesPark:0,SykesParkID,110508,382,193983,1,1,2,3,Saturday,50.606776,-2.455002,,HP Dorset Coast,Safe Harbour,Current,Unknown,4,Ticks 1 to 5,6,4,1,0,78500,367500,"Rodwell, Dorset",Other settlement,Dorset,England,Rodwell,Dorset,09/04/2015,09/04/2015,,,Unknown,Unknown,Unknown,0,24,Fixed Prices,,Part - Property Management Only,1,1,1,0,1,0,0,0,0,0,0,0,0,0,0,1,1,0,0,0,0,0,0,0,0,0,0,0,0,0,0,0,1,0,1,1,0,0,1,0,0,1,0,0,0,0,0,0,0,,review evidence only - manual review recommended,"I was really interested in the history of the house, so looked up the old census returns, and it used to be a grocers in the 19th and early 20th centuries.",,,,
1123148,Best Historic Property,1,10,10,10,16,0.0625,8.745243165,9.247145899,09:29.2,77,214148,34:37.0,SykesPropertyID,SykesPark:0,SykesParkID,241518,302,508404,1,1,1,2,Saturday,50.3328427,-4.7578077,,HP Cornwall Coast,The Old Smokehouse,Current,Cottage,5,Ticks 1 to 5,4,5,1,0,52500,203500,"Bethel, Cornwall",Other settlement,Cornwall,England,Bethel,Cornwall,22/12/2022,23/12/2022,,,Unknown,Unknown,Unknown,0,19,Super Income Maximisation,,No,1,1,1,0,1,0,0,0,1,0,0,0,0,0,0,1,1,0,0,0,0,1,1,0,0,1,0,0,0,1,0,0,1,0,0,1,0,0,1,0,0,1,0,1,0,0,0,0,0,,review evidence only - manual review recommended,Charlestown is a great village steeped in history,,,,
1018336,Best Historic Property,1,10,10,10,9,0.111111111,8.745243165,9.247145899,09:29.2,78,129414,59:58.0,SykesPropertyID,SykesPark:0,SykesParkID,140314,1,225415,1,1,2,4,Friday,53.315911,-3.7834167,,HP - Wales North Coast,Saron Chapel,Current,Unique wow (Castle / lighthouse / thatched),4,Ticks 1 to 5,8,4,1,0,381500,281500,"Penrhyn side, Conwy",Other settlement,Conwy,Wales,Penrhyn side,North Wales,08/07/2020,17/07/2020,,,Unknown,Unknown,Unknown,0,20,Super Income Maximisation,,Yes,1,1,1,0,1,0,0,0,1,0,0,0,0,0,0,1,1,1,0,0,0,0,1,0,0,1,0,0,0,1,0,0,1,0,0,1,1,0,1,0,1,1,0,0,0,0,0,0,0,1,criteria met,conversion of an old chapel building,,,,
1002438,Best Historic Property,1,10,10,10,18,0.055555556,8.745243165,9.247145899,09:29.2,79,115500,43:39.0,SykesPropertyID,SykesPark:0,SykesParkID,111321,1,203018,1,2,1,3,Friday,53.407146,-0.602728,,Lincolnshire,Forge Cottage,Current,Cottage,4,Ticks 1 to 5,5,4,0,0,391500,492500,"Hemswell, Lincolnshire",Other settlement,Lincolnshire,England,Hemswell,East Anglia,10/04/2019,01/05/2019,,,Unknown,Unknown,Unknown,0,18,Super Income Maximisation,,No,1,0,1,0,1,0,0,0,1,1,0,0,0,0,0,1,0,1,1,0,0,0,0,0,0,1,0,0,0,1,0,0,1,0,0,1,1,1,1,0,1,1,0,0,0,0,0,0,0,1,criteria met,A wonderful cottage full of charm and history,,,,
1007949,Best Historic Property,1,10,10,10,7,0.142857143,8.745243165,9.247145899,09:29.2,80,131585,07:30.0,SykesPropertyID,SykesPark:0,SykesParkID,128927,1,211132,0,0,1,2,Friday,53.1944236,-2.8902892,,Cheshire & Wirral,Tower View Cottage,Current,House terraced,4,Ticks 1 to 5,3,4,0,0,366500,340500,"Chester, Cheshire",City,Cheshire,Wales,Chester,North Wales,12/08/2020,14/08/2020,,,Unknown,Unknown,Unknown,0,19,Super Income Maximisation,,No,1,1,1,0,1,0,0,0,0,0,0,0,0,0,0,1,0,0,0,0,0,0,1,1,0,0,0,1,1,1,0,1,1,0,0,0,0,1,1,0,1,0,0,0,0,0,0,0,0,1,criteria met,the town lived up to it's reputation for Britain's most historic town,,,,
1124282,Best Historic Property,1,10,10,10,12,0.083333333,8.745243165,9.247145899,09:29.2,81,217311,50:52.0,SykesPropertyID,SykesPark:0,SykesParkID,242584,1,512050,0,0,2,2,Friday,52.0624497,-1.6244411,,HP Cotswolds,4 The Old Council House,Current,Apartment,5,Ticks 1 to 5,4,5,1,0,240500,425500,"Shipston-on-Stour, Warwickshire",Other settlement,Warwickshire,England,Shipston-on-Stour,Cotswolds,29/04/2023,29/04/2023,,,Unknown,Unknown,Unknown,0,17,Super Income Maximisation,,No,1,1,1,0,1,0,0,0,1,0,0,0,0,0,0,1,0,1,1,0,0,1,1,1,0,1,0,0,0,1,0,1,1,0,0,0,0,1,1,0,1,1,0,1,0,0,0,0,0,1,criteria met,Wonderful period property.,,,,
1008877,Best Historic Property,1,10,10,10,13,0.076923077,8.745243165,9.247145899,09:29.2,82,116653,04:25.0,SykesPropertyID,SykesPark:0,SykesParkID,131075,389,213429,0,0,2,2,Friday,53.0814743,-4.30498457,,North Wales,Hen Stabl Llandwrog,Current,Unknown,4,Ticks 1 to 5,4,4,0,0,356500,245500,"Llandwrog, Gwynedd",Other settlement,Gwynedd,Wales,Llandwrog,North Wales,26/03/2018,02/04/2018,,,Unknown,Unknown,Unknown,0,20,Partial Plus Income Maximisation,,No Option Assigned,1,1,0,0,1,0,0,0,1,1,0,0,0,0,0,1,1,0,1,0,0,0,1,1,0,0,0,0,0,0,0,0,0,0,0,0,0,0,1,0,0,1,0,0,0,0,0,0,0,,review evidence only - manual review recommended,an attractive and thoughtful adaptation of a former estate building,,,,
1092259,Best Historic Property,1,10,10,10,13,0.076923077,8.745243165,9.247145899,09:29.2,83,175644,41:03.0,SykesPropertyID,SykesPark:0,SykesParkID,211495,1,398553,1,2,3,4,Friday,52.9444278,0.4933179,,HP East Anglia,Greylag,Current,Townhouse,4,Ticks 1 to 5,8,4,1,0,340500,567500,"Hunstanton, Norfolk",Town,Norfolk,England,Hunstanton,East Anglia,26/09/2024,14/10/2024,,,Unknown,Unknown,Unknown,0,18,Super Income Maximisation,,No,0,1,1,0,1,0,0,0,1,1,0,0,0,0,0,1,0,0,0,0,0,1,0,1,0,0,0,0,0,1,0,0,1,0,0,0,0,1,1,0,1,1,0,1,0,0,0,0,0,1,criteria met,This is a lovely Victorian property,,,,
1133637,Best Historic Property,1,10,10,10,16,0.0625,8.745243165,9.247145899,09:29.2,84,229516,50:44.0,SykesPropertyID,SykesPark:0,SykesParkID,252112,1,538108,1,2,1,1,Friday,51.8072781,-5.0691078,,South Wales,Coach House,Current,Annex,4,Ticks 1 to 5,2,4,0,0,218500,188500,"Simpson, Pembrokeshire",Other settlement,Pembrokeshire,Wales,Simpson,South Wales,18/12/2023,01/03/2024,,,Unknown,Unknown,Unknown,0,19,Super Income Maximisation,,Yes,1,0,1,0,1,0,0,0,1,0,0,0,0,0,0,1,1,1,1,0,0,1,0,0,0,1,0,0,0,0,0,0,1,0,0,1,0,1,1,0,1,0,0,1,0,0,1,0,0,1,criteria met,Lots of character definitely recommend,,,,
1126528,Best Historic Property,1,10,10,10,6,0.166666667,8.745243165,9.247145899,09:29.2,85,221556,42:45.0,SykesPropertyID,SykesPark:0,SykesParkID,245217,389,520349,1,2,1,2,Friday,53.232506,-4.012709,,HP - Wales North Coast,Old Chapel House,Current,Cottage,4,Ticks 1 to 5,4,4,1,0,372500,265500,"Abergwyngregyn, Gwynedd",Other settlement,Gwynedd,Wales,Abergwyngregyn,North Wales,05/12/2025,08/01/2026,,,Unknown,Unknown,Unknown,0,18,Super Income Maximisation,,No,1,1,1,0,1,0,0,0,1,0,0,0,0,0,0,1,0,1,1,0,0,1,0,0,0,1,0,0,0,1,0,0,1,0,0,0,0,1,1,0,0,0,0,1,0,0,0,0,0,,review evidence only - manual review recommended,nicely restored period stone cottage,,,,
924332,Best Historic Property,1,10,10,10,16,0.0625,8.745243165,9.247145899,09:29.2,86,,,,,,,,,,,,,,,,,,,,,,,,,,,,,,,,,,,,,,,,,,,,,,,,,,,,,,,,,,,,,,,,,,,,,,,,,,,,,,,,,,,,,,,,,,,,,,,,,no property data - manual review recommended,It is unique and has an interesting history.,,,,
947385,Best Historic Property,1,10,10,10,10,0.1,8.745243165,9.247145899,09:29.2,87,86316,43:39.0,SykesPropertyID,SykesPark:0,SykesParkID,78021,1,69336,1,2,5,7,Friday,52.475784,-2.774464,,Shropshire & Telford,The Old Farmhouse,Current,Detached,5,Ticks 1 to 5,14,5,0,0,286500,347500,"Westhope, Shropshire",Other settlement,Shropshire,England,Westhope,Heart of England,05/07/2017,07/07/2017,,,Unknown,Unknown,Unknown,0,15,Full Income Maximisation,,No Option Assigned,1,1,0,1,1,1,0,0,1,1,1,0,1,1,0,1,0,0,0,0,0,0,0,0,0,1,0,0,0,1,0,0,1,0,1,1,0,0,1,0,0,1,0,1,0,0,0,0,0,,review evidence only - manual review recommended,"a large number of historical monuments nearby, including the Ludlow Castle",,,,
942400,Best Historic Property,1,10,10,10,7,0.142857143,8.745243165,9.247145899,09:29.2,88,307465,32:49.0,SykesPropertyID,SykesPark:0,SykesParkID,64760,1,123351,0,0,2,2,Friday,53.2450672,-4.1310854,,HP - Wales Anglesey Coastal,Menai View,Current,Apartment,4,Ticks 1 to 5,4,4,1,0,373500,258500,"Garth, Gwynedd",Other settlement,Gwynedd,Wales,Garth,North Wales,14/05/2025,01/06/2025,,,Unknown,Unknown,Unknown,0,17,Partial Income Maximisation,,Yes,1,1,0,0,1,0,0,0,1,0,0,0,0,0,0,1,1,1,1,0,0,1,1,0,0,1,0,0,0,1,0,1,1,0,0,0,0,1,1,0,1,0,0,1,0,0,0,0,0,1,criteria met,Its a lovely old building with high ceilings and spacious rooms.,,,,
1107750,Best Historic Property,1,10,10,10,9,0.111111111,8.745243165,9.247145899,09:29.2,89,195400,48:46.0,SykesPropertyID,SykesPark:0,SykesParkID,226082,1,280092,1,2,1,3,Saturday,50.4082997,-4.6698557,,Cornwall,2 Old Talbot Cottages,Current,House semi-detached,4,Ticks 1 to 5,5,4,0,0,59500,210500,"Lostwithiel, Cornwall",Town,Cornwall,England,Lostwithiel,Cornwall,15/09/2022,24/09/2022,,,Unknown,Unknown,Unknown,0,18,Super Income Maximisation,,No,1,1,0,0,1,0,0,0,1,0,0,0,0,0,0,1,0,0,1,0,0,1,1,1,0,1,0,1,0,1,0,0,1,0,0,0,0,1,1,0,1,1,0,1,0,0,0,0,0,1,criteria met,Lostwithiel is an amazing historical town,,,,
1110795,Best Historic Property,1,10,10,10,11,0.090909091,8.745243165,9.247145899,09:29.2,90,202444,55:54.0,SykesPropertyID,SykesPark:0,SykesParkID,231606,1,464297,0,0,2,4,Saturday,58.172129,-6.579438,,Outer Hebridian Islands,Achmore Schoolhouse,Current,House detached,5,Ticks 1 to 5,8,5,0,0,928500,131500,"Acha M�r, Na h-Eileanan an Iar",Other settlement,Na h-Eileanan an Iar,Scotland,Acha M�r,Highlands and Islands,17/11/2018,17/11/2018,,,Unknown,Unknown,Unknown,0,15,Super Income Maximisation,,No,1,1,0,0,1,0,0,0,0,0,0,0,0,0,0,1,0,0,1,0,0,0,0,0,0,0,0,0,0,1,0,0,1,0,0,1,0,0,1,0,0,1,0,0,0,1,0,0,0,,review evidence only - manual review recommended,"Beautifully converted school, luxury combined with history.",,,,
1107098,Best Historic Property,1,10,10,10,14,0.071428571,8.745243165,9.247145899,09:29.2,91,194232,43:54.0,SykesPropertyID,SykesPark:0,SykesParkID,225400,1,449708,1,1,1,3,Friday,54.5477213,-1.9166219,,HP Yorkshire Dales,1 Claire House Way,Current,House semi-detached,5,Ticks 1 to 5,6,5,1,0,516500,405500,"Barnard Castle, Durham",Town,Durham,England,Barnard Castle,Yorkshire Dales,15/08/2022,26/08/2022,,,Unknown,Unknown,Unknown,0,18,Super Income Maximisation,,No,1,0,1,0,1,0,0,0,1,0,0,0,0,0,0,0,0,1,0,0,0,1,1,1,0,1,0,0,1,1,0,0,1,0,0,1,0,1,1,0,0,1,0,1,0,0,0,0,0,,review evidence only - manual review recommended,Lovely to see how this 1812 building has been converted,,,,
1110799,Best Historic Property,1,10,10,10,7,0.142857143,8.745243165,9.247145899,09:29.2,92,202428,55:54.0,SykesPropertyID,SykesPark:0,SykesParkID,231660,1,464375,1,1,1,2,Friday,56.573732,-3.501276,,Scottish Highlands,Taigh a Ghobha,Current,Cottage,4,Ticks 1 to 5,4,4,0,0,740500,308500,"Caputh, Perth and Kinross",Other settlement,Perth and Kinross,Scotland,Caputh,Central Scotland,14/08/2018,14/08/2018,,,Unknown,Unknown,Unknown,0,20,Fixed Prices,,No,1,1,1,0,1,0,0,0,1,0,0,0,0,0,0,1,0,1,1,1,0,0,0,0,0,1,0,0,0,0,0,0,0,0,0,1,0,0,1,0,0,1,0,0,0,0,0,0,0,,review evidence only - manual review recommended,Fantastic historic cottage in a delightful bucolic setting near Dunkeld,,,,
1111041,Best Historic Property,1,10,10,10,19,0.052631579,8.745243165,9.247145899,09:29.2,93,200284,48:42.0,SykesPropertyID,SykesPark:0,SykesParkID,229987,1,465453,1,2,3,3,Friday,51.3487942,0.0346598,,London M25 Circle,Dreamwood Lodge,Current,Lodge,5,Ticks 1 to 5,6,5,0,0,164500,541500,"Keston, Bromley",Other settlement,Bromley,England,Keston,South Coast,04/11/2022,04/11/2022,,,Unknown,Unknown,Unknown,0,16,Partial Plus Income Maximisation,,No,1,1,1,0,1,1,0,0,1,0,0,0,0,0,0,1,0,1,0,0,0,1,0,0,0,1,0,0,0,1,0,0,1,0,0,0,1,1,1,0,0,1,0,1,1,0,0,0,0,,review evidence only - manual review recommended,The area is steeped in history from Romano-British times,,,,
988986,Best Historic Property,1,10,10,10,15,0.066666667,8.745243165,9.247145899,09:29.2,94,106471,56:20.0,SykesPropertyID,SykesPark:0,SykesParkID,72506,365,187817,1,3,1,1,Friday,50.951241,-1.838457,,Dorset,East Lodge,Current,Unknown,5,Ticks 1 to 5,2,5,0,0,116500,410500,"North End, Hampshire",Other settlement,Hampshire,England,North End,South Coast,03/08/2017,03/08/2017,,,Unknown,Unknown,Unknown,0,13.75,Super Income Maximisation,,No Option Assigned,1,1,0,0,1,0,0,0,1,1,0,0,0,0,0,1,0,0,0,0,0,0,0,0,0,0,0,0,0,0,0,0,1,0,0,1,1,1,1,0,1,0,0,1,0,0,1,0,0,1,criteria met,A characterful venue we cannot fault.,,,,
991191,Best Historic Property,1,10,10,10,10,0.1,8.745243165,9.247145899,09:29.2,95,,,,,,,,,,,,,,,,,,,,,,,,,,,,,,,,,,,,,,,,,,,,,,,,,,,,,,,,,,,,,,,,,,,,,,,,,,,,,,,,,,,,,,,,,,,,,,,,,no property data - manual review recommended,lovely olde worldly cottage full of character,,,,
1002244,Best Historic Property,1,10,10,10,20,0.05,8.745243165,9.247145899,09:29.2,96,115713,09:37.0,SykesPropertyID,SykesPark:0,SykesParkID,113004,1,198567,0,0,2,2,Friday,54.486744,-0.615224,,HP North York Coast,Olton Hall @ Engine Shed,Current,Apartment,5,Ticks 1 to 5,4,5,1,0,510500,489500,"Whitby, North Yorkshire",Town,North Yorkshire,England,Whitby,North York Moors & Coast,08/07/2019,26/07/2019,,,Unknown,Unknown,Unknown,0,15,Super Income Maximisation,22/11/2023,No,1,1,0,0,0,0,0,0,1,0,0,0,0,0,0,1,1,0,0,0,0,0,1,1,0,1,0,0,1,1,0,1,1,0,0,1,0,1,1,0,0,1,0,1,0,0,0,0,0,,review evidence only - manual review recommended,the bonus of heritage railways trains right outside the window,,,,
1007701,Best Historic Property,1,10,10,10,8,0.125,8.745243165,9.247145899,09:29.2,97,125145,53:25.0,SykesPropertyID,SykesPark:0,SykesParkID,128668,1,210887,0,0,2,2,Friday,53.2516757,-2.2405672,,Peak District & Derbyshire,South Tower Cottage,Current,Cottage,5,Ticks 1 to 5,4,5,0,0,371500,384500,"Siddington, Cheshire",Other settlement,Cheshire,Wales,Siddington,North Wales,19/12/2019,03/02/2020,,,Unknown,Unknown,Unknown,0,18,Super Income Maximisation,,No,1,1,1,0,1,0,0,0,1,0,0,0,0,0,0,0,0,1,1,0,0,0,0,0,0,1,0,0,0,1,0,1,1,0,0,0,0,1,1,0,1,1,0,1,0,0,0,0,1,1,criteria met,genuine 'stately home' (Capesthorne Hall - which is only open to the public on two afternoons a week - the rest of the time it's like having your own beautifully-kept estate to wander-about in),,,,
1017253,Best Historic Property,1,10,10,10,6,0.166666667,8.745243165,9.247145899,09:29.2,98,127935,49:59.0,SykesPropertyID,SykesPark:0,SykesParkID,139228,1,223918,1,1,1,2,Saturday,54.2844389,-0.3929574,,HP North York Coast,Hook's House,Current,Cottage,3,Ticks 1 to 5,4,3,1,0,488500,503500,"Scarborough, North Yorkshire",Town,North Yorkshire,England,Scarborough,North York Moors & Coast,12/06/2020,04/07/2020,,,Unknown,Unknown,Unknown,0,18,Super Income Maximisation,,Yes,1,0,0,0,0,0,0,0,0,0,0,0,0,0,0,1,1,0,1,0,0,1,1,1,0,1,0,1,0,1,0,0,1,0,0,1,0,1,1,0,1,1,0,0,0,0,0,0,0,1,criteria met,its history,,,,
1008931,Best Historic Property,1,10,10,10,7,0.142857143,8.745243165,9.247145899,09:29.2,99,116450,57:20.0,SykesPropertyID,SykesPark:0,SykesParkID,130728,389,213339,1,3,2,3,Friday,52.9178123,-4.231839,,HP - Wales North West Coast,Morfin,Current,Unknown,3,Ticks 1 to 5,6,3,1,0,338500,249500,"Pen-y-bryn, Gwynedd",Other settlement,Gwynedd,Wales,Pen-y-bryn,North Wales,25/12/2009,01/01/2010,,,Unknown,Unknown,Unknown,0,20,Super Income Maximisation,27/09/2022,No Option Assigned,1,1,1,0,1,0,0,0,0,0,0,0,0,0,0,1,1,0,0,0,0,0,0,0,0,0,0,0,0,0,0,0,1,0,0,0,0,1,1,0,0,1,0,0,0,0,0,0,0,,review evidence only - manual review recommended,"this historic ,quaint, charming and soulful property",,,,
12291,Best Historic Property,1,10,10,10,6,0.166666667,8.745243165,9.247145899,09:29.2,100,48959,53:31.0,SykesPropertyID,SykesPark:0,SykesParkID,8662,1,68828,0,0,1,2,Saturday,54.1160412,-0.1234827,,HP East Yorkshire Coast,Duck Cottage,Current,Terraced,3,Ticks 1 to 5,4,3,1,0,470500,522500,"Flamborough, East Riding of Yorkshire",Other settlement,East Riding of Yorkshire,England,Flamborough,North York Moors & Coast,05/08/2013,17/08/2013,,,Unknown,Unknown,Unknown,0,18,Partial Plus Income Maximisation,15/03/2024,No Option Assigned,1,0,0,0,1,0,0,0,0,1,0,0,0,0,0,0,1,0,0,0,0,0,1,1,0,0,0,0,0,0,0,1,1,0,0,0,0,1,1,0,1,1,0,0,0,0,0,0,0,1,criteria met,16th Century fishing cottage,,,,
1127829,Best Luxury Property,8,9.666666667,10,10,17,0.470588235,9.085056009,9.451033605,09:29.2,1,222927,03:00.0,SykesPropertyID,SykesPark:0,SykesParkID,246501,1,523452,1,1,1,1,Friday,53.397277,-4.458618,,HP - Wales Anglesey Coastal,Garden House,Current,House,5,Ticks 1 to 5,2,5,1,0,391500,236500,"Llanfechell, Isle of Anglesey",Other settlement,Isle of Anglesey,Wales,Llanfechell,North Wales,19/05/2023,19/06/2023,,,Unknown,Unknown,Unknown,0,14,Partial Plus Income Maximisation,,No,1,1,1,0,1,1,0,0,1,1,0,0,0,0,0,1,1,1,1,0,0,1,0,0,0,1,0,0,0,1,0,0,1,0,0,0,1,1,1,0,0,0,0,1,0,1,1,0,0,1,criteria met,"thoughtful extras such as a towel to remove makeup, flowers, prosecco and waffles",loves everything about the accommodation the interior design and the finishing,"The house is stunning and immaculately clean. Extremely well equipped, especially in the kitchen. All necessary items provided eg. shampoo, conditioner, bodywash, washing up liquid, dishwasher tablets, washing capsules, bin bags, cloths, tea towels etc. The hot tub was lovely and well maintained throughout our stay.","The decor and interior was beautiful, everything had been thought through perfectly! Was lovely to have a bottle of Prosecco waiting for us. We went in the hot tub every night",Property furnished to a very high standard.
1112438,Best Luxury Property,10,9.5,10,10,22,0.454545455,9.059883741,9.435930245,09:29.2,2,202150,56:28.0,SykesPropertyID,SykesPark:0,SykesParkID,231379,1,124846,0,0,1,1,Friday,50.8618901,-4.5236697,,HP Cornwall Coast,Northcott Hut,Current,Hut/Pod/Yurt,5,Ticks 1 to 5,2,5,1,0,110500,222500,"Stibb, Cornwall",Other settlement,Cornwall,England,Stibb,Cornwall,20/03/2024,20/03/2024,,,Unknown,Unknown,Unknown,0,16,Partial Plus Income Maximisation,,No,1,0,0,0,1,1,0,0,1,1,0,0,0,0,0,0,1,1,1,1,0,1,0,0,0,1,0,0,0,1,0,1,1,0,0,0,1,1,1,0,1,0,0,1,0,0,1,0,1,1,criteria met,the owner used to clean the hot tub for us every morning which was nice,"the hut has everything you could possibly need and more there was even a thoughtful pint of milk and even better prosseco, crisps and chocolate, the hot tub was spotless as was everything",the extra luxury of the hot tub,The hot tub was amazing,Stargazing from the hot tub
1127826,Best Luxury Property,9,9.6,10,9.9,22,0.409090909,9.084088148,9.430452889,09:29.2,3,222955,03:00.0,SykesPropertyID,SykesPark:0,SykesParkID,246540,1,523452,0,0,1,1,Friday,53.397431,-4.458914,,HP - Wales Anglesey Coastal,The Hayloft,Current,Apartment,5,Ticks 1 to 5,2,5,1,0,391500,236500,"Llanfechell, Isle of Anglesey",Other settlement,Isle of Anglesey,Wales,Llanfechell,North Wales,19/05/2023,19/06/2023,,,Unknown,Unknown,Unknown,0,14,Partial Plus Income Maximisation,,No,1,1,1,0,1,1,0,0,1,1,0,0,0,0,0,1,1,1,1,0,0,1,0,0,0,1,0,0,0,1,0,1,1,0,0,0,0,1,1,0,0,0,0,1,0,1,1,0,0,1,criteria met,this is first class luxury. Everything has been thought of from the plastic flutes for the hot tub to the robes for relaxing in front of the log burner.,the hot tub,the bottle of prosecco and treats were a lovely touch and made us feel so welcome,"It was very clean, spacious and luxurious accommodation.",Having ones own hot tub was very enjoyable.
1124606,Best Luxury Property,9,9.5,10,10,23,0.391304348,9.036719727,9.422031836,09:29.2,4,218139,40:07.0,SykesPropertyID,SykesPark:0,SykesParkID,243397,1,183039,0,0,1,1,Friday,52.9388852,-1.8003514,,Peak District & Derbyshire,Oh Deer,Current,Hut/Pod/Yurt,5,Ticks 1 to 5,2,5,0,0,338500,413500,"Thurvaston, Derbyshire",Other settlement,Derbyshire,England,Thurvaston,Peak District,21/03/2023,14/04/2023,,,Unknown,Unknown,Unknown,0,15,Full Income Maximisation,,No,1,0,0,0,1,1,0,0,1,0,0,0,0,0,0,0,0,1,0,0,0,1,1,1,0,1,0,0,0,1,0,1,1,0,0,0,0,1,1,0,0,0,0,1,0,0,1,0,0,1,criteria met,the log-fired hot tub is amazing,We loved the hot tub,"We enjoyed the hot tub, relaxing amongst the deer",The pod is definitely luxury glamping,"Ashbourne Holidays luxury glamping, and we couldn't be happier!"
1119882,Best Luxury Property,4,10,10,10,9,0.444444444,9.01411963,9.408471778,09:29.2,5,211087,18:52.0,SykesPropertyID,SykesPark:0,SykesParkID,238858,402,255582,1,1,3,3,Friday,54.3633742,-2.9172929,,HP Lake District,Berkeley House,Current,Cottage,5,Ticks 1 to 5,6,5,1,0,496500,340500,"Bowness-On-Windermere, Cumbria",Town,Cumbria,England,Bowness-On-Windermere,Cumbria & The Lake District,12/02/2024,23/02/2024,,,Unknown,Unknown,Unknown,0,15,Full Income Maximisation,,No,1,1,1,0,1,0,0,0,1,1,0,0,0,0,0,1,0,1,1,0,1,1,1,1,0,1,1,0,0,1,0,0,0,0,0,0,1,0,1,0,0,1,0,1,0,1,0,0,0,1,criteria met,the most perfect week away in your luxury home,excellent hi-spec interior,It was like staying in a 5* hotel.,Everything was of a very high specification.,
1115803,Best Luxury Property,7,9.571428571,10,10,24,0.291666667,9.011627931,9.406976758,09:29.2,6,206773,54:01.0,SykesPropertyID,SykesPark:0,SykesParkID,234789,1,484735,1,3,2,4,Friday,53.31728131,-4.231861671,,HP - Wales Anglesey Coastal,Top Of The Lane Luxury Holiday Apartment,Current,Apartment,5,Ticks 1 to 5,9,5,1,0,382500,251500,"Benllech, Isle of Anglesey",Other settlement,Isle of Anglesey,Wales,Benllech,North Wales,11/11/2022,11/11/2022,,,Unknown,Unknown,Unknown,0,16,Partial Plus Income Maximisation,,No,1,1,1,0,1,0,0,0,0,0,0,0,0,0,0,1,1,0,1,0,0,0,1,0,0,1,0,1,0,1,0,0,1,0,0,1,1,1,1,0,0,1,0,1,0,0,0,0,0,1,criteria met,the luxury - and we mean LUXURY accommodation and facilities were above anything we have ever experienced before,holiday with luxury but more importantly a homely feel too!,"Top of the lane luxury apartment. Well what can I say ! The place is absolutely awesome, by far the best place that my wife and I have ever stayed.",Mark and Sharon have pulled out all the stops to make it a real Luxury Accommodation.,"Everything about it is Beautiful. Highest spec, inside and outside."
1129525,Best Luxury Property,7,9.571428571,10,10,16,0.4375,9.011627931,9.406976758,09:29.2,7,224714,03:00.0,SykesPropertyID,SykesPark:0,SykesParkID,248071,1,523452,0,0,1,1,Friday,53.397176,-4.45883,,HP - Wales Anglesey Coastal,The Barn,Current,House,5,Ticks 1 to 5,2,5,1,0,391500,236500,"Llanfechell, Isle of Anglesey",Other settlement,Isle of Anglesey,Wales,Llanfechell,North Wales,24/05/2023,19/06/2023,,,Unknown,Unknown,Unknown,0,14,Partial Plus Income Maximisation,,No,0,1,1,0,1,1,0,0,1,1,0,0,0,0,0,1,0,1,1,0,0,1,0,0,0,1,0,0,0,1,0,0,1,0,0,0,1,1,1,0,1,0,0,1,0,1,1,0,0,1,criteria met,the interior is to such a high standard,the accommodation itself had the ‘wow’ factor,holiday cottage 'The Barn' was excellent and luxurious.,The Barn is decorated and furnished to a very high standard..,you have an amazing place and loved staying there
1121776,Best Luxury Property,8,9.5,10,10,15,0.533333333,9.010981934,9.406589161,09:29.2,8,213178,02:53.0,SykesPropertyID,SykesPark:0,SykesParkID,240685,1,445476,1,1,1,3,Friday,51.425746,-2.1858487,,Wiltshire,Birch House,Current,House,4,Ticks 1 to 5,6,4,0,0,169500,386500,"Leafield, Wiltshire",Other settlement,Wiltshire,England,Leafield,Cotswolds,25/02/2023,03/03/2023,,,Unknown,Unknown,Unknown,0,20,Super Income Maximisation,,No,1,1,1,0,1,1,0,0,1,1,0,0,0,0,0,1,0,1,1,0,0,1,1,1,0,1,0,0,0,1,0,0,1,0,0,1,0,1,1,0,1,1,0,1,0,0,0,0,0,,review evidence only - manual review recommended,the wood burner and the hot tub.,loved the hot tub!!,hot tub was fantastic,The hot tub and log burner fire were especially favourites of ours,we made good use of the hot tub
1136441,Best Luxury Property,9,9.444444444,10,10,15,0.6,9.010403938,9.406242363,09:29.2,9,232722,35:02.0,SykesPropertyID,SykesPark:0,SykesParkID,254838,400,546125,1,2,1,1,Friday,52.1365358,-4.1601414,,Mid Wales,Ty Crwn - The Roundhouse,Current,Unique wow (Castle / lighthouse / thatched),5,Ticks 1 to 5,2,5,0,0,251500,252500,"Cribyn, Ceredigion",Other settlement,Ceredigion,Wales,Cribyn,Mid Wales,29/09/2025,29/09/2025,,,Unknown,Unknown,Unknown,0,15,Partial Plus Income Maximisation,,No,1,1,1,0,1,1,0,0,1,0,0,0,0,0,0,0,0,1,1,1,0,1,0,0,0,1,0,0,1,1,0,0,1,0,0,0,1,1,1,0,1,0,0,1,0,1,1,0,1,1,criteria met,"This is the most luxurious, peaceful, private, secure hot tub stay that we've been on. Everything is kitted out with the best.","Five star plus luxury accommodation, immaculate interior, facilities, comfort and style.",Everything was to the highest standard.,And the hot tub? Pure bliss! It made the evening feel special and so relaxing.,the whole experience feel truly luxurious and special
1006989,Best Luxury Property,15,9.4,10,9.733333333,21,0.714285714,9.087906993,9.399410862,09:29.2,10,122313,24:06.0,SykesPropertyID,SykesPark:0,SykesParkID,127124,1,206817,1,1,1,1,Friday,52.7973687,-1.9223445,,Peak District & Derbyshire,Hen House View,Current,Lodge,4,Ticks 1 to 5,2,4,0,0,321500,405500,"Stockwell Heath, Staffordshire",Other settlement,Staffordshire,England,Stockwell Heath,Peak District,14/09/2019,16/09/2019,,,Unknown,Unknown,Unknown,0,16,Full Income Maximisation,,No,1,1,0,0,1,1,0,0,1,1,0,0,0,0,0,0,0,1,0,0,0,0,0,0,0,1,1,0,0,1,0,0,1,0,0,1,1,1,1,0,0,0,0,0,1,0,1,0,0,,review evidence only - manual review recommended,the hot tub was a brilliant way to relax and the king sized bed was probably 1 of the most comfortable beds I have slept in when away from home,the hot tub is ideal for a relaxing rest.,hot tube was a real treat used it every day,hot tub was beautiful and loved the Prosecco surprise,Hot tub was good and nice and clean.
1107411,Best Luxury Property,11,9.363636364,10,9.909090909,19,0.578947368,9.009413087,9.387466034,09:29.2,11,194643,58:09.0,SykesPropertyID,SykesPark:565,SykesParkID,225634,1,327142,0,0,2,1,Saturday,52.68893,0.519012,Pentney Lake Holiday Park,Norfolk,Little Lodge,Current,Lodge,4,Ticks 1 to 5,4,4,0,0,315500,571500,"West Bilney, Norfolk",Other settlement,Norfolk,England,West Bilney,East Anglia,01/08/2022,01/08/2022,,,Unknown,Unknown,Unknown,0,18,Partial Income Maximisation,,No,1,0,0,0,1,1,0,0,0,0,0,0,0,0,0,0,1,1,1,0,0,1,1,0,0,1,0,1,0,1,0,1,1,0,0,0,1,1,1,0,1,0,0,1,1,0,1,0,0,,review evidence only - manual review recommended,The hot tub was amazing and the location was peaceful and easy to find.,The hot tub was amazing,The hot tub and BBQ were perfect!,The Hot tub is great and made such a difference to our relaxing break,Hot tub was amazing!
1139091,Best Luxury Property,11,9.333333333,10,9.916666667,21,0.523809524,8.993540071,9.379457376,09:29.2,12,235841,52:31.0,SykesPropertyID,SykesPark:0,SykesParkID,257418,1,553809,1,1,1,1,Saturday,50.7387882,-3.6566241,,Devon,Spicery Barn Loft,Current,Apartment,4,Ticks 1 to 5,2,4,0,0,94500,284500,"Heath Cross, Devon",Other settlement,Devon,England,Heath Cross,Devon,22/09/2023,01/10/2023,,,Unknown,Unknown,Unknown,0,20,Super Income Maximisation,,No,1,0,1,0,1,1,0,0,0,0,0,0,0,0,0,1,0,1,0,0,0,1,0,0,0,1,0,0,0,1,0,0,1,0,0,0,1,1,1,0,0,0,0,1,0,0,0,0,0,,review evidence only - manual review recommended,the hot tub was very clean and a perfect temperature,"the accommodation was beautiful, the hot tub was relaxing",loved the hot tub!,The hot tub was amazing..relaxing,Relaxing in the hot tub with a few of the fields was perfect on a summers evening.
1132441,Best Luxury Property,11,9.272727273,10,10,31,0.35483871,8.961794039,9.377076423,09:29.2,13,228219,56:55.0,SykesPropertyID,SykesPark:0,SykesParkID,250966,1,371830,0,0,3,5,Friday,53.4139851,-4.3318613,,HP - Wales Anglesey Coastal,Hedd,Current,House,5,Ticks 1 to 5,10,5,1,0,393500,245500,"Amlwch Port, Isle of Anglesey",Other settlement,Isle of Anglesey,Wales,Amlwch Port,North Wales,11/10/2024,03/01/2025,,,Unknown,Unknown,Unknown,0,15,Fixed Prices,,No,1,1,1,0,1,1,0,0,1,0,0,0,0,0,0,1,1,1,1,0,0,0,1,0,0,1,0,0,0,1,0,1,1,0,0,1,1,1,1,0,0,1,0,1,0,0,0,0,0,1,criteria met,"we made use of the hot tub, which was ready for us when we arrived, along with a few local goodies which was a nice touch.",the house was to a very high standard and had everything you needed,it’s so luxury and comfortable and feels very homely. The hot tub is great and such a good touch to the home.,Everything is finished to a very high standard! The hot tub is amazing,the hot tub was so soothing
1139743,Best Luxury Property,6,9.666666667,10,9.833333333,21,0.285714286,9.012354676,9.374079472,09:29.2,14,236571,05:32.0,SykesPropertyID,SykesPark:0,SykesParkID,258081,1,555823,1,1,1,2,Friday,51.4230332,-3.558134,,South Wales,Heritage Retreat,Current,Lodge,4,Ticks 1 to 5,4,4,0,0,170500,291500,"Monknash, The Vale of Glamorgan",Other settlement,The Vale of Glamorgan,Wales,Monknash,South Wales,30/05/2024,30/05/2024,,,Unknown,Unknown,Unknown,0,16,Super Income Maximisation,,No,1,1,1,0,1,1,0,0,1,1,0,0,0,0,0,0,1,1,0,0,0,0,1,0,0,1,1,0,1,1,0,0,1,0,0,0,1,1,1,0,0,1,0,1,1,0,0,0,0,,review evidence only - manual review recommended,The hot tub was great.,The hot tub was an obvious bonus.,"The Lodge was absolutely beautiful and fitted out to a very high standard, with high-quality furniture and bedding",A truly luxurious lodge in an idyllic location,it was so lovely just to really relax and use the hot tub
1128250,Best Luxury Property,7,9.428571429,10,10,15,0.466666667,8.952804401,9.371682641,09:29.2,15,223445,33:13.0,SykesPropertyID,SykesPark:0,SykesParkID,246916,418,524794,0,0,2,2,Friday,54.1877978,-2.9525583,,Cumbria West of M6,Fern Lodge,Current,Lodge,4,Ticks 1 to 5,4,4,0,0,476500,338500,"Allithwaite, Cumbria",Other settlement,Cumbria,England,Allithwaite,Cumbria & The Lake District,09/02/2023,09/02/2023,,,Unknown,Unknown,Unknown,0,12.5,Super Income Maximisation,13/10/2025,No,1,1,1,0,1,1,0,0,1,0,0,0,0,0,0,1,0,1,1,0,0,0,0,0,0,1,0,1,0,1,0,1,1,0,0,0,1,0,1,0,1,1,0,1,1,0,0,0,0,,review evidence only - manual review recommended,the outside space with hot tub and seating was a lovley private space to relax,quality furnishings,private hot tub is fantastic,the hot tub is a great bonus,"fab hot tub, comfy sofas, heating worked as expected and heated towel rails so useful for swim stuff"
1182786,Best Luxury Property,5,9.6,10,10,11,0.454545455,8.946511655,9.367906993,09:29.2,16,318742,00:26.0,SykesPropertyID,SykesPark:0,SykesParkID,297760,400,546125,1,2,1,1,Friday,52.1365358,-4.1601414,,Mid Wales,Yr Awen - Inspiration,Current,Unique wow (Castle / lighthouse / thatched),5,Ticks 1 to 5,2,5,0,0,251500,252500,"Cribyn, Ceredigion",Other settlement,Ceredigion,Wales,Cribyn,Mid Wales,29/09/2025,29/09/2025,,,Unknown,Unknown,Unknown,0,15,Full Income Maximisation,,No,1,1,1,0,1,1,0,0,1,0,0,0,0,0,0,0,0,1,1,1,0,1,0,0,0,1,0,0,1,1,0,0,1,0,0,0,1,1,1,0,1,0,0,1,0,1,1,0,1,1,criteria met,"the whole interior was unlike anything we had ever seen, it was made so beautifully",the hot tub ready and the welcome pack was an added bonus,We loved all the finer details and decor.,"everything felt luxurious, peaceful and incredibly well thought out",The facilities in the accommodation are luxurious and immaculate.
1138705,Best Luxury Property,5,9.6,10,10,5,1,8.946511655,9.367906993,09:29.2,17,235372,58:24.0,SykesPropertyID,SykesPark:0,SykesParkID,257090,1,284751,1,1,1,1,Friday,52.9800511,-4.3800718,,North Wales,N?th Y Bioden (Magpie's Nest),Current,Hut/Pod/Yurt,3,Ticks 1 to 5,2,3,0,0,344500,238500,"Llanaelhaearn, Gwynedd",Other settlement,Gwynedd,Wales,Llanaelhaearn,North Wales,03/04/2024,26/04/2024,,,Unknown,Unknown,Unknown,0,15,Super Income Maximisation,,No,1,0,1,0,1,1,0,0,1,0,0,0,0,0,0,0,1,1,0,1,0,0,0,0,0,1,0,0,0,1,0,0,1,0,0,0,1,1,1,0,1,0,0,1,0,0,1,0,0,,review evidence only - manual review recommended,the hot tub was a treat,hot tub,Hot Tub,hot tub,"Wonderful, clean hot tub which we spent most of the time in"
1158238,Best Luxury Property,4,9.75,10,10,8,0.5,8.942691059,9.365614635,09:29.2,18,287014,25:24.0,SykesPropertyID,SykesPark:0,SykesParkID,275313,1,611010,1,2,1,2,Friday,54.212494,-2.3791337,,HP Yorkshire Dales,Oyster Catcher,Current,Hut/Pod/Yurt,4,Ticks 1 to 5,4,4,1,0,479500,377500,"Ribble Head, North Yorkshire",Other settlement,North Yorkshire,England,Ribble Head,Yorkshire Dales,12/06/2024,12/07/2024,,,Unknown,Unknown,Unknown,0,12,Full Income Maximisation,,No,1,0,0,0,1,1,0,0,1,0,0,0,0,0,0,0,0,1,1,1,1,1,0,0,0,1,0,0,1,0,0,0,1,0,1,1,1,1,1,0,1,1,1,1,0,0,0,0,0,,review evidence only - manual review recommended,hot tub was a great touch,Peaceful site and luxurious glamping stay!,Hot tub and pub nearby a bonus.,everything felt high quality and finished to perfection,
1189982,Best Luxury Property,4,9.75,10,10,8,0.5,8.942691059,9.365614635,09:29.2,19,322083,25:19.0,SykesPropertyID,SykesPark:11,SykesParkID,300515,418,674060,0,0,2,3,Friday,54.3934758,-2.9297246,White Cross Bay,HP Lake District,7 Lake View,Current,Lodge,5,Ticks 1 to 5,6,5,1,0,500500,340500,"Troutbeck Bridge, Cumbria",Other settlement,Cumbria,England,Troutbeck Bridge,Cumbria & The Lake District,08/10/2025,10/10/2025,,,Unknown,Unknown,Unknown,0,0,Super Income Maximisation,,No,1,1,0,0,1,0,1,0,0,0,0,0,0,0,1,1,0,1,1,0,1,1,0,0,0,1,1,0,0,1,0,1,1,0,0,0,1,0,1,0,0,0,0,1,1,0,0,0,0,1,criteria met,I would 100% recommend this as a luxury stay to anyone!,"Finished to a very high standard, with everything you would need","Everything was high quality, the place had everything you could need and was spotless!",a real home from home with a luxurious feel,
1123570,Best Luxury Property,3,10,10,10,18,0.166666667,8.938282678,9.362969607,09:29.2,20,214599,25:30.0,SykesPropertyID,SykesPark:0,SykesParkID,241949,1,230185,1,2,1,1,Saturday,52.516852,-2.9490958,,Shropshire & Telford,Stable Cottage,Current,Cottage,4,Ticks 1 to 5,2,4,0,0,292500,335500,"Linley, Shropshire",Other settlement,Shropshire,England,Linley,Heart of England,27/01/2023,01/02/2023,,,Unknown,Unknown,Unknown,0,15,Super Income Maximisation,,No,1,0,1,0,1,1,0,1,1,0,0,0,0,0,0,1,0,1,0,0,0,1,0,0,0,1,0,0,0,1,0,0,1,0,0,0,0,1,1,0,1,0,0,1,0,0,1,0,0,,review evidence only - manual review recommended,wood fired hot tub,hot tub was lovely,Hot tub is a great touch too.,,
1180369,Best Luxury Property,3,10,10,10,10,0.3,8.938282678,9.362969607,09:29.2,21,317352,39:54.0,SykesPropertyID,SykesPark:0,SykesParkID,296702,1,664084,1,2,2,2,Saturday,53.4126917,-4.4507011,,HP - Wales Anglesey Coastal,2 Harbour Lights,Current,House,4,Ticks 1 to 5,4,4,1,0,393500,236500,"Cemaes, Isle of Anglesey",Other settlement,Isle of Anglesey,Wales,Cemaes,North Wales,06/11/2025,06/11/2025,,,Unknown,Unknown,Unknown,0,18,Super Income Maximisation,,No,1,1,0,0,0,0,0,0,0,0,0,0,0,0,0,1,1,0,1,0,0,1,1,1,0,1,1,0,0,1,0,0,1,0,0,0,0,1,1,0,1,0,0,1,0,0,0,0,0,,review evidence only - manual review recommended,"the accommodation is of an exceptionally high standard, beautifully decorated and equipped with everything you need for a comfy stay",furnished to a very high standard and is well equipped,everything fitted out to a very high spec,,
1068854,Best Luxury Property,3,10,10,10,10,0.3,8.938282678,9.362969607,09:29.2,22,151851,49:55.0,SykesPropertyID,SykesPark:11,SykesParkID,193475,418,327041,0,0,2,2,Friday,54.3971372,-2.9313094,White Cross Bay,HP Lake District,Squirrels Snug,Current,Lodge,5,Ticks 1 to 5,4,5,1,0,500500,340500,"Troutbeck Bridge, Cumbria",Other settlement,Cumbria,England,Troutbeck Bridge,Cumbria & The Lake District,12/09/2018,12/09/2018,,,Unknown,Unknown,Unknown,0,16.67,Super Income Maximisation,,Yes,1,1,0,0,1,1,1,0,1,0,0,0,0,0,1,0,0,0,0,0,0,0,1,1,0,0,0,0,0,1,0,1,1,0,0,1,0,0,1,0,0,1,0,1,1,0,1,0,0,1,criteria met,the experience of a hot tub was something different for me personally as never been in one,"especially the hot tub! It was very clean, with new comfortable furniture.",She enjoyed the hot tub and i enjoyed relaxing.,,
1172377,Best Luxury Property,15,9.2,10,9.866666667,24,0.625,8.967906993,9.354077529,09:29.2,23,304380,23:21.0,SykesPropertyID,SykesPark:0,SykesParkID,288968,1,649382,0,0,1,1,Friday,53.673629,-0.3463147,,East Yorkshire,Sunnyside,Current,Cottage,4,Ticks 1 to 5,2,4,0,0,420500,509500,"The Hallands, North Lincolnshire",Other settlement,North Lincolnshire,England,The Hallands,East Anglia,14/03/2025,21/03/2025,,,Unknown,Unknown,Unknown,0,20,Super Income Maximisation,,No,1,0,1,0,1,1,0,0,1,0,0,0,0,0,0,0,0,1,1,0,0,0,0,0,0,1,0,0,0,1,0,1,1,0,0,0,1,1,1,0,0,0,0,1,0,0,1,0,0,,review evidence only - manual review recommended,enjoy the luxuries which includes a very good sized hot tub.,The hot tub was enjoyed and towels for this provided.,"Straight out of our bedroom and into the hot tub, Quality.",Hot tub was the best we have been in and so private.,"the welcome prosecco and cupcakes were a nice touch and thoroughly enjoyed! Felt very relaxed while we were in the summerhouse, the garden area is nicely fenced in so using the hot tub was lovely."
1009663,Best Luxury Property,15,9.1875,10,9.875,25,0.6,8.960406993,9.351244196,09:29.2,24,121848,50:49.0,SykesPropertyID,SykesPark:0,SykesParkID,131647,1,214237,0,0,1,1,Friday,53.8958495,-2.9508446,,North West & Lancashire,Kilmory Lodge,Current,Annex,4,Ticks 1 to 5,2,4,0,0,444500,337500,"Cold Row, Lancashire",Other settlement,Lancashire,England,Cold Row,Cumbria & The Lake District,27/08/2019,27/09/2019,,,Unknown,Unknown,Unknown,0,18,Super Income Maximisation,,Part - Cleaning Only,1,1,1,0,1,1,0,0,0,1,0,0,0,0,0,0,0,1,1,0,0,0,0,0,0,1,0,0,0,1,0,1,1,0,0,0,1,1,1,0,1,1,0,0,0,0,0,0,0,,review evidence only - manual review recommended,very well equipped to a very high standard,the hot tub was an added bonus,the hot tub was a real luxury!,the hot tub is superb of course,the hot tub just gave it that added extra
1079448,Best Luxury Property,12,9.25,10,9.833333333,31,0.387096774,8.963530674,9.344785071,09:29.2,25,159138,12:50.0,SykesPropertyID,SykesPark:0,SykesParkID,199070,1,357736,0,0,4,4,Saturday,52.951267,-1.601086,,Peak District & Derbyshire,Langley Barn,Current,House,5,Ticks 1 to 5,8,5,0,0,339500,426500,"Over Burrows, Derbyshire",Other settlement,Derbyshire,England,Over Burrows,Peak District,07/07/2023,22/07/2023,,,Unknown,Unknown,Unknown,0,18,Super Income Maximisation,,No,1,1,1,0,1,1,0,0,1,0,0,0,0,0,0,1,0,0,1,1,0,1,0,0,0,1,0,0,0,1,0,1,1,0,0,1,1,1,1,0,1,1,0,1,0,0,0,0,0,1,criteria met,"we had a fabulous , relaxing stay in luxurious accommodation","the fit out is of the highest quality through out, the owners have spared nothing when they designed this holiday barn conversion, the place is just pure class.",if you like watching the stars from the hot tub with everything you need,"Finished to a high quality, this place is home from home with everything you need.",an amazing hot tub
1085379,Best Luxury Property,7,9.428571429,10,9.857142857,14,0.5,8.952804401,9.343111212,09:29.2,26,,,,,,,,,,,,,,,,,,,,,,,,,,,,,,,,,,,,,,,,,,,,,,,,,,,,,,,,,,,,,,,,,,,,,,,,,,,,,,,,,,,,,,,,,,,,,,,,,no property data - manual review recommended,the hot tub was an added luxury,hot tub and outdoor fire pit are an added bonus for those clear evenings,The hot tub was an added bonus.,Hot tub was fantastic,The cottage was absolutely stunning and had everything that you need in it.
1159387,Best Luxury Property,9,9.222222222,10,10,15,0.6,8.90514078,9.343084468,09:29.2,27,288519,12:55.0,SykesPropertyID,SykesPark:0,SykesParkID,276426,1,614619,1,1,1,1,Friday,53.0809046,-3.43836,,North Wales,Rhosydd,Current,Hut/Pod/Yurt,5,Ticks 1 to 5,2,5,0,0,357500,305500,"Cyffylliog, Denbighshire",Other settlement,Denbighshire,Wales,Cyffylliog,North Wales,28/06/2024,05/06/2024,,,Unknown,Unknown,Unknown,0,16,Super Income Maximisation,,No,1,0,1,1,1,1,0,1,1,1,1,0,0,0,0,1,0,1,1,0,0,1,0,0,0,1,0,0,1,1,0,1,1,0,0,0,1,1,1,0,1,0,1,1,0,0,1,0,0,1,criteria met,the hot tub and outside areas is perfect,the best hot tub set up we have ever been to,having the covered outside space with the hot tub,a touch of luxury,"The outside space is amazing with the fire cube, tv and hot tub."
1139640,Best Luxury Property,9,9.222222222,10,10,13,0.692307692,8.90514078,9.343084468,09:29.2,28,236506,14:46.0,SykesPropertyID,SykesPark:0,SykesParkID,257989,1,555618,0,0,1,2,Friday,53.7292859,-2.2037352,,North West & Lancashire,Height End Farm Log Cabin,Current,Lodge,4,Ticks 1 to 5,4,4,0,0,425500,385500,"Dean, Lancashire",Other settlement,Lancashire,England,Dean,Cumbria & The Lake District,05/03/2024,08/03/2024,,,Unknown,Unknown,Unknown,0,18,Super Income Maximisation,,No,1,1,0,0,1,1,0,0,0,0,0,0,0,0,0,1,0,0,1,1,0,1,0,0,0,1,0,0,0,0,0,1,1,0,0,0,1,1,1,0,0,0,1,1,1,1,0,0,1,,review evidence only - manual review recommended,the hot tub was unreal,hot tub,The hot tub area was our favourite place to hang out.,"Hot tub in the separate cabin, with a sitting area and toilet added to it being a lovely holiday.",the hot tub which is in an outhouse was the game changer.
1176833,Best Luxury Property,19,9.157894737,10,9.789473684,30,0.633333333,8.972333615,9.341294906,09:29.2,29,310008,10:54.0,SykesPropertyID,SykesPark:0,SykesParkID,293238,302,657739,1,2,1,1,Friday,50.2403263,-5.2608237,,Cornwall,Carn Brea,Current,Annex,4,Ticks 1 to 5,2,4,0,0,43500,167500,"Paynter's Lane End, Cornwall",Other settlement,Cornwall,England,Paynter's Lane End,Cornwall,20/06/2025,30/06/2025,,,Unknown,Unknown,Unknown,0,15,Super Income Maximisation,,No,1,1,1,0,1,1,0,0,1,0,0,0,0,0,0,1,1,1,1,0,0,1,0,0,0,1,0,0,1,1,0,0,1,0,0,0,1,1,1,0,0,0,0,1,0,0,1,0,0,,review evidence only - manual review recommended,the standard of accommodation or the service from the owners highly enough,relaxing hot tub rain or shine,nice to relax in hot tub after a days exploring Cornwall,it was lovely to get back and relax in the hot tub,hot tub was fab it was exceptionally clean bed was so comfy
1147679,Best Luxury Property,6,9.5,10,9.833333333,26,0.230769231,8.949854676,9.336579472,09:29.2,30,273069,12:30.0,SykesPropertyID,SykesPark:0,SykesParkID,265073,1,580839,1,1,2,4,Friday,53.8785677,-3.0268496,,HP Lancashire Coast,Linwood,Current,House detached,4,Ticks 1 to 5,8,4,1,0,442500,332500,"Anchorsholme, Lancashire",Other settlement,Lancashire,England,Anchorsholme,Cumbria & The Lake District,08/03/2024,25/03/2024,,,Unknown,Unknown,Unknown,0,17,Super Income Maximisation,,No,1,1,1,0,1,1,0,0,0,0,0,0,0,0,0,1,1,0,1,0,0,1,0,0,0,1,0,1,0,1,0,1,1,0,1,1,0,1,1,0,0,1,0,1,0,0,0,0,0,,review evidence only - manual review recommended,"the property was absolutely stunning. Very spacious, tastefully decorated. Had everything you needed, the welcome pack was amazing. Very generous. Beautiful area, the hot tub was a bonus",the house is truly amazing and in a lovely location and the hot tub was the added bonus,We enjoyed the hottub and it was nice and clean,addition of a hot tub was a real treat,The hot tub is an exceptional feature.
1168464,Best Luxury Property,7,9.285714286,10,10,14,0.5,8.893980872,9.336388523,09:29.2,31,299432,24:13.0,SykesPropertyID,SykesPark:0,SykesParkID,285142,1,641046,1,2,3,5,Friday,54.2738947,-0.4033197,,HP North York Coast,Coronation House,Current,House,4,Ticks 1 to 5,12,4,1,0,488500,503500,"Scarborough, North Yorkshire",Town,North Yorkshire,England,Scarborough,North York Moors & Coast,24/12/2024,06/01/2025,,,Unknown,Unknown,Unknown,0,15,Super Income Maximisation,,No,1,1,1,0,1,1,0,0,0,1,0,0,0,0,0,1,1,1,1,0,0,1,1,1,0,1,0,1,0,1,0,0,1,0,0,1,0,1,1,0,1,1,0,1,0,0,0,0,0,,review evidence only - manual review recommended,the hot tub was a popular favourite,stylish and comfortable,The hot tub is lovely and a wonderful way to spend an evening,The hot tub was a great asset.,The hot tub is a special treat.
1083768,Best Luxury Property,7,9.285714286,10,10,17,0.411764706,8.893980872,9.336388523,09:29.2,32,164675,58:51.0,SykesPropertyID,SykesPark:0,SykesParkID,203448,1,372323,0,0,1,1,Saturday,51.675045,-2.620853,,South Wales,The Honey Pot,Current,Annex,4,Ticks 1 to 5,2,4,0,0,197500,357500,"Stroat, Gloucestershire",Other settlement,Gloucestershire,England,Stroat,Cotswolds,09/09/2021,27/09/2021,,,Unknown,Unknown,Unknown,0,20,Super Income Maximisation,,No,1,1,0,0,1,1,0,0,1,0,0,0,0,0,0,0,0,1,1,0,0,1,0,0,0,1,0,0,0,1,0,1,1,0,0,0,1,1,1,0,0,0,0,1,0,0,1,0,0,,review evidence only - manual review recommended,the lovely hot tub to rest our aching bodies after long walks,The hot tub was the perfect addition to the cottage and very private.,"The hot tub is great, stunning views, dishwasher, amazing sized fridge freezer, good wifi.",the hot tub is lovely to come home to each evening after a day out,large hot tub with towels and gowns provided
1108684,Best Luxury Property,7,9.285714286,10,10,13,0.538461539,8.893980872,9.336388523,09:29.2,33,196638,57:43.0,SykesPropertyID,SykesPark:0,SykesParkID,226984,1,454711,1,2,2,3,Friday,50.9178215,-3.7031807,,Devon,Hope House Stables,Current,Annex,4,Ticks 1 to 5,6,4,0,0,114500,280500,"Witheridge, Devon",Other settlement,Devon,England,Witheridge,Devon,28/09/2022,04/11/2022,,,Unknown,Unknown,Unknown,0,17,Super Income Maximisation,,No,1,1,0,0,1,1,0,0,1,0,0,0,0,0,0,1,0,1,0,0,0,1,1,1,0,1,0,0,0,1,0,0,1,0,0,1,1,1,1,0,0,1,0,1,0,0,0,0,0,,review evidence only - manual review recommended,incredibly high quality of the interior decoration,a lovely hot tub,the lovely interior is matched by a pretty and restful garden with a hot tub overlooking the countryside,the hot tub was a wonderful addition,The hot tub was very relaxing
1107471,Best Luxury Property,10,9.3,10,9.8,17,0.588235294,8.959883741,9.335930245,09:29.2,34,194759,03:41.0,SykesPropertyID,SykesPark:0,SykesParkID,225755,418,451069,0,0,1,1,Friday,54.2124756,-2.9371123,,Cumbria West of M6,High Longlands,Current,Hut/Pod/Yurt,4,Ticks 1 to 5,2,4,0,0,480500,338500,"Green Bank, Cumbria",Other settlement,Cumbria,England,Green Bank,Cumbria & The Lake District,10/11/2022,10/11/2022,,,Unknown,Unknown,Unknown,0,12.5,Partial Income Maximisation,,No,1,0,0,0,1,1,0,0,1,1,0,1,0,0,0,0,1,1,0,0,0,1,0,0,0,1,0,1,0,1,0,0,1,0,0,0,1,0,1,0,0,0,0,1,0,0,1,0,0,,review evidence only - manual review recommended,the amenities & the hot tub,the additional luxury of the hot tub and sauna,luxury products,watching the stars from the hot tub,the view whilst in the hot tub was glorious
1090680,Best Luxury Property,12,9.166666667,10,9.916666667,15,0.8,8.918076128,9.33417901,09:29.2,35,173442,29:42.0,SykesPropertyID,SykesPark:0,SykesParkID,210168,1,394153,1,1,2,1,Friday,56.2987547,-3.6986518,,Scottish Lowlands,Feus Holiday Cottage,Current,House semi-detached,5,Ticks 1 to 5,3,5,0,0,712500,294500,"Auchterarder, Perth and Kinross",Town,Perth and Kinross,Scotland,Auchterarder,Central Scotland,25/01/2022,16/02/2022,,,Unknown,Unknown,Unknown,0,18,Super Income Maximisation,,No,1,1,1,0,1,1,0,0,0,0,0,0,0,0,0,1,0,1,0,0,0,1,1,0,0,0,0,0,0,1,0,1,1,0,1,1,1,1,1,0,0,1,0,1,0,0,1,0,0,1,criteria met,the facilities are second to none 5 star infact,it had a hot tub,hot tub very relaxing,lovely cottage loved hot tub,comfortable cottage and hot tub after a long day of hiking
1051425,Best Luxury Property,8,9.222222222,10,10,20,0.4,8.887525144,9.332515087,09:29.2,36,131432,54:30.0,SykesPropertyID,SykesPark:0,SykesParkID,171753,389,213495,1,2,3,3,Saturday,53.227531,-4.51726,,HP - Wales Anglesey Coastal,The Herun,Current,House detached,5,Ticks 1 to 5,6,5,1,0,373500,231500,"Rhosneigr, Isle of Anglesey",Other settlement,Isle of Anglesey,Wales,Rhosneigr,North Wales,03/09/2020,03/09/2020,,,Unknown,Unknown,Unknown,0,16,Super Income Maximisation,,No,1,1,1,0,1,1,0,0,1,0,0,0,0,0,0,1,1,0,1,0,0,0,1,1,0,1,1,0,0,1,0,0,1,0,0,0,1,1,1,0,0,1,0,0,0,1,0,0,0,1,criteria met,the hot tub provides that added extra for an extremely relaxing break,We loved relaxing in the hot tub.,The place is beautifully finished,Everything was spotless and finished to such a high standard.,lovely house with log burner and hot tub
928893,Best Luxury Property,6,9.333333333,10,10,16,0.375,8.887354676,9.332412806,09:29.2,37,155525,54:05.0,SykesPropertyID,SykesPark:0,SykesParkID,45614,1,109386,1,1,2,2,Friday,53.9859272,-2.1022657,,Yorkshire Dales,6 Lock View,Current,House detached,5,Ticks 1 to 5,4,5,0,0,454500,393500,"Gargrave, North Yorkshire",Other settlement,North Yorkshire,England,Gargrave,Yorkshire Dales,10/06/2021,25/06/2021,,,Unknown,Unknown,Unknown,0,15,Super Income Maximisation,,No Option Assigned,1,1,1,0,1,1,0,0,1,0,0,1,0,0,0,1,0,1,0,0,0,0,0,1,0,1,0,0,0,1,0,0,1,0,0,0,0,1,1,0,0,1,0,1,0,0,0,0,0,1,criteria met,with a added bonus of sauna & hot tub!,"the cottage is finished to an exceptionally high standard, with a real sense of luxury throughout","We used the hot tub every evening, such a nice touch.",the hot tub was an excellent feature which we used daily,the hot tub and sauna were welcomed
1060313,Best Luxury Property,6,9.333333333,10,10,11,0.545454546,8.887354676,9.332412806,09:29.2,38,,,,,,,,,,,,,,,,,,,,,,,,,,,,,,,,,,,,,,,,,,,,,,,,,,,,,,,,,,,,,,,,,,,,,,,,,,,,,,,,,,,,,,,,,,,,,,,,,no property data - manual review recommended,we all enjoyed the hot tub!,the hot tub was a real treat,luxury hot tub,relaxing in the hot tub,"Also love the hot tub, with the roof, which was brilliant to use after being out and about for the day."
1003016,Best Luxury Property,6,9.333333333,10,10,24,0.25,8.887354676,9.332412806,09:29.2,39,113175,25:28.0,SykesPropertyID,SykesPark:0,SykesParkID,122561,1,101759,0,0,5,6,Friday,53.8950622,-2.9466635,,North West & Lancashire,Moor End Manor,Current,House detached,5,Ticks 1 to 5,14,5,0,0,444500,337500,"Cold Row, Lancashire",Other settlement,Lancashire,England,Cold Row,Cumbria & The Lake District,15/03/2022,15/03/2022,,,Unknown,Unknown,Unknown,0,18,Super Income Maximisation,,No,1,1,1,1,1,1,0,0,1,1,0,0,0,0,0,1,0,1,1,0,0,1,0,0,0,1,0,0,0,1,0,1,1,0,1,1,0,1,1,0,1,1,0,1,0,1,0,0,0,1,criteria met,The place provides things above and beyond not a thing missed.,The decor is out of this world with every room beautifully designed.,"Quite simply this is a wow property. Great rooms, great showers, comfy beds, fab hot tub.","the specification was a house with style, class and something a bit special",furnished/decorated to a high standard
1159698,Best Luxury Property,12,9.153846154,10,9.923076923,21,0.571428571,8.911083121,9.331265257,09:29.2,40,288842,16:14.0,SykesPropertyID,SykesPark:0,SykesParkID,276774,1,615664,1,2,2,2,Friday,51.8701168,-2.3835058,,Heart of England,The Hay Barn,Current,House detached,5,Ticks 1 to 5,4,5,0,0,218500,374500,"Birdwood, Gloucestershire",Other settlement,Gloucestershire,England,Birdwood,Cotswolds,18/07/2024,26/07/2024,,,Unknown,Unknown,Unknown,0,15,Super Income Maximisation,,No,1,1,1,0,1,1,0,1,1,0,0,0,0,0,0,1,0,1,1,0,0,1,1,0,0,1,0,0,0,1,0,0,1,0,0,0,1,1,1,0,0,1,0,1,0,0,0,0,0,1,criteria met,thoughtfully converted to the highest standard and with no detail overlooked,the outside hot tub was amazing very private,"the level of detail, the high-spec interior, kitchen, bathrooms, the list goes on - they really have thought of everything.",covered hot tub space,"The Hay Barn is the most luxurious of accommodation, the finishing touches are outstanding"
1054274,Best Luxury Property,5,9.6,10,9.8,13,0.384615385,8.946511655,9.327906993,09:29.2,41,186685,13:24.0,SykesPropertyID,SykesPark:0,SykesParkID,174520,1,282125,0,0,5,6,Friday,54.1490974,-2.4744665,,HP Yorkshire Dales,The Oakroyd,Current,House,5,Ticks 1 to 5,12,5,1,0,473500,368500,"Thornton in Lonsdale, North Yorkshire",Other settlement,North Yorkshire,England,Thornton in Lonsdale,Yorkshire Dales,03/07/2024,15/07/2024,,,Unknown,Unknown,Unknown,0,17,Partial Plus Income Maximisation,,No,1,1,1,0,1,0,0,0,1,0,0,0,0,0,0,1,0,0,0,0,0,1,1,0,0,1,0,0,1,1,0,1,1,0,1,1,0,1,1,0,1,1,0,1,0,1,0,0,0,1,criteria met,The specification is exceptional and has to be the best property we have stayed in over the last 15 years as a group.,Every item in the house is of the highest quality and it is obvious that much thought had been put into the planning of the decor and contents of each room.,Beautiful property all furnished and decorated to a high spec.,has been magnificently renovated and is fully equipped with high quality fixtures fittings.,decorated and equipped to the highest standard
958573,Best Luxury Property,5,9.6,10,9.8,23,0.217391304,8.946511655,9.327906993,09:29.2,42,92668,10:17.0,SykesPropertyID,SykesPark:0,SykesParkID,82248,1,140807,0,0,1,3,Friday,53.13509881,-1.549386503,,HP Peak District,Rose Cottage,Current,Semi detached,5,Ticks 1 to 5,6,5,1,0,359500,430500,"Riber, Derbyshire",Other settlement,Derbyshire,England,Riber,Peak District,18/09/2017,18/09/2017,,,Unknown,Unknown,Unknown,0,18,Super Income Maximisation,,No Option Assigned,1,1,1,0,1,0,0,0,1,1,0,0,0,0,0,1,0,0,1,0,0,0,1,1,0,1,0,0,0,1,0,1,1,0,1,1,0,0,1,0,1,1,0,1,0,1,0,0,0,1,criteria met,complete luxury,by far the most luxurious cottage we have stayed in,"Rose Cottage was large and luxurious, plus generously well-equipped.","The owners have done a great job of restoring the property, it is beautifully decorated and so comfortable. There were so many lovely touches, such as the welcome pack, toiletries, lovely linen and towels and lots of books, magazines and games to keep you occupied.",It’s a luxury place to stay
1134977,Best Luxury Property,5,9.4,10,10,13,0.384615385,8.879844988,9.327906993,09:29.2,43,,,,,,,,,,,,,,,,,,,,,,,,,,,,,,,,,,,,,,,,,,,,,,,,,,,,,,,,,,,,,,,,,,,,,,,,,,,,,,,,,,,,,,,,,,,,,,,,,no property data - manual review recommended,wonderful hot tub,luxuriously comfortable,The farmhouse is maintained to an immaculate standard,Hot tub was amazing!,hot tub
1177801,Best Luxury Property,5,9.4,10,10,8,0.625,8.879844988,9.327906993,09:29.2,44,314207,31:22.0,SykesPropertyID,SykesPark:0,SykesParkID,294187,400,659148,1,1,1,1,Friday,52.8457072,-3.2070823,,North Wales,Charollais,Current,Hut/Pod/Yurt,4,Ticks 1 to 5,2,4,0,0,328500,318500,"Moelfre, Powys",Other settlement,Powys,Wales,Moelfre,Mid Wales,09/06/2025,13/06/2025,,,Unknown,Unknown,Unknown,0,15,Full Income Maximisation,,No,1,0,1,0,1,1,0,0,1,0,0,0,0,0,0,0,0,1,1,0,0,1,0,0,0,1,1,0,0,1,0,0,1,0,0,0,1,1,1,0,1,0,0,1,0,0,1,0,0,,review evidence only - manual review recommended,the hot tub was perfect on a star filled night,the hot tub facilities under the stars,The hot tub was ready and waiting when we got there and worked perfectly,"The hot tub is fantastic, one of the best we've had.",great jacuzzi
1097710,Best Luxury Property,13,9.071428571,10,10,25,0.52,8.875054185,9.325032511,09:29.2,45,183254,14:25.0,SykesPropertyID,SykesPark:0,SykesParkID,217050,1,417177,0,0,3,4,Friday,53.1001192,-2.1130606,,Peak District & Derbyshire,Small Lane Cottage,Current,Cottage,5,Ticks 1 to 5,8,5,0,0,357500,392500,"Hollins, Staffordshire",Other settlement,Staffordshire,England,Hollins,Peak District,21/06/2024,19/07/2024,,,Unknown,Unknown,Unknown,0,15,Super Income Maximisation,,No,1,1,0,1,1,1,0,0,1,1,0,0,0,0,0,1,0,1,0,0,0,1,0,0,0,1,0,0,0,1,0,1,1,0,1,1,1,0,1,0,1,1,0,1,0,1,0,0,0,1,criteria met,very comfortably equipped with top quality appliances,"the whole place is finished to a genuinely high spec, and the interiors are stunning — every detail has clearly been thought through with real care. The facilities are outstanding, and the games room in particular is on another level. It kept everyone entertained for hours. It’s rare to find somewhere that feels both luxurious and completely comfortable, but this cottage absolutely delivers.",full of high end fixtures and fittings,"The standard of everything was very high, and very well thought through.",Sitting in the hot tub
1154800,Best Luxury Property,17,9.176470588,10,9.705882353,25,0.68,8.970284253,9.323347022,09:29.2,46,,,,,,,,,,,,,,,,,,,,,,,,,,,,,,,,,,,,,,,,,,,,,,,,,,,,,,,,,,,,,,,,,,,,,,,,,,,,,,,,,,,,,,,,,,,,,,,,,no property data - manual review recommended,they had text us earlier in the day to ask out time of arrival so they would have the hot tub warmed and ready to use,the hot tub was ready for us to use!,the hot tub was ready for us to start our holiday,Jo texted me on our way up asking if we wanted the hot tub ready for our arrival,It has all the amenities you would need and every single corner of the shepherds hut has been thought of so well from Dean & Jo the owners.
1125125,Best Luxury Property,8,9.375,10,9.75,21,0.380952381,8.955426379,9.323255827,09:29.2,47,219747,40:07.0,SykesPropertyID,SykesPark:0,SykesParkID,243883,1,183039,0,0,1,1,Friday,52.9388852,-1.8003514,,Peak District & Derbyshire,No Deer,Current,Hut/Pod/Yurt,5,Ticks 1 to 5,2,5,0,0,338500,413500,"Thurvaston, Derbyshire",Other settlement,Derbyshire,England,Thurvaston,Peak District,21/03/2023,14/04/2023,,,Unknown,Unknown,Unknown,0,15,Full Income Maximisation,,No,1,0,0,0,1,1,0,0,1,0,0,0,0,0,0,0,0,1,0,0,0,1,1,1,0,1,0,0,0,1,0,1,1,0,0,0,0,1,1,0,0,0,0,1,0,0,1,0,0,1,criteria met,we loved the hot tub,hot tub was amazing aswell as the pod,hot tub,Our favourite moment was sitting in the hot tub early evening with the lights all aglow,the perfect little luxury retreat nestled in the countryside
1118018,Best Luxury Property,4,9.5,10,10,20,0.2,8.871262487,9.322757492,09:29.2,48,208285,25:08.0,SykesPropertyID,SykesPark:0,SykesParkID,236213,343,492347,1,2,1,1,Saturday,50.8986255,-3.7551923,,Devon,Orchard Retreat,Current,Hut/Pod/Yurt,4,Ticks 1 to 5,2,4,0,0,113500,276500,"West Worlington, Devon",Other settlement,Devon,England,West Worlington,Devon,14/09/2022,24/09/2022,,,Unknown,Unknown,Unknown,0,17,Partial Plus Income Maximisation,,No,1,0,0,1,1,1,0,0,1,0,0,0,0,0,0,0,0,1,1,0,0,1,0,0,0,1,0,0,0,1,0,0,1,0,0,0,0,1,1,0,1,0,0,1,0,0,1,0,0,,review evidence only - manual review recommended,the perfect little touches including pressing of the toilet paper... little treats and bottle of Prosecco,Not forgetting the HOT TUB,the hot tub is an utter joy,Watching the stars from the hot tub with a drink in hand was truly wonderful,
1168363,Best Luxury Property,4,9.5,10,10,19,0.210526316,8.871262487,9.322757492,09:29.2,49,299343,28:20.0,SykesPropertyID,SykesPark:0,SykesParkID,285041,1,640836,0,0,1,1,Saturday,52.9190989,-2.3618873,,Heart of England,Spitfire Lodge,Current,Annex,4,Ticks 1 to 5,2,4,0,0,335500,375500,"Jugbank, Staffordshire",Other settlement,Staffordshire,England,Jugbank,Peak District,14/01/2025,01/02/2025,,,Unknown,Unknown,Unknown,0,16,Super Income Maximisation,,No,1,0,0,0,1,1,0,0,1,1,0,1,0,0,0,0,0,1,1,0,0,0,1,0,0,1,0,0,0,1,0,0,1,0,0,0,1,1,1,0,0,0,0,1,0,0,1,0,0,,review evidence only - manual review recommended,The hot tub and sauna were an added bonus – perfect for unwinding.,Hot tub fabulous size and sauna a nice touch to relax,the sauna and hot tub are fantastic,On arrival was greeted and shown how to use the sauna and hot tub.,
1056524,Best Luxury Property,4,9.5,10,10,19,0.210526316,8.871262487,9.322757492,09:29.2,50,194140,49:33.0,SykesPropertyID,SykesPark:0,SykesParkID,176757,1,290557,0,0,1,2,Friday,53.346184,-4.2466975,,HP - Wales Anglesey Coastal,Y Gorlan,Current,Barn conversion,5,Ticks 1 to 5,4,5,1,0,384500,250500,"Marian-glas, Isle of Anglesey",Other settlement,Isle of Anglesey,Wales,Marian-glas,North Wales,30/12/2022,30/12/2022,,,Unknown,Unknown,Unknown,0,15,Super Income Maximisation,,No,1,1,1,0,1,1,0,0,1,1,0,0,0,0,0,1,1,1,1,0,0,1,0,0,0,1,0,0,0,0,0,1,1,0,0,1,1,1,1,0,1,1,0,1,0,1,1,0,0,1,criteria met,the fabulous hot tub,"The interior has been finished to a very high standard. It’s stylish, comfortable and relaxing.",Everything you could need for your stay has been thought of inside this property and it is all lovely quality.,"the cottage is beautiful, very clean",
1158821,Best Luxury Property,4,9.5,10,10,9,0.444444444,8.871262487,9.322757492,09:29.2,51,287763,01:52.0,SykesPropertyID,SykesPark:0,SykesParkID,275855,1,315987,1,2,1,1,Thursday,50.707566,-4.539584,,Devon,Bracken,Current,Hut/Pod/Yurt,4,Ticks 1 to 5,2,4,0,0,91500,221500,"Fonston, Cornwall",Other settlement,Cornwall,England,Fonston,Cornwall,05/07/2024,05/07/2024,,,Unknown,Unknown,Unknown,0,18,Super Income Maximisation,,No,0,0,1,0,1,1,0,0,1,0,0,0,0,0,0,0,1,1,1,0,0,1,0,0,0,1,0,0,0,1,0,0,1,0,0,0,0,1,1,0,1,0,0,1,0,0,1,0,0,,review evidence only - manual review recommended,Loads of wood supplied for the hot tub and fire pit.,Hut tub and fire pit was out of this world just sat in the hot tub looking up at the stars listening to the firer crackling,The hot tub was a real classy feature and just added an extra element!,"The accommodation had everything we needed beautifully presented, clean, and really well-equipped.",
1149689,Best Luxury Property,4,9.5,10,10,7,0.571428571,8.871262487,9.322757492,09:29.2,52,,,,,,,,,,,,,,,,,,,,,,,,,,,,,,,,,,,,,,,,,,,,,,,,,,,,,,,,,,,,,,,,,,,,,,,,,,,,,,,,,,,,,,,,,,,,,,,,,no property data - manual review recommended,Very luxurious with everything we could possibly need.,"Great hot tub, very clean.",everything was catered for and to a high quality,The hot tub was perfect and it was great knowing the water was cleaned between each guest.,
1107431,Best Luxury Property,15,9.066666667,10,9.933333333,33,0.454545455,8.887906993,9.319410862,09:29.2,53,194773,51:25.0,SykesPropertyID,SykesPark:0,SykesParkID,225744,1,279749,1,1,3,4,Friday,53.9294968,-2.9100678,,North West & Lancashire,Vine Cottage,Current,House,4,Ticks 1 to 5,7,4,0,0,448500,340500,"Pilling, Lancashire",Other settlement,Lancashire,England,Pilling,Cumbria & The Lake District,23/12/2022,09/01/2023,,,Unknown,Unknown,Unknown,0,15,Super Income Maximisation,,No,1,1,0,0,1,1,0,0,1,1,0,0,0,0,0,1,1,1,1,0,0,1,0,0,0,1,0,0,0,1,0,0,1,0,0,0,1,0,1,0,1,1,0,1,0,0,0,0,0,,review evidence only - manual review recommended,"The hot tub was an added bonus, with robes and flip flops provided.",Our 2 teenage granddaughters loved going back to a few hours in the hot tub after a busy day out exploring.,Hot tub heated and spotlessly cleaned,Everything and I mean everything is of the highest standard and immaculate!,we really enjoyed the hot tub
1120972,Best Luxury Property,12,9.166666667,10,9.833333333,29,0.413793103,8.918076128,9.317512344,09:29.2,54,212231,11:02.0,SykesPropertyID,SykesPark:0,SykesParkID,239879,1,502581,1,3,10,8,Friday,52.7101937,-2.1071601,,Heart of England,Otherton Hall,Current,House detached,5,Ticks 1 to 5,16,5,0,0,312500,392500,"Otherton, Staffordshire",Other settlement,Staffordshire,England,Otherton,Peak District,26/10/2023,11/12/2023,,,Unknown,Unknown,Unknown,0,15,Super Income Maximisation,,No,1,1,1,1,1,0,1,0,0,0,1,1,0,0,1,1,0,1,1,0,0,1,0,0,0,1,0,1,0,1,0,0,1,0,0,0,0,1,1,0,1,1,0,1,0,0,0,0,0,1,criteria met,"The property was super luxurious, spotless and so well equipped, (pool inflatables, x-box, dressing gowns and the best glasses cupboard I've ever seen).",The pool & sauna is a true luxury touch.,The house is stunning even down to the very last detail,The accommodation has been beautifully renovated and is luxurious and comfortable,the whole place was finished to an impeccable standard
1167089,Best Luxury Property,3,9.666666667,10,10,17,0.176470588,8.861359602,9.316815761,09:29.2,55,297802,29:35.0,SykesPropertyID,SykesPark:0,SykesParkID,283886,302,604472,1,2,1,1,Saturday,50.1489478,-5.6703458,,HP Cornwall Coast,Little Victory,Current,Lodge,5,Ticks 1 to 5,2,5,1,0,34500,137500,"Lower Boscaswell, Cornwall",Other settlement,Cornwall,England,Lower Boscaswell,Cornwall,16/05/2025,16/05/2025,,,Unknown,Unknown,Unknown,0,15,Super Income Maximisation,,No,1,1,1,0,1,1,0,0,1,0,0,0,0,0,0,0,1,0,1,0,0,1,1,1,0,1,1,1,0,1,0,0,1,0,0,1,1,0,1,0,0,1,0,1,1,0,0,0,0,1,criteria met,built and furnished to the highest quality,"a peaceful, stylish and dog‑friendly Cornish retreat where you can unwind in luxury",it has everything you could possibly want including a hot tub!,,
1085244,Best Luxury Property,3,9.666666667,10,10,22,0.136363636,8.861359602,9.316815761,09:29.2,56,166659,50:37.0,SykesPropertyID,SykesPark:0,SykesParkID,204823,1,60110,0,0,1,2,Friday,54.6241161,-2.0757176,,The North East,Low Thearns,Current,House,5,Ticks 1 to 5,4,5,0,0,525500,395500,"High Dyke, Durham",Other settlement,Durham,England,High Dyke,Yorkshire Dales,19/12/2022,29/12/2022,,,Unknown,Unknown,Unknown,0,17,Super Income Maximisation,,No,1,1,1,0,1,0,0,0,1,1,0,0,0,0,0,1,0,1,1,0,0,1,0,1,0,1,0,0,0,1,0,1,1,0,1,1,1,1,1,0,1,1,0,1,0,0,0,0,0,1,criteria met,This cottage has been restored and appointed to a very high standard with no corners cut or expense spared in ensuring its guests are comfortable and want for nothing.,An amazing luxury cottage,"the furnishings are high-end, the bed was so comfortable, and we lacked for nothing in terms of equipment",,
935382,Best Luxury Property,3,9.666666667,10,10,5,0.6,8.861359602,9.316815761,09:29.2,57,78545,06:54.0,SykesPropertyID,SykesPark:0,SykesParkID,57442,1,116591,1,4,1,1,Friday,53.4090922,-4.4510393,,HP - Wales Anglesey Coastal,Smithy Cottage,Current,Semi detached,4,Ticks 1 to 5,2,4,1,0,393500,236500,"Cemaes, Isle of Anglesey",Other settlement,Isle of Anglesey,Wales,Cemaes,North Wales,28/04/2016,06/05/2016,,,Unknown,Unknown,Unknown,0,15,Super Income Maximisation,,No Option Assigned,1,0,1,0,1,1,0,0,1,0,0,0,0,0,0,0,1,0,1,0,0,0,1,1,0,0,0,0,0,1,0,0,1,0,0,1,1,1,1,0,0,0,0,1,0,0,1,0,1,,review evidence only - manual review recommended,we managed to get in the hot tub which was lovely,Amazing hot tub.,the hot tub was a fantastic way to relax and unwind,,
1016150,Best Luxury Property,3,9.666666667,10,10,11,0.272727273,8.861359602,9.316815761,09:29.2,58,127457,35:02.0,SykesPropertyID,SykesPark:0,SykesParkID,138142,1,222510,0,0,4,4,Friday,54.4335546,-2.9613247,,HP Lake District,Prospect House,Current,Cottage,5,Ticks 1 to 5,8,5,1,0,504500,337500,"Ambleside, Cumbria",Town,Cumbria,England,Ambleside,Cumbria & The Lake District,07/02/2020,28/02/2020,,,Unknown,Unknown,Unknown,0,15,Full Income Maximisation,,No,1,1,0,0,1,0,0,0,1,1,0,0,0,0,0,1,0,1,1,0,1,0,1,1,0,1,1,0,0,1,0,1,0,0,0,0,0,0,1,0,1,1,0,1,0,1,0,0,1,1,criteria met,"Luxurious, stylish and comfortable",It is luxurious and beautifully decorated,renovated to the highest standard,,
942516,Best Luxury Property,3,9.666666667,10,10,6,0.5,8.861359602,9.316815761,09:29.2,59,88007,58:32.0,SykesPropertyID,SykesPark:0,SykesParkID,67892,1,96008,0,0,2,4,Friday,54.35027,-2.91202,,HP Lake District,Yew - Woodland Cottages,Current,Detached,4,Ticks 1 to 5,7,4,1,0,496500,340500,"Bowness-On-Windermere, Cumbria",Town,Cumbria,England,Bowness-On-Windermere,Cumbria & The Lake District,02/05/2017,28/07/2017,,,Unknown,Unknown,Unknown,0,12,Partial Plus Income Maximisation,,No Option Assigned,1,1,0,0,1,1,0,0,1,1,0,0,0,0,0,1,0,0,0,0,0,0,0,0,0,1,0,0,0,1,0,0,1,0,0,1,0,1,1,0,0,1,0,1,0,0,0,0,0,,review evidence only - manual review recommended,The hot tub is a great bonus,"Hot tub was amazing, a was thoroughly enjoyed by all of us! Excellent amenities",checks jacuzzi every day,,
1117120,Best Luxury Property,3,9.666666667,10,10,12,0.25,8.861359602,9.316815761,09:29.2,60,210022,55:29.0,SykesPropertyID,SykesPark:0,SykesParkID,237967,437,489917,1,1,4,4,Friday,52.15089124,1.601021345,,HP East Anglia,Regatta Lookout,Current,Apartment,5,Ticks 1 to 5,8,5,1,0,256500,646500,"Aldeburgh, Suffolk",Town,Suffolk,England,Aldeburgh,East Anglia,26/05/2022,26/05/2022,,,Unknown,Unknown,Unknown,0,18,Super Income Maximisation,,Yes,1,1,0,0,0,0,0,0,0,0,0,0,0,0,0,1,1,0,1,0,0,0,1,1,0,1,0,0,0,1,0,0,1,0,0,0,0,1,1,0,0,1,0,0,0,1,0,0,0,1,criteria met,"the property had absolutely everything you might need, and is comfortable, clean and luxurious.","it was furnished to a really high standard, the kitchen was very well equipped","beautifully presented, luxurious yet homely, and clearly a much-loved family space with a lot of care and attention to detail throughout",,
1049218,Best Luxury Property,3,9.666666667,10,10,8,0.375,8.861359602,9.316815761,09:29.2,61,192006,02:44.0,SykesPropertyID,SykesPark:0,SykesParkID,169624,1,267871,0,0,1,1,Friday,54.263882,-0.8931065,,HP North York Moors,Rising Sun,Current,Lodge,4,Ticks 1 to 5,2,4,1,0,485500,470500,"Kirkby Mills, North Yorkshire",Other settlement,North Yorkshire,England,Kirkby Mills,North York Moors & Coast,17/05/2022,03/06/2022,,,Unknown,Unknown,Unknown,0,17,Partial Income Maximisation,,No,1,0,0,0,1,1,0,0,1,1,0,0,0,0,0,1,0,1,0,0,0,1,0,0,0,1,0,0,0,1,0,1,1,0,0,0,1,1,1,0,1,0,0,1,1,0,1,0,0,,review evidence only - manual review recommended,there was even prosecco and chocolates waiting for us,It would as such a luxurious stay,The hot tub was ready for us on our first night and after a short message to the owners they got it ready for the second night too.,,
1153653,Best Luxury Property,3,9.666666667,10,10,27,0.111111111,8.861359602,9.316815761,09:29.2,62,281216,06:39.0,SykesPropertyID,SykesPark:0,SykesParkID,270954,1,544235,1,1,2,2,Saturday,56.5764357,-3.4061472,,Scottish Highlands,Bramble Cottage,Current,Lodge,5,Ticks 1 to 5,4,5,0,0,743500,313500,"Wester Essendy, Perth and Kinross",Other settlement,Perth and Kinross,Scotland,Wester Essendy,Central Scotland,15/07/2024,15/07/2024,,,Unknown,Unknown,Unknown,0,15,Full Income Maximisation,,No,1,1,0,0,1,0,0,0,1,1,0,0,0,0,0,1,0,1,1,0,0,1,0,0,0,1,1,0,1,1,0,0,1,0,0,1,1,1,1,0,0,1,1,1,1,1,0,0,0,1,criteria met,"What an amazing place, pure luxury, we felt totally spoilt with the gifts that were there on our arrival.",Everything has been thought of to a luxury standard,"Definitely 5 star and one of, if not the nicest we have stayed in. New, well maintained, clean and very well equipped with everything you will need. Lots of lovely little extras that just go the extra mile to make it a great choice for a stay.",,
1156297,Best Luxury Property,3,9.666666667,10,10,7,0.428571429,8.861359602,9.316815761,09:29.2,63,284662,12:00.0,SykesPropertyID,SykesPark:0,SykesParkID,273387,1,564973,0,0,1,1,Friday,53.1638546,-3.4217464,,North Wales,Moel Arthur,Current,Hut/Pod/Yurt,4,Ticks 1 to 5,2,4,0,0,364500,305500,"Pont-Ystrad, Denbighshire",Other settlement,Denbighshire,Wales,Pont-Ystrad,North Wales,25/03/2025,25/03/2025,,,Unknown,Unknown,Unknown,0,17,Full Income Maximisation,25/03/2025,No,1,0,0,0,1,0,0,0,1,0,0,1,0,0,0,0,0,1,0,0,0,1,0,0,0,1,0,0,0,1,0,1,1,0,0,0,0,1,1,0,0,0,0,1,0,0,1,0,0,,review evidence only - manual review recommended,a real luxury we didn't have to think of anything and could completely relax,The hot tub was amazing and kept temperature all evening which was great too!,lovely hot tub and sauna,,
917580,Best Luxury Property,3,9.666666667,10,10,7,0.428571429,8.861359602,9.316815761,09:29.2,64,49121,58:09.0,SykesPropertyID,SykesPark:0,SykesParkID,32738,1,96104,1,1,2,5,Saturday,52.1045854,-4.1175462,,Mid Wales,Aberdauddwr,Current,Detached,4,Ticks 1 to 5,8,4,0,0,247500,253500,"Llanwnnen, Ceredigion",Other settlement,Ceredigion,Wales,Llanwnnen,Mid Wales,20/10/2015,20/10/2015,,,Unknown,Unknown,Unknown,0,20,Super Income Maximisation,,No Option Assigned,1,1,0,0,1,1,0,1,1,1,0,0,0,0,0,1,0,0,0,1,0,0,0,0,0,1,0,0,1,1,0,0,1,0,1,1,0,1,1,0,0,1,1,0,0,0,0,0,0,,review evidence only - manual review recommended,The kids had the best time in the hot tub.,A beautiful property that has a view from the hot tub to die for.,The night sky from the Hot tub was something else.,,
1170306,Best Luxury Property,3,9.666666667,10,10,6,0.5,8.861359602,9.316815761,09:29.2,65,301678,29:25.0,SykesPropertyID,SykesPark:0,SykesParkID,287001,1,387513,1,2,2,3,Friday,54.5698715,-1.7379929,,The North East,Peace Cottage,Current,Cottage,4,Ticks 1 to 5,6,4,0,0,519500,416500,"Langton, Durham",Other settlement,Durham,England,Langton,Yorkshire Dales,22/08/2025,03/10/2025,,,Unknown,Unknown,Unknown,0,17,Super Income Maximisation,,No,1,1,0,0,1,0,0,0,1,1,0,0,0,0,0,1,0,1,1,0,0,1,0,0,0,1,0,0,1,1,0,0,1,0,0,1,0,1,1,0,1,1,0,1,0,0,0,0,0,,review evidence only - manual review recommended,the house is absolutely stunning and the bathroom is next level,Everything in the house has been finished to a 5 star standard.,"the interior is to the most beautiful spec - a wonderful balance of cosy, yet spacious and just gives the most homely feel",,
1189737,Best Luxury Property,3,9.666666667,10,10,6,0.5,8.861359602,9.316815761,09:29.2,66,321717,33:50.0,SykesPropertyID,SykesPark:0,SykesParkID,300227,1,674008,1,2,3,4,Friday,53.1795918,-4.2715014,,HP - Wales Anglesey Coastal,Pistyll Ddu,Current,House,5,Ticks 1 to 5,8,5,1,0,367500,248500,"Brynsiencyn, Isle of Anglesey",Other settlement,Isle of Anglesey,Wales,Brynsiencyn,North Wales,03/10/2025,03/10/2025,,,Unknown,Unknown,Unknown,0,15,Super Income Maximisation,,No,1,1,1,1,1,1,0,0,1,0,0,0,0,0,0,0,0,1,1,0,0,1,1,0,0,1,0,0,0,1,0,0,1,0,0,0,0,1,1,0,0,1,0,1,0,0,0,0,0,1,criteria met,the jacuzzi and hot tub were a wonderful added touch that made our visit even more relaxing,"Decorated to a high standard, very clean. Hot tub was great",Such a beautifully done house with no expense spared.,,
1051443,Best Luxury Property,3,9.666666667,10,10,8,0.375,8.861359602,9.316815761,09:29.2,67,,,,,,,,,,,,,,,,,,,,,,,,,,,,,,,,,,,,,,,,,,,,,,,,,,,,,,,,,,,,,,,,,,,,,,,,,,,,,,,,,,,,,,,,,,,,,,,,,no property data - manual review recommended,the hot tub was the icing on the cake or scone,the hot tub was brilliant! It really made it feel like a home away from home.,the hot tub was the icing on the cake,,
1076799,Best Luxury Property,3,9.666666667,10,10,13,0.230769231,8.861359602,9.316815761,09:29.2,68,155480,43:42.0,SykesPropertyID,SykesPark:11,SykesParkID,196369,418,343033,1,2,2,2,Friday,54.3971372,-2.9313094,White Cross Bay,HP Lake District,Black Dog Lodge,Current,Lodge,5,Ticks 1 to 5,4,5,1,0,500500,340500,"Troutbeck Bridge, Cumbria",Other settlement,Cumbria,England,Troutbeck Bridge,Cumbria & The Lake District,04/06/2021,04/06/2021,,,Unknown,Unknown,Unknown,0,12.5,Super Income Maximisation,,No,1,1,0,0,1,1,0,0,0,0,0,0,0,0,0,0,0,0,0,0,0,0,1,1,0,0,0,0,0,1,0,0,1,0,0,1,0,0,1,0,0,1,0,1,1,0,1,0,0,1,criteria met,lovely to use hot tub after a day out,The hot tub was so nice and was monitored a few times a week.,Hot Tub upgraded since our last visit and was the perfect remedy after a long fell walk,,
1066825,Best Luxury Property,3,9.666666667,10,10,15,0.2,8.861359602,9.316815761,09:29.2,69,143001,07:26.0,SykesPropertyID,SykesPark:0,SykesParkID,186753,1,320852,0,0,3,3,Friday,50.6098947,-1.3205426,,Isle of Wight,Chapel House,Current,Unique wow (Castle / lighthouse / thatched),5,Ticks 1 to 5,6,5,0,0,79500,448500,"Chale Green, Isle of Wight",Other settlement,Isle of Wight,England,Chale Green,South Coast,08/04/2021,14/04/2021,,,Unknown,Unknown,Unknown,0,20,Super Income Maximisation,,No,1,1,0,0,1,0,0,0,1,0,0,0,0,0,0,1,1,1,0,0,0,1,0,0,0,1,0,0,0,1,0,1,1,0,0,0,1,1,1,0,1,0,0,0,0,1,0,0,0,1,criteria met,Sumptuous accommodation,"Spacious, luxurious property with everything needed for a comfortable stay.",the hamper of goodies and the bottle of champagne to the complimentary toiletries it was all there and designed to ensure you have a memorable visit.,,
1021105,Best Luxury Property,3,9.666666667,10,10,9,0.333333333,8.861359602,9.316815761,09:29.2,70,,,,,,,,,,,,,,,,,,,,,,,,,,,,,,,,,,,,,,,,,,,,,,,,,,,,,,,,,,,,,,,,,,,,,,,,,,,,,,,,,,,,,,,,,,,,,,,,,no property data - manual review recommended,the hot tub was a big hit!,hot tub was brilliant,"The hot tub was amazing, all set up and ready to go.",,
1089301,Best Luxury Property,3,9.666666667,10,10,9,0.333333333,8.861359602,9.316815761,09:29.2,71,171561,59:39.0,SykesPropertyID,SykesPark:0,SykesParkID,208719,1,389059,1,2,3,5,Saturday,52.9351065,-4.5275375,,HP - Wales North West Coast,Farmhouse,Current,House,4,Ticks 1 to 5,10,4,1,0,340500,230500,"Nefyn, Gwynedd",Other settlement,Gwynedd,Wales,Nefyn,North Wales,14/11/2022,01/07/2023,,,Unknown,Unknown,Unknown,0,18,Partial Plus Income Maximisation,,Part - Cleaning Only,1,1,1,0,1,0,0,0,1,1,0,0,0,0,0,1,1,1,1,0,0,1,0,0,0,1,0,1,0,1,0,0,0,0,0,0,1,0,1,0,0,1,0,1,0,0,0,0,0,,review evidence only - manual review recommended,ending with a splash in the hot tub,The hot tub is top notch!,the hot tub which is kept well maintained throughout your stay is a bonus.,,
966635,Best Luxury Property,3,9.666666667,10,10,14,0.214285714,8.861359602,9.316815761,09:29.2,72,93107,18:09.0,SykesPropertyID,SykesPark:0,SykesParkID,58248,302,158589,1,2,2,2,Friday,50.1238454,-5.1227886,,Cornwall,"The Stable, Boskensoe Barns",Current,Barn conversion,5,Ticks 1 to 5,4,5,0,0,29500,177500,"Carlidnack, Cornwall",Other settlement,Cornwall,England,Carlidnack,Cornwall,27/09/2017,10/11/2017,,,Unknown,Unknown,Unknown,0,15,Full Income Maximisation,,No,1,1,0,0,1,0,0,1,1,1,0,0,0,0,0,1,1,1,1,0,0,0,0,0,0,1,0,0,0,1,0,0,1,0,1,1,1,0,1,0,1,1,1,1,0,1,1,0,0,1,criteria met,so well equipped & luxuriously finished,dressing gowns in your wardrobe,the owners attention to detail on every aspect was really quite amazing and added to the experience of our stay,,
983802,Best Luxury Property,3,9.666666667,10,10,5,0.6,8.861359602,9.316815761,09:29.2,73,102382,34:21.0,SykesPropertyID,SykesPark:0,SykesParkID,79770,343,173057,0,0,1,1,Friday,50.540672,-4.221038,,Devon,Rock View Shepherd's Hut,Current,Hut/Pod/Yurt,3,Ticks 1 to 5,2,3,0,0,72500,241500,"Chilsworthy, Cornwall",Other settlement,Cornwall,England,Chilsworthy,Cornwall,21/05/2018,21/05/2018,,,Unknown,Unknown,Unknown,0,18,Super Income Maximisation,,No,0,0,0,0,1,1,0,0,1,1,0,0,0,0,0,0,0,1,0,0,0,0,0,0,0,1,0,0,0,1,0,0,1,0,0,0,0,0,1,0,0,0,0,0,0,0,1,0,0,,review evidence only - manual review recommended,we loved watching the stars through the tree canopy in the hot tub,We enjoyed the hot tub thoroughly,"the hot tub, fire and the inside of the hut setting a lovely scene",,
1099915,Best Luxury Property,15,9.133333333,10,9.8,26,0.576923077,8.927906993,9.316744196,09:29.2,74,185826,58:24.0,SykesPropertyID,SykesPark:0,SykesParkID,219286,1,424549,1,3,1,1,Saturday,52.6763779,-2.79305,,Shropshire & Telford,Cherry Pod,Current,Hut/Pod/Yurt,4,Ticks 1 to 5,2,4,0,0,309500,346500,"Redhill, Shropshire",Other settlement,Shropshire,England,Redhill,Heart of England,21/06/2022,06/07/2022,,,Unknown,Unknown,Unknown,0,20,Super Income Maximisation,,No,1,0,1,0,1,1,0,0,1,0,0,0,0,0,0,0,0,1,0,0,0,1,1,0,0,1,0,0,0,1,0,0,1,0,1,1,1,1,1,0,1,0,0,1,0,0,1,0,0,,review evidence only - manual review recommended,the most amazing robes (I wanted to steal one!),the brand new hot tub was extra special.,in a hot tub in the middle of nowhere with nobody around hearing owls and sipping champagne is just another level,We used the wood burning hot tub which was bliss,The hot tub was ready to sink into as soon as we got there
1136136,Best Luxury Property,14,9.071428571,10,9.928571429,26,0.538461539,8.883236451,9.315656156,09:29.2,75,232321,59:44.0,SykesPropertyID,SykesPark:0,SykesParkID,254539,1,544764,1,1,1,1,Friday,52.9160571,-2.6822847,,Shropshire & Telford,The Oak Hut,Current,Hut/Pod/Yurt,3,Ticks 1 to 5,2,3,0,0,336500,354500,"Steel Heath, Shropshire",Other settlement,Shropshire,England,Steel Heath,Heart of England,03/07/2023,14/07/2023,,,Unknown,Unknown,Unknown,0,17,Super Income Maximisation,,No,1,0,1,0,1,1,0,0,0,0,0,0,0,0,0,0,0,1,1,1,0,1,0,0,0,1,0,1,0,1,0,1,1,0,0,0,1,1,1,0,0,0,0,1,0,0,1,0,0,,review evidence only - manual review recommended,the hot tub is perfect,the hot tub is a perfect way to relax after a day out,The hot tub was lovely in the evenings,The hot tub is glorious and Paul kept the logs topped up from morning to night.,the hot tub was warmed up daily for us to use anytime from 3pm onwards
1066966,Best Luxury Property,4,9.75,10,9.75,13,0.307692308,8.942691059,9.315614635,09:29.2,76,143233,58:09.0,SykesPropertyID,SykesPark:0,SykesParkID,186928,1,173845,0,0,2,2,Friday,52.09440123,-2.65532908,,Herefordshire,Lugg View,Current,Unknown,5,Ticks 1 to 5,4,5,0,0,244500,355500,"Withington Marsh, Herefordshire",Other settlement,Herefordshire,England,Withington Marsh,Heart of England,22/04/2021,07/05/2021,,,Unknown,Unknown,Unknown,0,15,Super Income Maximisation,,No,1,1,0,0,1,1,0,0,1,1,0,0,0,0,0,0,0,1,1,0,0,1,1,0,0,1,0,0,1,1,0,0,1,0,0,0,1,1,1,0,1,0,0,1,0,0,0,0,0,1,criteria met,"the property is amazing kept to a very high standard, clean and well maintained, everything you needed for a wonderful chilled experience hot tub checked and cleaned every other day",high end accommodation,"The outside area, seating and hot tub was perfect.",We loved the hot tub!,
1172233,Best Luxury Property,8,9.25,10,9.875,22,0.363636364,8.899870823,9.314922494,09:29.2,77,304253,05:50.0,SykesPropertyID,SykesPark:0,SykesParkID,288779,1,624461,0,0,1,1,Friday,52.8958489,-1.663555,,Peak District & Derbyshire,The Parlour,Current,Farm Stay,4,Ticks 1 to 5,2,4,0,0,333500,423500,"Sutton on the Hill, Derbyshire",Other settlement,Derbyshire,England,Sutton on the Hill,Peak District,14/03/2025,28/03/2025,,,Unknown,Unknown,Unknown,0,18,Partial Income Maximisation,,No,1,1,1,0,1,1,0,1,1,0,0,0,0,0,0,0,0,1,1,0,0,1,0,0,0,1,0,0,1,1,0,1,1,0,0,0,1,1,1,0,0,0,0,1,0,0,1,0,0,,review evidence only - manual review recommended,The hot tub was spot on and the most perfect way to start Christmas day.,Loved the hot tub.,we loved the hot tub!,we enjoy the hot tub and sitting outside in private,"the hot tub, amazing and probably one of the best we've used"
1150689,Best Luxury Property,7,9.428571429,10,9.714285714,24,0.291666667,8.952804401,9.314539784,09:29.2,78,277687,17:59.0,SykesPropertyID,SykesPark:0,SykesParkID,267906,1,589400,1,1,1,2,Friday,54.940745,-4.7401458,,Scottish Lowlands,Little Lodge,Current,Lodge,4,Ticks 1 to 5,4,4,0,0,557500,219500,"Glenluce, Dumfries and Galloway",Other settlement,Dumfries and Galloway,Scotland,Glenluce,Southern Scotland,05/03/2024,05/03/2024,,,Unknown,Unknown,Unknown,0,18,Super Income Maximisation,,No,1,1,0,0,1,1,0,0,1,0,0,0,0,0,0,1,0,1,1,1,0,0,0,0,0,1,0,0,0,0,0,0,1,0,0,0,1,0,1,0,0,1,0,0,1,0,0,0,1,,review evidence only - manual review recommended,relaxing hot tub,Very luxurious and well equipped lodge,"Beautifully decorated, with magnificent facilities ( including a super king size bed). There were many extras including a hot- tub, towelling robes and plastic glasses for use in the tub.",we also enjoyed use of the barbecue and hot tub while we were there,thoughtful touches such as robes provided for walking out to the hot tub
1183268,Best Luxury Property,2,10,10,10,8,0.25,8.849806235,9.309883741,09:29.2,79,319247,06:46.0,SykesPropertyID,SykesPark:0,SykesParkID,298224,1,667192,1,2,1,1,Saturday,51.7437441,-2.827578,,South Wales,Walnut Cottage,Current,Cottage,5,Ticks 1 to 5,2,5,0,0,205500,342500,"Treworgan Common, Monmouthshire",Other settlement,Monmouthshire,Wales,Treworgan Common,South Wales,28/11/2025,27/12/2025,,,Unknown,Unknown,Unknown,0,18,Super Income Maximisation,,Yes,1,1,0,0,1,0,0,0,1,0,0,0,0,0,0,1,0,1,1,0,0,1,0,0,0,1,0,0,1,1,0,0,1,0,0,0,0,1,1,0,0,0,0,1,0,0,1,0,0,1,criteria met,the owners have restored beautifully with such high quality detail in everything they have done from appliances to the furnishings,high end appliances and quality home furnishings,,,
1137480,Best Luxury Property,2,10,10,10,23,0.086956522,8.849806235,9.309883741,09:29.2,80,233932,58:09.0,SykesPropertyID,SykesPark:0,SykesParkID,255946,1,549169,1,3,2,2,Saturday,50.9621756,-1.622232,,HP New Forest Hampshire,7 Wild Haven,Current,Lodge,4,Ticks 1 to 5,4,4,1,0,117500,425500,"Nomansland, Wiltshire",Other settlement,Wiltshire,England,Nomansland,Cotswolds,19/07/2023,21/07/2023,,,Unknown,Unknown,Unknown,0,16,Super Income Maximisation,,No,1,1,0,0,1,0,0,0,0,0,0,0,0,0,0,1,0,1,0,0,0,1,1,0,0,1,0,0,0,1,0,0,1,0,0,0,1,1,1,0,0,1,0,1,1,0,0,0,0,,review evidence only - manual review recommended,a complete luxurious home from home with everything you could possibly need and more,This is the first time we've hired a luxury lodge and 7 Wild Haven exceeded our expectations.,,,
1074471,Best Luxury Property,2,10,10,10,9,0.222222222,8.849806235,9.309883741,09:29.2,81,152708,02:01.0,SykesPropertyID,SykesPark:0,SykesParkID,194134,402,343002,0,0,2,2,Friday,54.9176192,-2.7130172,,Cumbria East of M6,Tarn End Cottages 12,Current,Cottage,5,Ticks 1 to 5,4,5,0,0,557500,354500,"Talkin, Cumbria",Other settlement,Cumbria,England,Talkin,Cumbria & The Lake District,08/05/2021,08/05/2021,,,Unknown,Unknown,Unknown,0,18,Super Income Maximisation,,No,1,1,0,0,1,0,0,0,1,0,0,0,0,0,0,1,0,1,1,0,0,0,0,0,0,1,1,0,1,1,0,0,1,0,0,0,0,1,1,0,1,1,0,0,0,1,0,0,0,1,criteria met,The property is pure luxury.,Luxurious bedding and towels with comfortable furniture and facilities.,,,
1078441,Best Luxury Property,2,10,10,10,20,0.1,8.849806235,9.309883741,09:29.2,82,157760,24:59.0,SykesPropertyID,SykesPark:0,SykesParkID,198111,1,355785,1,2,1,2,Friday,53.9765701,-1.9916901,,HP Yorkshire Dales,No. 4 Embsay,Current,House terraced,4,Ticks 1 to 5,3,4,1,0,453500,400500,"Embsay, North Yorkshire",Other settlement,North Yorkshire,England,Embsay,Yorkshire Dales,24/05/2023,12/06/2023,,,Unknown,Unknown,Unknown,0,20,Full Income Maximisation,,Yes,1,1,0,0,1,0,0,0,0,1,0,0,0,0,0,1,0,1,1,0,1,1,1,1,0,1,1,0,1,1,0,0,1,0,0,0,0,1,1,0,1,0,0,1,0,0,1,0,0,,review evidence only - manual review recommended,the best holiday home we have stayed in!,decorated and furnished to the highest quality and in good taste,,,
1041276,Best Luxury Property,2,10,10,10,15,0.133333333,8.849806235,9.309883741,09:29.2,83,136892,52:44.0,SykesPropertyID,SykesPark:0,SykesParkID,161598,402,255583,1,2,1,2,Friday,54.419803,-2.912231,,HP Lake District,Pennys Cottage,Current,Cottage,4,Ticks 1 to 5,4,4,1,0,502500,340500,"Town End, Cumbria",Other settlement,Cumbria,England,Town End,Cumbria & The Lake District,26/07/2019,26/07/2019,,,Unknown,Unknown,Unknown,0,15,Super Income Maximisation,,Yes,1,1,1,0,1,0,0,0,0,1,0,0,0,0,0,1,0,1,1,0,1,0,1,0,0,1,0,0,0,1,0,0,1,0,0,0,1,0,1,0,0,0,0,0,0,0,1,0,0,,review evidence only - manual review recommended,"the property is very well equipped with quality appliances, along with beautifully finished rooms",furnished to a very high standard,,,
953751,Best Luxury Property,2,10,10,10,11,0.181818182,8.849806235,9.309883741,09:29.2,84,91338,44:33.0,SykesPropertyID,SykesPark:0,SykesParkID,48932,1,136064,1,2,4,5,Saturday,50.059362,-5.60803,,HP Cornwall Coast,Ros Vale,Current,Cottage,5,Ticks 1 to 5,12,5,1,0,23500,142500,"Boskenna, Cornwall",Other settlement,Cornwall,England,Boskenna,Cornwall,25/07/2017,12/08/2017,,,Unknown,Unknown,Unknown,0,18,Super Income Maximisation,25/05/2021,No,1,1,1,0,1,0,0,0,1,1,0,0,0,0,0,1,1,1,1,0,0,0,0,0,0,1,0,0,0,1,0,0,0,0,0,1,1,0,1,0,1,1,0,0,0,1,1,0,0,1,criteria met,top quality and extremely well appointed,This is a beautiful property that felt luxurious and homely.,,,
998842,Best Luxury Property,2,10,10,10,16,0.125,8.849806235,9.309883741,09:29.2,85,113477,04:31.0,SykesPropertyID,SykesPark:0,SykesParkID,93945,1,186821,1,2,1,2,Friday,53.0159357,-1.7369803,,HP Peak District,Liberty House,Current,House,5,Ticks 1 to 5,4,5,1,0,346500,418500,"Ashbourne, Derbyshire",Town,Derbyshire,England,Ashbourne,Peak District,06/03/2019,15/03/2019,,,Unknown,Unknown,Unknown,0,18,Super Income Maximisation,,No Option Assigned,1,0,1,0,1,0,0,0,0,1,0,0,0,0,0,1,0,1,0,0,0,1,1,1,0,1,0,0,0,1,0,0,1,0,0,0,0,1,1,0,0,1,0,0,0,0,0,0,0,1,criteria met,we had a wonderful week in luxurious accommodation,everything you need for a luxurious stay,,,
1004031,Best Luxury Property,2,10,10,10,12,0.166666667,8.849806235,9.309883741,09:29.2,86,119866,18:23.0,SykesPropertyID,SykesPark:0,SykesParkID,121837,1,205084,1,2,4,6,Friday,52.1485653,-3.4198363,,Mid Wales,The Pheasantry,Current,House detached,4,Ticks 1 to 5,10,4,0,0,250500,303500,"Builth Wells/Llanfair-Ym-Muallt, Powys",Town,Powys,Wales,Builth Wells/Llanfair-Ym-Muallt,Mid Wales,21/09/2019,27/09/2019,,,Unknown,Unknown,Unknown,0,15,Full Income Maximisation,01/08/2024,Yes,1,1,0,1,1,1,0,0,1,1,0,0,0,0,0,1,0,1,0,0,0,0,0,0,0,1,0,0,0,1,0,0,0,0,0,0,0,0,1,0,0,1,0,0,0,1,0,0,0,,review evidence only - manual review recommended,We loved the hot tub,We also used the hot tub and the fire pit.,,,
1017413,Best Luxury Property,2,10,10,10,20,0.1,8.849806235,9.309883741,09:29.2,87,,,,,,,,,,,,,,,,,,,,,,,,,,,,,,,,,,,,,,,,,,,,,,,,,,,,,,,,,,,,,,,,,,,,,,,,,,,,,,,,,,,,,,,,,,,,,,,,,no property data - manual review recommended,very generous welcome pack of food and luxury toiletries provided in the 2 bathrooms,Luxuriously comfortable- ‘Five star hotel standard’.,,,
1093712,Best Luxury Property,2,10,10,10,5,0.4,8.849806235,9.309883741,09:29.2,88,177676,05:52.0,SykesPropertyID,SykesPark:0,SykesParkID,212852,1,403097,1,1,1,1,Friday,53.2160254,-0.7952959,,Central England,Sweet Caroline Shepherd�s Hut,Current,Hut/Pod/Yurt,4,Ticks 1 to 5,4,4,0,0,369500,480500,"Low Marnham, Nottinghamshire",Other settlement,Nottinghamshire,England,Low Marnham,Peak District,22/07/2022,22/07/2022,,,Unknown,Unknown,Unknown,0,18,Super Income Maximisation,12/10/2023,No,1,0,0,0,1,1,0,0,1,1,0,0,0,0,0,0,0,1,1,1,0,1,0,0,0,1,0,0,1,1,0,0,1,0,0,0,1,1,1,0,1,0,0,1,0,0,1,0,0,,review evidence only - manual review recommended,lovely fresh water hot tub (that no-one will see you in),great facilities including the hot tub,,,
1132139,Best Luxury Property,2,10,10,10,13,0.153846154,8.849806235,9.309883741,09:29.2,89,227759,47:19.0,SykesPropertyID,SykesPark:0,SykesParkID,250656,418,534351,0,0,2,2,Friday,54.1877978,-2.9525583,,Cumbria West of M6,Watch Tree Lodge,Current,Lodge,5,Ticks 1 to 5,4,5,0,0,476500,338500,"Allithwaite, Cumbria",Other settlement,Cumbria,England,Allithwaite,Cumbria & The Lake District,17/04/2023,17/04/2023,,,Unknown,Unknown,Unknown,0,12.5,Super Income Maximisation,,No,1,1,1,0,1,1,0,0,1,0,0,0,0,0,0,1,1,1,1,0,0,1,0,0,0,0,0,0,0,1,0,1,1,0,0,0,1,0,1,0,0,1,0,1,1,1,1,0,0,1,criteria met,furnished to a very high standard,A stylish luxury lodge situated in a beautiful quiet spot. Providing everything you could possibly need. From the comfortable beds to the hot tub.,,,
1008877,Best Luxury Property,2,10,10,10,13,0.153846154,8.849806235,9.309883741,09:29.2,90,116653,04:25.0,SykesPropertyID,SykesPark:0,SykesParkID,131075,389,213429,0,0,2,2,Friday,53.0814743,-4.30498457,,North Wales,Hen Stabl Llandwrog,Current,Unknown,4,Ticks 1 to 5,4,4,0,0,356500,245500,"Llandwrog, Gwynedd",Other settlement,Gwynedd,Wales,Llandwrog,North Wales,26/03/2018,02/04/2018,,,Unknown,Unknown,Unknown,0,20,Partial Plus Income Maximisation,,No Option Assigned,1,1,0,0,1,0,0,0,1,1,0,0,0,0,0,1,1,0,1,0,0,0,1,1,0,0,0,0,0,0,0,0,0,0,0,0,0,0,1,0,0,1,0,0,0,0,0,0,0,,review evidence only - manual review recommended,"the interior accommodation, decoration and presentation are of the very highest standard",It is decorated and kitted out to a very high standard and beautifully maintained.,,,
1178749,Best Luxury Property,2,10,10,10,19,0.105263158,8.849806235,9.309883741,09:29.2,91,315292,36:04.0,SykesPropertyID,SykesPark:0,SykesParkID,295122,1,660979,1,1,1,2,Friday,50.8048971,-0.5316267,,HP South Coast,The Old Post Office,Current,Apartment,4,Ticks 1 to 5,4,4,1,0,102500,502500,"Littlehampton, West Sussex",Town,West Sussex,England,Littlehampton,South Coast,13/08/2025,15/08/2025,,,Unknown,Unknown,Unknown,0,15,Super Income Maximisation,,No,1,1,1,0,1,0,0,0,0,1,0,0,0,0,0,1,1,1,1,0,0,1,1,1,0,1,1,0,1,1,0,0,1,0,0,0,1,1,1,0,1,1,0,1,0,0,0,0,0,,review evidence only - manual review recommended,"finished to the highest standard, spotlessly clean, yet really homely",The property itself has been finished to the highest standard and very tastefully done.,,,
1173996,Best Luxury Property,2,10,10,10,10,0.2,8.849806235,9.309883741,09:29.2,92,306385,10:05.0,SykesPropertyID,SykesPark:0,SykesParkID,290486,417,467526,0,0,2,3,Saturday,50.197011,-5.4702197,,HP Cornwall Coast,Skysail,Current,Apartment,5,Ticks 1 to 5,6,5,1,0,38500,152500,"Carbis Bay, Cornwall",Other settlement,Cornwall,England,Carbis Bay,Cornwall,30/04/2025,30/04/2025,,,Unknown,Unknown,Unknown,0,17,Super Income Maximisation,,Yes,1,1,0,0,0,0,0,0,1,0,0,0,0,1,0,1,1,1,1,0,0,1,1,1,0,1,0,1,0,1,0,1,0,0,0,1,0,0,1,0,1,1,0,1,0,1,0,0,0,1,criteria met,top spec furnishings,"Excellent , luxury apartment with spectacular views.",,,
1163097,Best Luxury Property,2,10,10,10,13,0.153846154,8.849806235,9.309883741,09:29.2,93,292983,03:39.0,SykesPropertyID,SykesPark:0,SykesParkID,280038,1,611010,0,0,7,6,Friday,54.2896891,-2.5534071,,HP Yorkshire Dales,High View Barn,Current,House detached,5,Ticks 1 to 5,16,5,1,0,486500,362500,"Middleton, Cumbria",Other settlement,Cumbria,England,Middleton,Cumbria & The Lake District,29/08/2024,29/08/2024,,,Unknown,Unknown,Unknown,0,12,Super Income Maximisation,,No,1,1,1,0,1,1,0,0,1,1,0,1,0,0,0,1,0,1,1,0,0,0,0,0,0,1,0,0,1,1,0,1,1,0,0,1,1,1,1,0,1,1,0,1,0,1,0,0,1,1,criteria met,thoroughly enjoyed by sitting in the hot tub.,The house offered the comforting luxury,,,
1180384,Best Luxury Property,2,10,10,10,7,0.285714286,8.849806235,9.309883741,09:29.2,94,317382,38:14.0,SykesPropertyID,SykesPark:0,SykesParkID,296684,1,664123,1,1,1,2,Friday,53.091234,-2.8871052,,Cheshire & Wirral,The Red House,Current,Lodge,5,Ticks 1 to 5,4,5,0,0,354500,341500,"Farndon, Cheshire",Other settlement,Cheshire,Wales,Farndon,North Wales,29/09/2025,02/10/2025,,,Unknown,Unknown,Unknown,0,15,Super Income Maximisation,,Yes,1,1,0,0,1,0,0,0,1,1,0,0,0,0,1,0,0,1,1,0,0,1,1,0,0,1,0,0,1,1,0,0,1,0,0,0,1,1,1,0,1,1,0,1,1,1,0,0,0,1,criteria met,this is a wonderful house with a luxury feel,All the furniture and features are really high quality and very clean.,,,
1053547,Best Luxury Property,2,10,10,10,19,0.105263158,8.849806235,9.309883741,09:29.2,95,140452,32:10.0,SykesPropertyID,SykesPark:0,SykesParkID,173885,389,274754,0,0,4,4,Friday,53.30408,-4.24191,,Anglesey,Maes Llwyd,Current,House detached,4,Ticks 1 to 5,8,4,0,0,380500,251500,"Llanbedrgoch, Isle of Anglesey",Other settlement,Isle of Anglesey,Wales,Llanbedrgoch,North Wales,12/03/2021,30/04/2021,,,Unknown,Unknown,Unknown,0,20,Super Income Maximisation,,No,1,1,1,0,1,0,0,0,1,0,0,0,0,0,0,1,1,1,1,0,0,1,0,0,0,1,1,0,0,1,0,1,1,0,0,1,1,1,1,0,0,1,0,0,0,0,0,0,0,,review evidence only - manual review recommended,"It is furnished to 5☆ plus, with everything you could possibly need.",Comfort and luxury in every aspect,,,
1050480,Best Luxury Property,2,10,10,10,7,0.285714286,8.849806235,9.309883741,09:29.2,96,190054,09:30.0,SykesPropertyID,SykesPark:0,SykesParkID,170829,402,270623,0,0,2,3,Saturday,54.195093,-3.102995,,Cumbria West of M6,The Myles Suite Stone Cross Mansion,Current,Apartment,5,Ticks 1 to 5,6,5,0,0,478500,328500,"Ulverston, Cumbria",Town,Cumbria,England,Ulverston,Cumbria & The Lake District,10/06/2022,16/07/2022,,,Unknown,Unknown,Unknown,0,12.5,Super Income Maximisation,,No,1,1,1,0,1,0,0,0,0,0,0,0,0,0,0,1,0,1,1,0,0,1,0,1,0,1,0,1,0,1,0,1,1,0,0,1,1,1,1,0,1,1,0,1,0,1,0,0,0,1,criteria met,extremely well presented with top of the range furniture and electrical equipment,Live like Lord and Lady of the manor,,,
1157286,Best Luxury Property,2,10,10,10,21,0.095238095,8.849806235,9.309883741,09:29.2,97,285933,12:19.0,SykesPropertyID,SykesPark:0,SykesParkID,274392,1,607603,1,1,1,1,Friday,51.3552781,-2.9347473,,HP Somerset Coast,Minime,Current,House detached,4,Ticks 1 to 5,2,4,1,0,162500,334500,"Milton, North Somerset",Other settlement,North Somerset,England,Milton,Somerset,22/10/2024,04/11/2024,,,Unknown,Unknown,Unknown,0,17,Partial Income Maximisation,,No,1,1,1,0,1,0,0,0,1,0,0,0,0,0,0,0,1,0,1,0,0,1,0,0,0,1,0,1,0,1,0,0,0,0,0,0,1,0,1,0,0,0,0,1,0,0,1,0,0,,review evidence only - manual review recommended,fitted out in the highest standards,Such a luxurious place to stay.,,,
1154362,Best Luxury Property,2,10,10,10,22,0.090909091,8.849806235,9.309883741,09:29.2,98,282098,31:11.0,SykesPropertyID,SykesPark:0,SykesParkID,271513,1,426263,1,1,1,2,Friday,54.2500239,-0.5534805,,North Yorkshire,A Stones Throw,Current,Cottage,4,Ticks 1 to 5,4,4,0,0,484500,494500,"Sawdon, North Yorkshire",Other settlement,North Yorkshire,England,Sawdon,North York Moors & Coast,01/05/2025,05/05/2025,,,Unknown,Unknown,Unknown,0,15,Super Income Maximisation,,No,1,0,0,0,1,0,0,0,1,1,0,0,0,0,0,0,0,1,1,0,0,1,0,0,0,1,1,0,1,0,0,0,1,0,0,0,0,1,1,0,1,0,0,1,0,0,0,0,0,,review evidence only - manual review recommended,This is a beautiful luxurious cottage.,The cottage is luxuriously furnished and appointed to the highest standards,,,
1148579,Best Luxury Property,2,10,10,10,13,0.153846154,8.849806235,9.309883741,09:29.2,99,275119,16:13.0,SykesPropertyID,SykesPark:0,SykesParkID,265946,1,583913,1,2,2,2,Friday,54.1703906,-0.6305736,,North Yorkshire,Molly's Cottage,Current,Cottage,5,Ticks 1 to 5,4,5,0,0,475500,488500,"East Knapton, North Yorkshire",Other settlement,North Yorkshire,England,East Knapton,North York Moors & Coast,11/04/2024,15/04/2024,,,Unknown,Unknown,Unknown,0,15,Full Income Maximisation,,No,1,1,1,0,1,0,0,0,1,0,0,0,0,0,0,0,0,0,1,0,0,0,0,0,0,1,0,0,0,1,0,0,1,0,0,1,1,1,1,0,0,0,0,1,0,0,0,0,0,1,criteria met,"everything is high quality, comfortable and a very well equipped kitchen","Luxuriously appointed, we wanted for nothing.",,,
1141453,Best Luxury Property,2,10,10,10,6,0.333333333,8.849806235,9.309883741,09:29.2,100,238627,11:09.0,SykesPropertyID,SykesPark:0,SykesParkID,259766,389,562205,1,1,2,3,Friday,53.4067571,-4.3814491,,HP - Wales Anglesey Coastal,Bryn Llwyd Cottage,Current,Unknown,4,Ticks 1 to 5,6,4,1,0,393500,241500,"Burwen, Isle of Anglesey",Other settlement,Isle of Anglesey,Wales,Burwen,North Wales,21/12/2023,28/12/2023,,,Unknown,Unknown,Unknown,0,22,Super Income Maximisation,,No,1,1,1,0,1,0,0,0,1,0,0,0,0,0,0,0,1,1,1,1,0,1,0,0,0,1,0,0,0,1,0,0,1,0,0,1,1,1,1,0,0,1,0,1,0,1,0,0,0,,review evidence only - manual review recommended,the cottage was very luxurious had everything we needed,"Everything is high quality, from fittings and fixtures right through to appliances, ornaments and crockery.",,,
1086177,Best Pet Friendly Property,15,9.733333333,10,9.933333333,23,0.652173913,9.287906993,9.559410862,09:29.2,1,167777,53:14.0,SykesPropertyID,SykesPark:0,SykesParkID,205779,1,380704,1,4,1,2,Friday,53.2819786,-3.8306098,,HP - Wales North Coast,Havens End,Current,Cottage,4,Ticks 1 to 5,5,4,1,0,377500,277500,"Conwy, Conwy",Town,Conwy,Wales,Conwy,North Wales,17/12/2021,01/02/2022,,,Unknown,Unknown,Unknown,0,20,Super Income Maximisation,,No,1,0,1,0,1,0,0,0,0,0,0,0,0,0,0,1,1,0,1,0,0,1,1,1,0,1,0,1,0,1,0,0,1,0,1,1,0,1,1,0,1,1,0,0,0,0,0,0,0,1,criteria met,the house is very dog friendly,the enclosed garden is a bonus if you have dogs,the cottage was comfortable with great facilities and very dog friendly,the accommodation offers everything we needed for a long weekend stay with our 2 dogs,so dog friendly our puppy Cooper loved his first holiday
961199,Best Pet Friendly Property,2,10,11,10,9,0.222222222,8.849806235,9.509883741,09:29.2,2,90277,33:07.0,SykesPropertyID,SykesPark:0,SykesParkID,69337,1,145475,0,0,1,2,Friday,52.15417,-3.06611,,Herefordshire,Fern Hall Cottage,Current,Cottage,4,Ticks 1 to 5,4,4,0,0,251500,326500,"Brilley Mountain, Powys",Other settlement,Powys,Wales,Brilley Mountain,Mid Wales,23/06/2017,23/06/2017,,,Unknown,Unknown,Unknown,0,22,Partial Plus Income Maximisation,,No Option Assigned,1,0,1,0,1,0,0,1,1,0,0,0,0,0,0,1,0,1,1,1,0,1,0,0,0,1,0,0,1,1,0,1,0,0,1,1,0,0,1,0,1,1,1,0,0,1,1,0,0,,review evidence only - manual review recommended,The Dogs 11/10,Alisha loved the dogs,,,
1027114,Best Pet Friendly Property,10,9.8,10,9.9,32,0.3125,9.209883741,9.505930245,09:29.2,3,,,,,,,,,,,,,,,,,,,,,,,,,,,,,,,,,,,,,,,,,,,,,,,,,,,,,,,,,,,,,,,,,,,,,,,,,,,,,,,,,,,,,,,,,,,,,,,,,no property data - manual review recommended,goodies for humans and our doggie Meg,dog friendly,all home comforts in place for both us and the dog,"There was a box with towels, dog treats and bowls for our stay",Nice little touches and welcome pack for humans and doggies. Small dog secure patio.
1125832,Best Pet Friendly Property,15,9.6,10,9.866666667,22,0.681818182,9.207906993,9.498077529,09:29.2,4,220766,17:59.0,SykesPropertyID,SykesPark:0,SykesParkID,244499,1,59870,1,3,1,2,Friday,55.1875419,-1.9059415,,Northumberland,The Byre,Current,Cottage,5,Ticks 1 to 5,4,5,0,0,588500,407500,"Longwitton, Northumberland",Other settlement,Northumberland,England,Longwitton,Northumberland,02/03/2023,02/03/2023,,,Unknown,Unknown,Unknown,0,17,Super Income Maximisation,,No,1,1,1,0,1,0,0,1,1,1,0,0,0,0,0,1,0,1,0,1,0,1,0,0,0,1,0,0,0,1,0,0,1,0,1,1,1,1,1,0,1,1,0,1,0,0,0,0,0,1,criteria met,we loved the enclosed garden knowing that the dog was safe,we have two rescue dogs and they are scared of fireworks so we love the silence if that makes sense. They settled immediately once we had put their rugs in place and that was important to us. there are areas to walk the dogs on site and a nice big garden where they could run around without any issues.,secure a garden for the dogs,it is also very welcoming for dogs! Our two pups had a ball and loved being able to explore all of the Northumberland coastline with us in tow.,as we had 2 dogs
1154738,Best Pet Friendly Property,9,9.666666667,10,10,21,0.428571429,9.115667096,9.469400258,09:29.2,5,282629,30:18.0,SykesPropertyID,SykesPark:0,SykesParkID,271871,1,598268,1,2,1,1,Saturday,52.8959629,-0.5253498,,Lincolnshire,Apple Tree Cottage,Current,Cottage,4,Ticks 1 to 5,2,4,0,0,334500,499500,"Ropsley, Lincolnshire",Other settlement,Lincolnshire,England,Ropsley,East Anglia,24/10/2024,24/10/2024,,,Unknown,Unknown,Unknown,0,15,Super Income Maximisation,,No,1,1,1,0,1,0,0,0,1,1,0,0,0,0,0,0,0,1,0,0,0,1,1,0,0,1,1,0,0,1,0,0,1,0,0,0,0,1,1,0,0,0,0,1,0,0,1,0,0,1,criteria met,the garden was very secure for our dog,spacious for us (and 2 dogs),great enclosed garden.our dogs loved it.,The enclosed garden was enjoyed by Amber.,It's also dog friendly.
1057762,Best Pet Friendly Property,14,9.571428571,10,9.785714286,21,0.666666667,9.174903118,9.462084728,09:29.2,6,133242,06:12.0,SykesPropertyID,SykesPark:0,SykesParkID,177967,1,294785,1,4,1,3,Saturday,50.4096477,-5.0954896,,HP Cornwall Coast,Estuary View,Current,House semi-detached,4,Ticks 1 to 5,5,4,1,0,61500,179500,"Pentire, Cornwall",Other settlement,Cornwall,England,Pentire,Cornwall,12/06/2021,19/06/2021,,,Unknown,Unknown,Unknown,0,18,Super Income Maximisation,,No,1,1,1,0,1,0,0,0,1,1,0,0,0,0,0,1,1,1,1,0,0,1,0,0,0,1,0,1,1,0,0,0,1,0,0,0,0,1,1,0,0,1,0,1,0,0,0,0,0,1,criteria met,the lovely treats left by the owners for us and the 3 dogs was very thoughtful and enjoyed by all,the house is perfect and very dog friendly,"the garden is well kept and very secure, our dog loved the doggy spa. The owners have provided everything you could possibly need and more, they even leave welcome treats for you and your furry friend.",including doggie treats for our dog Storm,dogs are always very welcome
1131991,Best Pet Friendly Property,11,9.636363636,10,9.818181818,22,0.5,9.15227023,9.454998501,09:29.2,7,227690,05:51.0,SykesPropertyID,SykesPark:0,SykesParkID,250540,389,534211,1,2,1,3,Friday,53.3023935,-4.2174738,,HP - Wales Anglesey Coastal,Neaudd Wen,Current,House,4,Ticks 1 to 5,6,4,1,0,380500,251500,"Llanbedrgoch, Isle of Anglesey",Other settlement,Isle of Anglesey,Wales,Llanbedrgoch,North Wales,15/12/2023,18/12/2023,,,Unknown,Unknown,Unknown,0,17,Super Income Maximisation,,No,1,1,1,0,1,0,0,0,1,1,0,0,0,0,0,1,1,0,1,0,0,1,0,0,0,1,0,0,0,1,0,0,1,0,0,0,1,1,1,0,0,1,0,1,0,0,0,0,0,1,criteria met,well equipped with a lovely secure garden for our dog. A thoughtful welcome basket for us and our dog.,the extremely secure garden was much appreciated,the amazing enclosed garden that was great for our dog,"garden is very secure and you can sit back, enjoy the birds and flowers on the patio and relax knowing your pups are safe",beautiful enclosed (dog friendly ) garden
1156935,Best Pet Friendly Property,12,9.583333333,10,9.833333333,14,0.857142857,9.145348855,9.45387598,09:29.2,8,285445,18:29.0,SykesPropertyID,SykesPark:0,SykesParkID,274044,1,606216,1,2,1,1,Saturday,54.3466625,-0.4767047,,North Yorkshire,Heron Nest,Current,Apartment,3,Ticks 1 to 5,2,3,0,0,497500,499500,"Crowdon, North Yorkshire",Other settlement,North Yorkshire,England,Crowdon,North York Moors & Coast,31/07/2024,31/07/2024,,,Unknown,Unknown,Unknown,0,17,Super Income Maximisation,,No,1,0,1,0,1,0,0,0,1,0,0,0,0,0,0,1,0,1,1,0,0,0,0,0,0,1,0,0,0,1,0,0,1,0,0,0,0,1,1,0,0,0,0,1,0,0,1,0,0,1,criteria met,the property was perfect for us and our two dogs,garden was perfect for a dog,garden really good for dogs,Large enclosed garden is perfect for a dog.,Garden ideal for my 2 small dogs
936440,Best Pet Friendly Property,12,9.583333333,10,9.833333333,15,0.8,9.145348855,9.45387598,09:29.2,9,78773,57:06.0,SykesPropertyID,SykesPark:0,SykesParkID,70295,1,117659,1,2,1,1,Saturday,51.9328087,-2.2792631,,Heart of England,Lawn Lodge,Current,Detached,4,Ticks 1 to 5,2,4,0,0,225500,381500,"Ashleworth, Gloucestershire",Other settlement,Gloucestershire,England,Ashleworth,Cotswolds,25/04/2016,25/04/2016,,,Unknown,Unknown,Unknown,0,18,Partial Income Maximisation,,No Option Assigned,1,0,1,0,1,0,0,0,1,0,0,0,0,0,0,1,0,1,1,0,0,1,1,1,0,1,0,0,0,1,0,0,1,0,0,0,0,1,1,0,0,0,0,1,0,0,1,0,0,1,criteria met,"plenty of, very secure, room for Diego and Caty (daft name for a Chihuahua) to explore",especially when visiting with a dog,Very dog friendly,Very dog friendly,The enclosed garden was excellent for our dog.
994500,Best Pet Friendly Property,7,9.857142857,10,9.857142857,19,0.368421053,9.129274989,9.448993565,09:29.2,10,111375,44:09.0,SykesPropertyID,SykesPark:0,SykesParkID,102990,382,193891,1,1,1,2,Saturday,50.637489,-2.424725,,HP Dorset Coast,Outlook Lodge,Current,Unknown,4,Ticks 1 to 5,4,4,1,0,82500,369500,"Overcombe, Dorset",Other settlement,Dorset,England,Overcombe,Dorset,23/12/2016,23/12/2016,,,Unknown,Unknown,Unknown,0,16,Super Income Maximisation,,No,1,0,1,0,1,0,0,0,1,0,0,0,0,0,0,1,1,0,0,0,0,0,0,0,0,0,0,0,0,0,0,0,1,0,0,1,0,1,1,0,0,1,0,0,0,0,0,0,0,,review evidence only - manual review recommended,with the enclosed garden it is perfect for our dog to be let loose,safe enclosed garden for dog to run around,it was lovely that we could take our dog,added extra garden space for our dog,The enclosed garden was perfect for our dog.
1157286,Best Pet Friendly Property,7,9.857142857,10,9.857142857,21,0.333333333,9.129274989,9.448993565,09:29.2,11,285933,12:19.0,SykesPropertyID,SykesPark:0,SykesParkID,274392,1,607603,1,1,1,1,Friday,51.3552781,-2.9347473,,HP Somerset Coast,Minime,Current,House detached,4,Ticks 1 to 5,2,4,1,0,162500,334500,"Milton, North Somerset",Other settlement,North Somerset,England,Milton,Somerset,22/10/2024,04/11/2024,,,Unknown,Unknown,Unknown,0,17,Partial Income Maximisation,,No,1,1,1,0,1,0,0,0,1,0,0,0,0,0,0,0,1,0,1,0,0,1,0,0,0,1,0,1,0,1,0,0,0,0,0,0,1,0,1,0,0,0,0,1,0,0,1,0,0,,review evidence only - manual review recommended,the garden was enclosed which meant we could let our dog out without worrying he would escape,as did our small dog,Lovely garden enjoyed by our little dog.,"Lovely , safe spacious garden for which our Labrador loved.",Benny your gorgeous dog
1046068,Best Pet Friendly Property,5,10,10,10,14,0.357142857,9.079844988,9.447906993,09:29.2,12,129888,34:00.0,SykesPropertyID,SykesPark:0,SykesParkID,166590,1,261629,1,2,1,2,Friday,53.1581254,-4.3521104,,HP - Wales Anglesey Coastal,Bron Gadair,Current,House semi-detached,4,Ticks 1 to 5,4,4,1,0,364500,242500,"Pen-l�n, Isle of Anglesey",Other settlement,Isle of Anglesey,Wales,Pen-l�n,North Wales,02/10/2020,03/10/2020,,,Unknown,Unknown,Unknown,0,22,Super Income Maximisation,,No,1,1,1,0,1,0,0,0,1,1,0,0,0,0,0,1,1,1,0,0,0,1,0,0,0,1,1,0,1,1,0,0,1,0,0,1,0,1,1,0,1,1,0,1,0,0,0,0,0,1,criteria met,perfect for people with dogs with an enclosed back garden,perfect for my two labs!,everything you need for a holiday with dogs,Very Dog Friendly.,Dog friendly
934595,Best Pet Friendly Property,5,10,10,10,16,0.3125,9.079844988,9.447906993,09:29.2,13,78018,02:07.0,SykesPropertyID,SykesPark:0,SykesParkID,38151,1,115813,1,2,1,1,Friday,55.8128751,-2.1978183,,Scottish Lowlands,The Garden House,Current,Detached,4,Ticks 1 to 5,2,4,0,0,656500,387500,"Chirnside, Scottish Borders",Other settlement,Scottish Borders,Scotland,Chirnside,Southern Scotland,10/03/2016,15/04/2016,,,Unknown,Unknown,Unknown,0,20,Super Income Maximisation,,No Option Assigned,1,1,1,0,1,0,0,1,1,0,0,0,0,0,0,1,0,1,0,1,0,0,0,0,0,1,0,0,0,1,0,0,1,0,1,1,0,1,1,0,0,0,1,0,0,0,1,0,0,1,criteria met,the garden was perfect for our border collie Phoenix who played with his toys,the dog proof garden just perfect. Our two pooches loved racing and chasing each other round the garden.,enclosed garden for the dog,The garden is fully enclosed and our dog loved it.,The cottage had a secure private garden ideal for our 2 dogs.
1132863,Best Pet Friendly Property,5,10,10,10,9,0.555555556,9.079844988,9.447906993,09:29.2,14,228720,19:35.0,SykesPropertyID,SykesPark:0,SykesParkID,251368,1,536184,1,2,2,3,Friday,52.8375279,1.3938466,,Norfolk,Squirrel Lodge,Current,Lodge,4,Ticks 1 to 5,6,4,0,0,332500,628500,"Swafield, Norfolk",Other settlement,Norfolk,England,Swafield,East Anglia,22/02/2024,15/03/2024,,,Unknown,Unknown,Unknown,0,17,Super Income Maximisation,,No,1,1,1,0,1,0,0,0,0,0,0,0,0,0,0,1,1,1,0,0,0,1,0,0,0,1,0,0,0,1,0,0,1,0,0,0,1,1,1,0,0,0,0,0,1,0,0,0,0,1,criteria met,the lodge was really comfortable and had everything we and our dog needed,perfect for us and the doggies,our dog,including treats for our little four legged friend,Welcome pack for human and doggies was a nice surprise.
1056771,Best Pet Friendly Property,5,10,10,10,11,0.454545455,9.079844988,9.447906993,09:29.2,15,147444,25:11.0,SykesPropertyID,SykesPark:0,SykesParkID,176996,1,66159,1,2,1,1,Friday,53.795356,-0.4489713,,East Yorkshire,Ewes Welcome,Current,Hut/Pod/Yurt,4,Ticks 1 to 5,2,4,0,0,433500,501500,"Skidby, East Riding of Yorkshire",Other settlement,East Riding of Yorkshire,England,Skidby,North York Moors & Coast,31/03/2021,12/04/2021,,,Unknown,Unknown,Unknown,0,17,Partial Plus Income Maximisation,,No,1,0,1,0,1,0,0,0,1,1,0,0,0,0,0,0,0,0,1,1,0,1,0,0,0,1,0,1,0,1,0,0,1,0,0,0,0,1,1,0,0,0,0,1,0,0,1,0,0,1,criteria met,we will definitely be returning again with our 2 dogs.,there were even things for our dog,the enclosed garden for our dog was great,great if you have a dog,I appreciated the garden and so did my doggie.
1176833,Best Pet Friendly Property,9,9.666666667,10,9.888888889,30,0.3,9.115667096,9.447178035,09:29.2,16,310008,10:54.0,SykesPropertyID,SykesPark:0,SykesParkID,293238,302,657739,1,2,1,1,Friday,50.2403263,-5.2608237,,Cornwall,Carn Brea,Current,Annex,4,Ticks 1 to 5,2,4,0,0,43500,167500,"Paynter's Lane End, Cornwall",Other settlement,Cornwall,England,Paynter's Lane End,Cornwall,20/06/2025,30/06/2025,,,Unknown,Unknown,Unknown,0,15,Super Income Maximisation,,No,1,1,1,0,1,1,0,0,1,0,0,0,0,0,0,1,1,1,1,0,0,1,0,0,0,1,0,0,1,1,0,0,1,0,0,0,1,1,1,0,0,0,0,1,0,0,1,0,0,1,criteria met,two fairly big dogs stayed comfortably,"the perfect place to take our two dogs, the garden is totally secure and was perfect for our two German shepherds",garden beautiful and great for the dog,Our little 4 legged friend enjoyed it too.,Hot tub and closed in Garden for our two Dogs.
1077186,Best Pet Friendly Property,9,9.666666667,10,9.888888889,24,0.375,9.115667096,9.447178035,09:29.2,17,156150,53:04.0,SykesPropertyID,SykesPark:0,SykesParkID,196733,1,340986,1,2,1,3,Friday,53.255914,-1.9054534,,HP Peak District,Sylvannah,Current,House semi-detached,4,Ticks 1 to 5,6,4,1,0,373500,406500,"Buxton, Derbyshire",Town,Derbyshire,England,Buxton,Peak District,25/03/2024,28/03/2024,,,Unknown,Unknown,Unknown,0,20,Super Income Maximisation,,No,1,1,1,0,1,0,0,0,0,0,0,0,0,0,0,1,0,1,0,0,0,0,0,0,0,1,0,1,1,1,0,0,1,0,0,0,0,1,1,0,0,0,0,1,0,0,0,0,0,1,criteria met,including the needs of our dogs,comfortable for both us and our pets. Tessa was so kind providing two large dog beds and many other things for our pets.,"We visited for a short break with our dog. The house was spotless and very well-equipped with instructions for everything. It is also very cosy with throws, blankets and beds for the dog. On arrival we found a fabulous hamper for us and lots of dog treats.","The dog was spoilt too with treats, blankets and towels.",Our two Dachshunds were well catered for also. The garden was perfect for them.
1017646,Best Pet Friendly Property,6,9.833333333,10,10,16,0.375,9.074854676,9.444912806,09:29.2,18,122444,06:11.0,SykesPropertyID,SykesPark:0,SykesParkID,139627,1,224520,1,2,1,2,Friday,52.2070909,-2.6321012,,Herefordshire,Woodlands Cottage,Current,Cottage,5,Ticks 1 to 5,4,5,0,0,257500,356500,"Docklow, Herefordshire",Other settlement,Herefordshire,England,Docklow,Heart of England,07/10/2019,07/10/2019,,,Unknown,Unknown,Unknown,0,20,Super Income Maximisation,,Yes,1,1,0,0,1,0,0,0,0,0,0,0,0,0,0,1,0,1,1,0,0,0,0,0,0,1,0,0,0,1,0,0,1,0,0,0,0,1,1,0,1,1,0,1,0,0,0,0,0,1,criteria met,really nice secure garden for us and the dog,great for our dog,The secure garden was perfect for our 2 dogs.,Our dog loved the garden and enjoyed meeting the owners dog Finnegan through the gate,Charlie our dog loved it.
1131715,Best Pet Friendly Property,6,9.833333333,10,10,23,0.260869565,9.074854676,9.444912806,09:29.2,19,227307,12:02.0,SykesPropertyID,SykesPark:0,SykesParkID,250268,402,533147,1,2,1,2,Friday,54.3642727,-2.983378,,HP Lake District,Larch Cottage at Esthwaite Water,Current,Cottage,4,Ticks 1 to 5,4,4,1,0,497500,335500,"Roger Ground, Cumbria",Other settlement,Cumbria,England,Roger Ground,Cumbria & The Lake District,15/03/2024,22/03/2024,,,Unknown,Unknown,Unknown,0,15,Super Income Maximisation,,Part - Property Management Only,1,1,0,0,1,0,0,0,1,1,0,0,0,0,0,1,0,1,0,1,1,0,0,0,0,1,1,0,1,1,0,0,1,0,1,1,1,1,1,0,0,1,0,1,0,0,0,0,0,1,criteria met,the dogs even had treats left for them which was lovely,spot on for our dog,lots of outside space for our dogs,especially for our giant dog,Great for family and dogs!
934907,Best Pet Friendly Property,6,9.833333333,10,10,7,0.857142857,9.074854676,9.444912806,09:29.2,20,71173,54:48.0,SykesPropertyID,SykesPark:0,SykesParkID,75044,1,116102,1,2,1,1,Friday,50.4404937,-4.821845,,Cornwall,Bramble Barn,Current,Detached,4,Ticks 1 to 5,2,4,0,0,63500,199500,"Inchs, Cornwall",Other settlement,Cornwall,England,Inchs,Cornwall,22/03/2016,25/03/2016,,,Unknown,Unknown,Unknown,0,16,Partial Plus Income Maximisation,11/11/2025,No Option Assigned,1,0,1,0,1,0,0,0,0,0,0,0,0,0,0,1,0,0,0,0,0,0,0,0,0,1,0,0,1,1,0,0,1,0,0,0,1,1,1,0,0,0,0,1,0,0,1,0,0,1,criteria met,totally secure in its enclosure for your dog with a private dog walk,the prefect place for us and our pooch to explore Cornwall,The garden space for the dogs was perfect enabling us to relax knowing they were safe from harm.,The enclosed grass area was a huge hit with our puppy - a very nice touch!,Everything was perfect for us and our 2 dogs.
1139718,Best Pet Friendly Property,7,9.714285714,10,10,20,0.35,9.07045146,9.442270876,09:29.2,21,236569,06:48.0,SykesPropertyID,SykesPark:79,SykesParkID,258079,1,555729,1,2,1,2,Saturday,52.5550311,1.6482282,Tingdene Caldecott Hall Country Park,HP East Anglia,Hazell Thorne Hideaway,Current,Caravan,3,Ticks 1 to 5,4,3,1,0,300500,646500,"Fritton, Norfolk",Other settlement,Norfolk,England,Fritton,East Anglia,17/08/2023,17/08/2023,,,Unknown,Unknown,Unknown,0,18,Super Income Maximisation,,No,1,0,1,0,1,0,1,0,1,0,0,0,0,0,1,0,0,1,1,0,0,0,1,0,0,0,0,0,0,1,0,0,1,0,0,0,1,1,1,0,0,1,0,1,0,0,0,0,0,1,criteria met,treats for the dogs,even down to treats for our dog,"Dogs were welcome and accommodated with furniture covers, poop bags, cleaning products and a good vacuum cleaner.",Best thing about Hazell Thorne Hideaway is that it is super dog friendly!!,A welcome pack of bread milk and dog treats was a lovely touch by the owners.
1123570,Best Pet Friendly Property,7,9.714285714,10,10,18,0.388888889,9.07045146,9.442270876,09:29.2,22,214599,25:30.0,SykesPropertyID,SykesPark:0,SykesParkID,241949,1,230185,1,2,1,1,Saturday,52.516852,-2.9490958,,Shropshire & Telford,Stable Cottage,Current,Cottage,4,Ticks 1 to 5,2,4,0,0,292500,335500,"Linley, Shropshire",Other settlement,Shropshire,England,Linley,Heart of England,27/01/2023,01/02/2023,,,Unknown,Unknown,Unknown,0,15,Super Income Maximisation,,No,1,0,1,0,1,1,0,1,1,0,0,0,0,0,0,1,0,1,0,0,0,1,0,0,0,1,0,0,0,1,0,0,1,0,0,0,0,1,1,0,1,0,0,1,0,0,1,0,0,1,criteria met,our dog loved it,it was perfect for us and our little doggies,This is the best dog friendly place we have stayed in. Everything is catered for. Even a welcome pack of goodies for the pooch and their humans.,So geared up to staying with a dog too - ours was so relaxed in her surroundings.,My dog Willow loved the garden and the treats and tennis ball
966983,Best Pet Friendly Property,7,9.714285714,10,10,15,0.466666667,9.07045146,9.442270876,09:29.2,23,92703,14:58.0,SykesPropertyID,SykesPark:0,SykesParkID,92966,1,160853,1,2,1,2,Friday,52.9266713,-4.5447525,,HP - Wales North West Coast,Y Caban Clyd,Current,Lodge,3,Ticks 1 to 5,4,3,1,0,340500,228500,"Morfa Nefyn, Gwynedd",Other settlement,Gwynedd,Wales,Morfa Nefyn,North Wales,07/09/2017,07/09/2017,,,Unknown,Unknown,Unknown,0,15,Super Income Maximisation,,No Option Assigned,1,1,0,0,1,1,0,0,1,0,0,0,0,0,0,1,1,0,0,0,0,0,0,0,0,1,0,0,0,1,0,0,1,0,0,0,0,1,1,0,0,0,0,0,1,0,0,0,0,1,criteria met,walks down to the beach with our two Cocker Spaniels (Betty & Daisy),the cabin had everything we needed and was very comfortable and dog friendly,the cabin had everything we needed and was perfect for our 2 dogs. The garden was very safe and no fear of them getting out.,the area around the lodge was secure which is perfect for a dog friendly stay,"It was 100% dog friendly and was ideal for our 2 small dogs, who were relaxed throughout our stay."
1142598,Best Pet Friendly Property,7,9.714285714,10,10,19,0.368421053,9.07045146,9.442270876,09:29.2,24,265347,13:48.0,SykesPropertyID,SykesPark:0,SykesParkID,260892,1,565737,1,2,1,3,Saturday,50.8737974,0.2640844,,South of England,Lavender Cottage,Current,Cottage,3,Ticks 1 to 5,5,3,0,0,109500,559500,"Hailsham, East Sussex",Town,East Sussex,England,Hailsham,South Coast,15/12/2023,23/03/2024,,,Unknown,Unknown,Unknown,0,15,Super Income Maximisation,,No,1,1,1,0,1,0,0,0,0,0,0,0,0,0,0,1,0,1,0,0,0,0,0,1,0,1,0,0,0,1,0,0,1,0,0,0,0,1,1,0,0,1,0,1,0,0,0,0,0,1,criteria met,we were overwhelmed with your kindness. We loved it so much we have booked for December,the best dog friendly accomodation we have ever rented,ideal like us with two small dogs,The dogs loved the garden as did we. A very generous hamper for us and the dogs was very much appreciated.,Greeted by the most amazing hamper for both us and our furs
1044848,Best Pet Friendly Property,7,9.714285714,10,10,19,0.368421053,9.07045146,9.442270876,09:29.2,25,130817,34:00.0,SykesPropertyID,SykesPark:0,SykesParkID,165301,1,260772,1,1,2,3,Friday,53.2914731,-4.0939055,,HP - Wales Anglesey Coastal,Ty Cuddfan,Current,Cottage,4,Ticks 1 to 5,6,4,1,0,379500,260500,"Llangoed, Isle of Anglesey",Other settlement,Isle of Anglesey,Wales,Llangoed,North Wales,06/07/2020,17/07/2020,,,Unknown,Unknown,Unknown,0,18,Super Income Maximisation,,No,1,1,1,0,1,0,0,1,0,1,0,0,0,0,0,1,1,1,0,1,0,0,0,1,0,1,0,0,0,1,0,0,1,0,0,0,1,0,1,0,0,1,0,0,0,0,0,0,0,,review evidence only - manual review recommended,our friends found the cottage and grounds dog friendly,nice enclosed garden which is perfect for dogs,enclosed garden a real bonus for our dog,"active adults, energetic dog and disabled wheelchair bound parent","Our golden retriever, Willow, enjoyed being so close to the lambs."
1087578,Best Pet Friendly Property,7,9.714285714,10,10,13,0.538461539,9.07045146,9.442270876,09:29.2,26,169280,06:48.0,SykesPropertyID,SykesPark:0,SykesParkID,207040,1,384174,1,2,1,1,Friday,53.3267466,0.2704257,,Lincolnshire,Lockdown Lodge,Current,Self-contained Unit,3,Ticks 1 to 5,2,3,0,0,383500,551500,"Trusthorpe, Lincolnshire",Other settlement,Lincolnshire,England,Trusthorpe,East Anglia,10/03/2023,07/04/2023,,,Unknown,Unknown,Unknown,0,18,Super Income Maximisation,,No,1,0,1,0,1,0,0,0,1,0,0,0,0,0,0,0,1,0,1,0,0,1,0,0,0,1,0,0,0,1,0,0,1,0,0,0,1,1,1,0,0,0,0,1,0,0,1,0,0,1,criteria met,lovely garden especially for the dogs,lovely enclosed garden which kept my little dog one hundred percent safe,great closed off garden for my furry companion,Lovely little garden for the dog to explore.,Garden was fully enclosed our dog enjoyed it out there and was nice knowing she was safe.
1136136,Best Pet Friendly Property,9,9.555555556,10,10,26,0.346153846,9.063035517,9.43782131,09:29.2,27,232321,59:44.0,SykesPropertyID,SykesPark:0,SykesParkID,254539,1,544764,1,1,1,1,Friday,52.9160571,-2.6822847,,Shropshire & Telford,The Oak Hut,Current,Hut/Pod/Yurt,3,Ticks 1 to 5,2,3,0,0,336500,354500,"Steel Heath, Shropshire",Other settlement,Shropshire,England,Steel Heath,Heart of England,03/07/2023,14/07/2023,,,Unknown,Unknown,Unknown,0,17,Super Income Maximisation,,No,1,0,1,0,1,1,0,0,0,0,0,0,0,0,0,0,0,1,1,1,0,1,0,0,0,1,0,1,0,1,0,1,1,0,0,0,1,1,1,0,0,0,0,1,0,0,1,0,0,,review evidence only - manual review recommended,the large fenced off paddock around the hut was perfect,the area around the cabin was enclosed with plenty of room for our dog to run around and explore,Very dog friendly with treats and bowls provided and a safe enclosed field which my dog loved.,The space is amazing and so safe for our dog,The huge garden is fully enclosed and the dog was free to roam to his heart's content.
1107447,Best Pet Friendly Property,11,9.454545455,10,10,24,0.458333333,9.057032134,9.434219281,09:29.2,28,194834,02:21.0,SykesPropertyID,SykesPark:0,SykesParkID,225707,1,312686,1,2,1,1,Friday,54.5426857,-2.4075981,,Cumbria East of M6,Herdie Hideaway,Current,Hut/Pod/Yurt,4,Ticks 1 to 5,2,4,0,0,515500,374500,"Warcop, Cumbria",Other settlement,Cumbria,England,Warcop,Cumbria & The Lake District,24/05/2022,27/05/2022,,,Unknown,Unknown,Unknown,0,18,Super Income Maximisation,,No,1,0,0,0,1,0,0,0,1,1,0,0,0,0,0,0,0,1,1,0,0,1,0,0,0,1,0,1,0,1,0,0,1,0,0,0,1,1,1,0,1,0,0,1,0,0,1,0,0,1,criteria met,would also be ideal to take your four legged friend to,huge gardens so your dog can roam free. Our dog loved the freedom.,a large fenced off area for your dogs,Me and Dougie (dog) had a fantastic week.,Loads of room for the dog to enjoy outside.
1100763,Best Pet Friendly Property,12,9.416666667,10,10,27,0.444444444,9.054439765,9.432663859,09:29.2,29,186841,52:44.0,SykesPropertyID,SykesPark:0,SykesParkID,220088,1,414658,1,3,2,2,Friday,53.31082,-4.3161806,,Anglesey,No 2 The Stables,Current,Cottage,4,Ticks 1 to 5,4,4,0,0,382500,245500,"Capel Coch, Isle of Anglesey",Other settlement,Isle of Anglesey,Wales,Capel Coch,North Wales,11/04/2022,11/04/2022,,,Unknown,Unknown,Unknown,0,16,Super Income Maximisation,,No,1,1,1,0,1,0,0,0,0,1,0,0,0,0,0,0,0,1,1,0,0,1,0,0,0,1,0,0,0,1,0,0,1,0,0,0,0,1,1,0,1,1,0,1,0,0,0,0,0,1,criteria met,we had 2 dogs with us and the grounds were very secure for them.,outside secure space for our dogs plus additional space nearby for them to explore.,garden large enough for the dogs,Perfect for my two dogs.,"Perfect cottage for a quiet stay, especially with dogs."
1024870,Best Pet Friendly Property,12,9.416666667,10,10,15,0.8,9.054439765,9.432663859,09:29.2,30,124331,50:10.0,SykesPropertyID,SykesPark:0,SykesParkID,145473,389,232807,1,2,2,3,Friday,53.2867141,-4.2182045,,HP - Wales Anglesey Coastal,Cae Capel,Current,House detached,4,Ticks 1 to 5,6,4,1,0,378500,252500,"Pentraeth, Isle of Anglesey",Other settlement,Isle of Anglesey,Wales,Pentraeth,North Wales,03/12/2019,20/04/2020,,,Unknown,Unknown,Unknown,0,21,Partial Plus Income Maximisation,,Yes,1,1,1,0,1,0,0,0,0,1,0,0,0,0,0,1,1,0,0,0,0,0,1,1,0,0,0,0,0,1,0,0,1,0,0,1,1,1,1,0,0,1,0,0,0,0,0,0,0,1,criteria met,the large ENCLOSED garden was ideal for our dogs,the garden was very secure for our fur baby,it is perfect for our dogs,dogs loved it,The enclosed garden is very safe for children and dogs with lots of room to run around.
1101665,Best Pet Friendly Property,9,9.666666667,10,9.777777778,12,0.75,9.115667096,9.424955813,09:29.2,31,188173,38:21.0,SykesPropertyID,SykesPark:0,SykesParkID,220942,1,430125,1,2,1,2,Saturday,50.5811098,-4.7914783,,HP Cornwall Coast,Lowenek,Current,Annex,3,Ticks 1 to 5,4,3,1,0,79500,202500,"Pendoggett, Cornwall",Other settlement,Cornwall,England,Pendoggett,Cornwall,11/03/2022,11/03/2022,,,Unknown,Unknown,Unknown,0,20,Super Income Maximisation,,No,1,1,1,0,1,0,0,0,1,1,0,0,0,0,0,1,1,1,0,0,0,1,1,0,0,1,0,0,0,1,0,0,1,0,0,0,1,0,1,0,0,1,0,1,0,0,0,0,0,1,criteria met,perfect for me and my dog,perfect for a family with dogs as there is a nice private field next door for them to play in,our little dog loved the field,We took Patch our dog and the garden is very secure and Tracey and John even supply covers for sofa so they can join you on the settee.,The enclosed patio was great for our dog and she had plenty of room to run in the nearby field
1000597,Best Pet Friendly Property,13,9.538461539,10,9.692307692,18,0.722222222,9.13902934,9.421879142,09:29.2,32,119700,52:17.0,SykesPropertyID,SykesPark:0,SykesParkID,110922,1,200603,1,2,2,3,Saturday,50.6945282,-1.1145379,,HP Isle of Wight Coast,St. Michael�s House,Current,Cottage,3,Ticks 1 to 5,5,3,1,0,89500,462500,"St Helens, Isle of Wight",Other settlement,Isle of Wight,England,St Helens,South Coast,16/09/2019,28/09/2019,,,Unknown,Unknown,Unknown,0,18,Super Income Maximisation,,No,1,0,1,0,1,0,0,0,0,0,0,0,0,0,0,1,1,0,0,0,0,0,1,1,0,1,0,1,0,1,0,0,1,0,0,0,0,1,1,0,1,1,0,0,0,0,0,0,0,1,criteria met,the garden is so safe and secure for my 2 small dogs,Very dog friendly (Olly even had his own present) safe and secure with a long garden for him to run around in and explore.,The secure garden is perfect for our dog.,Our dogs love the garden,Humans and dogs love the location
1141873,Best Pet Friendly Property,9,9.555555556,10,9.888888889,14,0.642857143,9.063035517,9.415599088,09:29.2,33,264498,18:21.0,SykesPropertyID,SykesPark:0,SykesParkID,260158,1,563443,1,4,2,3,Friday,55.1431187,-3.8442748,,Scottish Lowlands,Glen View,Current,Cottage,4,Ticks 1 to 5,6,4,0,0,585500,282500,"East Skelston, Dumfries and Galloway",Other settlement,Dumfries and Galloway,Scotland,East Skelston,Southern Scotland,19/04/2024,03/05/2024,,,Unknown,Unknown,Unknown,0,22,Super Income Maximisation,,No,1,1,0,0,1,0,0,0,1,0,0,0,0,0,0,1,0,1,0,0,0,0,0,0,0,1,0,1,0,1,0,0,0,0,1,1,1,0,1,0,1,1,0,1,0,0,0,0,0,1,criteria met,the thoughtful welcome pack included a pawsome doggy welcome pack,also one for our dog,Stephanie & Ian have thought of everything you and your dogs would need and a lovely welcome basket for us and the dogs.,"Perfect for our 4 dogs, they wouldn't get in the van to come home!","Our 2 dogs have never been made to feel so welcome and at home at a holiday property before with a goody bag each for them, toys, biscuits, plenty of poo bags and first aid kit for any accidents."
928741,Best Pet Friendly Property,9,9.555555556,10,9.888888889,27,0.333333333,9.063035517,9.415599088,09:29.2,34,89511,58:09.0,SykesPropertyID,SykesPark:0,SykesParkID,51712,1,61073,1,2,1,2,Saturday,50.3203844,-4.820201,,Cornwall,Chapel Green Studio 2,Current,Cottage,4,Ticks 1 to 5,4,4,0,0,50500,199500,"Polgooth, Cornwall",Other settlement,Cornwall,England,Polgooth,Cornwall,26/05/2017,26/05/2017,,,Unknown,Unknown,Unknown,0,17,Super Income Maximisation,,No Option Assigned,1,1,0,1,1,1,1,0,1,0,1,0,1,0,1,0,1,1,0,0,0,0,0,0,0,0,0,0,0,1,0,0,1,0,0,1,1,1,1,0,0,1,0,1,0,1,0,0,0,1,criteria met,with our kids and dog,this was a dog friendly property,the dog friendly Chapel Green Studio,Our dog Buddy was also welcomed,Had a fantastic stay here with my 3 dogs.
981715,Best Pet Friendly Property,9,9.555555556,10,9.888888889,28,0.321428571,9.063035517,9.415599088,09:29.2,35,105764,59:03.0,SykesPropertyID,SykesPark:0,SykesParkID,103177,1,179491,1,1,1,1,Friday,54.063271,-2.31221,,Yorkshire Dales,Rushton Barn,Current,Barn conversion,4,Ticks 1 to 5,2,4,0,0,465500,378500,"Lawkland Green, North Yorkshire",Other settlement,North Yorkshire,England,Lawkland Green,Yorkshire Dales,19/09/2018,02/11/2018,,,Unknown,Unknown,Unknown,0,17,Partial Income Maximisation,,No Option Assigned,1,1,1,0,1,0,0,0,1,1,0,0,0,0,0,1,0,0,0,0,0,0,1,0,0,0,0,0,0,0,0,0,1,0,0,0,0,1,1,0,0,0,0,0,0,0,0,0,0,,review evidence only - manual review recommended,this was our second visit with our dog Teddy,"Perfect for our needs, two of us and a small dog.",Our dog Poppy loved them both probably too much at times!!!!!,My dog feels happy and settled and the property is fully gated for security.,Archie our dog loves the garden
968891,Best Pet Friendly Property,8,9.625,10,9.875,24,0.333333333,9.06653749,9.414922494,09:29.2,36,,,,,,,,,,,,,,,,,,,,,,,,,,,,,,,,,,,,,,,,,,,,,,,,,,,,,,,,,,,,,,,,,,,,,,,,,,,,,,,,,,,,,,,,,,,,,,,,,no property data - manual review recommended,quiet and peaceful secure back garden to relax in the evenings with our dog,lovely bottle of bubbly and dog treats as well,dog treats that complete that welcome,a bag of dog treats for our Dexter,Although there are only 2 of us plus a dog
1173319,Best Pet Friendly Property,7,9.714285714,10,9.857142857,13,0.538461539,9.07045146,9.413699447,09:29.2,37,305440,27:15.0,SykesPropertyID,SykesPark:0,SykesParkID,289849,437,650924,1,2,1,2,Saturday,52.4309634,1.7009035,,HP East Anglia,1 Rumsby Cottages,Current,House semi-detached,4,Ticks 1 to 5,4,4,1,0,288500,651500,"Gisleham, Suffolk",Other settlement,Suffolk,England,Gisleham,East Anglia,28/04/2025,28/04/2025,,,Unknown,Unknown,Unknown,0,17,Super Income Maximisation,,No,1,0,1,0,1,0,0,0,1,1,0,0,0,0,0,1,1,1,1,0,0,1,0,0,0,1,0,0,0,1,0,0,1,0,0,0,0,1,1,0,1,1,0,1,0,0,0,0,0,1,criteria met,we had two dogs with us and the garden space out front was perfect for them to run around,the garden is a great size and was fully secure for the dogs to run around to their hearts content,plenty of room for doggies to run around in and also it’s fully enclosed,fantastic enclosed garden brilliant for our two dogs,If you have dogs the garden is secure and large.
1143688,Best Pet Friendly Property,7,9.714285714,10,9.857142857,17,0.411764706,9.07045146,9.413699447,09:29.2,38,266594,52:06.0,SykesPropertyID,SykesPark:0,SykesParkID,261913,1,569037,1,2,1,2,Friday,52.5760909,-4.0585715,,HP - Wales North West Coast,Y Goedlan,Current,Lodge,3,Ticks 1 to 5,4,3,1,0,300500,259500,"Pendre, Gwynedd",Other settlement,Gwynedd,Wales,Pendre,North Wales,18/04/2024,19/04/2024,,,Unknown,Unknown,Unknown,0,18,Super Income Maximisation,,No,1,0,0,0,0,0,0,0,1,0,0,0,0,0,0,0,1,1,0,0,1,1,0,0,0,1,0,0,0,1,0,0,1,0,0,1,1,1,1,0,0,1,0,1,1,0,0,0,0,1,criteria met,"we had a lovely, relaxing 3 night stay here with our dog",there was even lovely welcome basket to include treats for the dog!,our two dogs had a wonderful stay,dogs loved it,Crosby (who was the main reason for the stay!)
1043534,Best Pet Friendly Property,14,9.428571429,10,9.785714286,23,0.608695652,9.091569784,9.412084728,09:29.2,39,186427,51:31.0,SykesPropertyID,SykesPark:0,SykesParkID,164022,1,257633,1,2,1,1,Friday,52.7742344,0.8625413,,Norfolk,Wensum Spring,Current,House,4,Ticks 1 to 5,2,4,0,0,323500,593500,"Horningtoft, Norfolk",Other settlement,Norfolk,England,Horningtoft,East Anglia,09/03/2023,09/03/2023,,,Unknown,Unknown,Unknown,0,20,Super Income Maximisation,,No,1,1,1,0,1,0,0,0,0,1,0,0,0,0,0,0,1,1,0,0,0,1,0,0,0,1,0,0,0,0,0,0,1,0,0,0,0,0,1,0,1,0,1,1,0,0,0,0,1,1,criteria met,very dog friendly with a lovely little secure garden,the secure garden was great for our 2 dogs,the enclosed garden for our puppy was brilliant,our dog Mika thoroughly enjoyed our short stay,The enclosed garden was perfect for the dog.
1158539,Best Pet Friendly Property,6,9.833333333,10,9.833333333,17,0.352941177,9.074854676,9.411579472,09:29.2,40,287368,15:27.0,SykesPropertyID,SykesPark:0,SykesParkID,275625,1,611942,1,2,1,2,Saturday,52.8530649,0.9017598,,Norfolk,White House Cottage,Current,Cottage,3,Ticks 1 to 5,4,3,0,0,332500,595500,"Little Snoring, Norfolk",Other settlement,Norfolk,England,Little Snoring,East Anglia,19/06/2024,25/06/2024,,,Unknown,Unknown,Unknown,0,20,Super Income Maximisation,,No,1,1,1,0,1,0,0,0,1,1,0,0,0,0,0,1,0,1,0,0,0,1,1,0,0,1,0,0,0,1,0,0,1,0,0,0,0,1,1,0,0,0,0,1,0,0,0,0,0,1,criteria met,the garden was great for the dogs,Owners very welcoming and dog friendly.,It is very dog friendly.,It is perfect if you have a dog.,Dogs loved it.
1099915,Best Pet Friendly Property,16,9.4375,10,9.6875,26,0.615384615,9.122987493,9.411292496,09:29.2,41,185826,58:24.0,SykesPropertyID,SykesPark:0,SykesParkID,219286,1,424549,1,3,1,1,Saturday,52.6763779,-2.79305,,Shropshire & Telford,Cherry Pod,Current,Hut/Pod/Yurt,4,Ticks 1 to 5,2,4,0,0,309500,346500,"Redhill, Shropshire",Other settlement,Shropshire,England,Redhill,Heart of England,21/06/2022,06/07/2022,,,Unknown,Unknown,Unknown,0,20,Super Income Maximisation,,No,1,0,1,0,1,1,0,0,1,0,0,0,0,0,0,0,0,1,0,0,0,1,1,0,0,1,0,0,0,1,0,0,1,0,1,1,1,1,1,0,1,0,0,1,0,0,1,0,0,1,criteria met,the dog had a great time running around in the enclosed field,spacious paddock for our 16yr old dog to walk and sniff in,pet friendly,it’s a perfect place to take a dog if you have one,amazing field for the dogs!
988047,Best Pet Friendly Property,13,9.461538462,10,9.769230769,17,0.764705882,9.095551079,9.411176801,09:29.2,42,119116,58:09.0,SykesPropertyID,SykesPark:0,SykesParkID,85292,1,186847,1,4,2,3,Friday,52.5417422,0.5891288,,Norfolk,Garden House,Current,House,3,Ticks 1 to 5,6,3,0,0,297500,575500,"Northwold, Norfolk",Other settlement,Norfolk,England,Northwold,East Anglia,13/08/2019,13/08/2019,,,Unknown,Unknown,Unknown,0,20,Super Income Maximisation,,No Option Assigned,1,1,1,0,1,0,0,0,1,1,0,0,0,0,0,1,0,1,0,0,0,0,1,0,0,1,0,0,0,1,0,0,1,0,0,0,0,1,1,0,1,1,0,0,0,0,0,0,0,1,criteria met,our 3 labradoodles didn't want to come home,dogs love it,The dogs loved the garden & so did we!,Particular with dogs,"Great host too, Really good large enclosed garden for the dogs"
1096469,Best Pet Friendly Property,12,9.5,10,9.75,22,0.545454546,9.09989431,9.409936586,09:29.2,43,181998,36:10.0,SykesPropertyID,SykesPark:0,SykesParkID,215865,1,412780,1,2,1,2,Friday,53.8101504,-1.9568571,,West & South Yorkshire,Penistone View,Current,Cottage,4,Ticks 1 to 5,4,4,0,0,434500,402500,"Upper Town, Bradford",Other settlement,Bradford,England,Upper Town,Yorkshire Dales,01/04/2022,08/04/2022,,,Unknown,Unknown,Unknown,0,18,Super Income Maximisation,,No,1,1,1,0,1,0,0,0,0,1,0,0,0,0,0,0,0,1,0,0,0,0,1,1,0,1,0,0,0,1,0,0,1,0,0,0,0,1,1,0,1,0,0,1,0,0,0,0,0,1,criteria met,"very dog friendly all the little touches dog treats, bowls, towels and throws really did make it a step above other cottages!","the dogs loved it, really is a home from home for dogs","it was also so lovely that our dogs were made to feel so welcome, with thoughtful touches like treats and blankets so they could cuddle up and feel at home too",This is probably the best dog friendly cottage we have stayed in.,Our two pups were made to feel right at home with thoughtful treats and towels for muddy paws.
1145258,Best Pet Friendly Property,4,10,10,10,15,0.266666667,9.01411963,9.408471778,09:29.2,44,271011,58:15.0,SykesPropertyID,SykesPark:0,SykesParkID,263439,1,574072,1,2,1,2,Friday,54.0653942,-2.8577453,,North West & Lancashire,3 Thrimby Court,Current,House,4,Ticks 1 to 5,4,4,0,0,463500,343500,"West End, Lancashire",Other settlement,Lancashire,England,West End,Cumbria & The Lake District,14/11/2023,14/11/2023,,,Unknown,Unknown,Unknown,0,18,Super Income Maximisation,,No,1,1,1,0,1,0,0,0,1,1,0,0,0,0,0,1,1,0,1,0,0,1,0,0,0,1,0,1,0,1,0,0,1,0,1,1,0,1,1,0,1,0,0,1,0,0,0,0,0,1,criteria met,safety of the garden for our dog was brilliant,"Garden was neatly kept, good size and safe for dogs.","Dog friendly and safe, real home from home.",A brilliant venue for dogs with a large and securely fenced lawned garden.,
1135014,Best Pet Friendly Property,4,10,10,10,18,0.222222222,9.01411963,9.408471778,09:29.2,45,230885,51:05.0,SykesPropertyID,SykesPark:0,SykesParkID,253396,382,541950,1,1,1,2,Saturday,50.7031763,-2.7275159,,HP Dorset Coast,Dormouse Cottage,Current,Cottage,3,Ticks 1 to 5,3,3,1,0,89500,348500,"Southover, Dorset",Other settlement,Dorset,England,Southover,Dorset,21/06/2023,21/06/2023,,,Unknown,Unknown,Unknown,0,20,Full Income Maximisation,,Yes,1,0,0,0,1,0,0,0,0,0,0,0,0,0,0,1,1,0,0,0,0,0,0,0,0,1,0,0,0,1,0,0,1,0,0,0,0,1,1,0,1,0,0,1,0,0,1,1,0,,review evidence only - manual review recommended,was comfortable for the dog as well,dog friendly,"The house was perfect for me, my husband and the dog.",The garden is dog proof which was a benefit for us and our dog.,
977313,Best Pet Friendly Property,4,10,10,10,13,0.307692308,9.01411963,9.408471778,09:29.2,46,109687,57:36.0,SykesPropertyID,SykesPark:0,SykesParkID,97723,1,174225,1,1,1,1,Saturday,56.2527412,-3.2069043,,Scottish Lowlands,Dunira,Current,Cottage,4,Ticks 1 to 5,2,4,0,0,707500,325500,"Falkland, Fife",Town,Fife,Scotland,Falkland,Central Scotland,25/03/2019,01/06/2019,,,Unknown,Unknown,Unknown,0,18,Super Income Maximisation,10/02/2023,Part - Cleaning Only,1,1,1,0,1,0,0,0,0,1,0,0,0,0,0,1,0,1,1,0,1,1,1,1,0,1,0,1,0,1,0,0,1,0,0,0,0,1,1,0,1,0,0,0,0,0,0,0,0,,review evidence only - manual review recommended,we stayed at Dunira for a week last week in August - first week of September with our dog,our Springer spaniel Oscar,it has an enclosed garden which was great as we have a dog,bonus being dog friendly,
1123896,Best Pet Friendly Property,4,10,10,10,7,0.571428571,9.01411963,9.408471778,09:29.2,47,216932,20:49.0,SykesPropertyID,SykesPark:0,SykesParkID,242234,343,428486,1,2,1,1,Saturday,50.7528423,-3.0815797,,Devon,The Hay Loft,Current,Cottage,4,Ticks 1 to 5,2,4,0,0,94500,324500,"Road Green, Devon",Other settlement,Devon,England,Road Green,Devon,13/12/2022,13/12/2022,,,Unknown,Unknown,Unknown,0,15,Full Income Maximisation,,No,1,0,1,0,1,0,0,0,1,1,0,0,0,0,0,1,1,1,0,1,1,0,0,0,0,1,0,1,0,1,0,0,1,0,0,0,0,1,1,0,1,0,0,1,0,0,0,0,0,1,criteria met,wonderful for our two dogs,it was perfect for us and our dog,all dog friendly,SUE&PHIL LOVELY FOR THE DOGS.,
1178330,Best Pet Friendly Property,4,10,10,10,11,0.363636364,9.01411963,9.408471778,09:29.2,48,314804,37:54.0,SykesPropertyID,SykesPark:0,SykesParkID,294740,1,660037,1,2,3,3,Friday,51.630536,-1.942848,,Wiltshire,The Sty,Current,House detached,4,Ticks 1 to 5,6,4,0,0,193500,404500,"Derry Fields, Wiltshire",Other settlement,Wiltshire,England,Derry Fields,Cotswolds,15/08/2025,01/09/2025,,,Unknown,Unknown,Unknown,0,15,Full Income Maximisation,,No,1,1,1,0,1,0,0,0,1,0,0,0,0,0,0,0,0,1,1,0,0,1,0,0,0,1,0,0,0,1,0,0,1,0,0,1,0,1,1,0,1,1,1,1,0,0,0,0,0,1,criteria met,met the needs of our 2 cocker spaniels,This is an amazing property that allows dogs,My family with two dogs has an amazing stay,Absolutely stunning dog friendly property,
1190307,Best Pet Friendly Property,4,10,10,10,5,0.8,9.01411963,9.408471778,09:29.2,49,322500,10:48.0,SykesPropertyID,SykesPark:0,SykesParkID,300786,392,674208,1,4,1,3,Saturday,54.2469161,-0.7875024,,HP North York Moors,Daisy cottage,Current,House terraced,4,Ticks 1 to 5,5,4,1,0,484500,479500,"Pickering, North Yorkshire",Town,North Yorkshire,England,Pickering,North York Moors & Coast,29/01/2026,07/02/2026,,,Unknown,Unknown,Unknown,0,20,Super Income Maximisation,,No,1,1,1,0,1,0,0,0,0,1,0,0,0,0,0,0,0,1,1,0,0,1,1,0,0,1,0,0,0,1,0,0,1,0,0,1,0,1,1,0,0,1,0,1,0,0,0,0,0,1,criteria met,the cottage was immaculately clean with a very thoughtful welcome pack which even included dog treats,our dog enjoyed the secure dog friendly garden,Enclosed garden which was great for our dogs,"A secure garden for the dogs, which they loved.",
1161332,Best Pet Friendly Property,4,10,10,10,16,0.25,9.01411963,9.408471778,09:29.2,50,290813,14:48.0,SykesPropertyID,SykesPark:0,SykesParkID,278275,1,621787,1,1,3,3,Friday,54.4370085,-0.7979594,,HP North York Moors,Wayside,Current,Cottage,4,Ticks 1 to 5,6,4,1,0,505500,477500,"Glaisdale, North Yorkshire",Other settlement,North Yorkshire,England,Glaisdale,North York Moors & Coast,09/08/2024,02/09/2024,,,Unknown,Unknown,Unknown,0,19,Super Income Maximisation,,No,1,1,0,0,1,0,0,0,0,1,0,0,0,0,0,1,0,1,1,0,1,1,1,0,0,1,0,1,1,1,0,0,1,0,0,1,0,1,1,0,1,0,0,1,0,0,0,0,0,,review evidence only - manual review recommended,is totally enclosed so you don't have to worry about your 4 legged friends.,The dog also enjoyed himself carefully studying the chickens in the field behind the garden!,Perfect for our dog she loves it here more than home.,I was able to find a lot of dog friendly ones.,
993630,Best Pet Friendly Property,4,10,10,10,16,0.25,9.01411963,9.408471778,09:29.2,51,,,,,,,,,,,,,,,,,,,,,,,,,,,,,,,,,,,,,,,,,,,,,,,,,,,,,,,,,,,,,,,,,,,,,,,,,,,,,,,,,,,,,,,,,,,,,,,,,no property data - manual review recommended,the two dogs definitely home from home,my little dog Henry,"It’s cosy, dog friendly",Great for dogs - fully enclosed garden,
1118018,Best Pet Friendly Property,4,10,10,10,20,0.2,9.01411963,9.408471778,09:29.2,52,208285,25:08.0,SykesPropertyID,SykesPark:0,SykesParkID,236213,343,492347,1,2,1,1,Saturday,50.8986255,-3.7551923,,Devon,Orchard Retreat,Current,Hut/Pod/Yurt,4,Ticks 1 to 5,2,4,0,0,113500,276500,"West Worlington, Devon",Other settlement,Devon,England,West Worlington,Devon,14/09/2022,24/09/2022,,,Unknown,Unknown,Unknown,0,17,Partial Plus Income Maximisation,,No,1,0,0,1,1,1,0,0,1,0,0,0,0,0,0,0,0,1,1,0,0,1,0,0,0,1,0,0,0,1,0,0,1,0,0,0,0,1,1,0,1,0,0,1,0,0,1,0,0,1,criteria met,you have a lovely enclosed area for dogs and also a field to stretch there little legs,We took the puppy who loved running unabetted in the fields surrounding the Orchard Retreat.,"Our dog loved the field, running around with his teddy!",My wife and I took our two dogs and they loved it too. There’s a huge paddock for them to walk and play in,
1157531,Best Pet Friendly Property,5,9.8,10,10,10,0.5,9.013178321,9.407906993,09:29.2,53,286194,16:07.0,SykesPropertyID,SykesPark:0,SykesParkID,274644,1,608656,1,2,1,3,Friday,52.345909,-0.4143972,,Central England,Barley Cottage,Current,House detached,4,Ticks 1 to 5,6,4,0,0,273500,508500,"Catworth, Cambridgeshire",Other settlement,Cambridgeshire,England,Catworth,East Anglia,20/01/2025,14/03/2025,,,Unknown,Unknown,Unknown,0,16,Super Income Maximisation,,Yes,1,1,1,0,1,0,0,0,1,0,0,0,0,0,0,1,0,1,1,0,0,1,1,0,0,1,0,0,0,1,0,0,1,0,1,1,1,1,1,0,0,1,0,1,0,0,0,0,0,1,criteria met,the garden is fully secured if you want to bring your furry friends,The enclosed garden was really great for our dogs who could roam around freely.,"One of the best dog welcoming places we have stayed in, a real credit to the owners.","Catered for all of our needs, including the dog - these extra touches were much appreciated.",if you need dog friendly accommodation which is absolutely amazing quality
1137374,Best Pet Friendly Property,5,9.8,10,10,22,0.227272727,9.013178321,9.407906993,09:29.2,54,233830,12:37.0,SykesPropertyID,SykesPark:0,SykesParkID,255752,382,533274,1,2,2,3,Friday,50.6387969,-2.3545569,,HP Dorset Coast,Standby Generator Bunker,Current,Unique wow (Castle / lighthouse / thatched),4,Ticks 1 to 5,6,4,1,0,81500,373500,"Osmington Mills, Dorset",Other settlement,Dorset,England,Osmington Mills,Dorset,12/11/2024,24/11/2024,,,Unknown,Unknown,Unknown,0,18,Super Income Maximisation,,Part - Property Management Only,1,1,1,0,1,0,0,0,1,1,0,0,0,0,0,1,1,1,1,0,0,1,0,0,0,1,0,0,0,0,0,0,1,0,0,0,1,0,1,0,1,1,0,1,0,0,0,0,1,1,criteria met,"the large, fully enclosed garden was great for our dog","the garden is lovely, perfect for our dog",great big dog friendly garden,Perfect fenced in garden for dogs.,mainly a pebble beach but dogs still loved it.
1074267,Best Pet Friendly Property,5,9.8,10,10,14,0.357142857,9.013178321,9.407906993,09:29.2,55,152428,56:44.0,SykesPropertyID,SykesPark:0,SykesParkID,193916,1,342414,1,3,3,4,Friday,55.2327407,-1.5421195,,Northumberland,ASTA COTTAGE,Current,House detached,4,Ticks 1 to 5,8,4,0,0,593500,429500,"Cresswell, Northumberland",Other settlement,Northumberland,England,Cresswell,Northumberland,26/07/2021,30/07/2021,,,Unknown,Unknown,Unknown,0,15,Partial Plus Income Maximisation,,No,1,1,1,0,1,0,0,0,1,1,0,0,0,0,0,1,1,0,0,0,0,0,0,0,0,0,0,0,0,1,0,0,1,0,1,1,0,1,1,0,0,1,0,1,0,0,0,0,0,1,criteria met,with dogs,"Well equipped for both people and dogs. Thoughtful welcome pack and plenty of beds, bowls and towels for the dogs. The enclosed backyard was great for dogs to explore safely","Very spacious with enclosed external patio which was more than ample for our 5 dogs, (including a great dane)",Very dog friendly which is always a bonus for us with 4 dogs!,Perfect holiday with dogs
1121726,Best Pet Friendly Property,5,9.8,10,10,22,0.227272727,9.013178321,9.407906993,09:29.2,56,213119,52:50.0,SykesPropertyID,SykesPark:0,SykesParkID,240622,1,504892,1,1,1,2,Saturday,57.4144709,-1.8460045,,Scottish Lowlands,Shell Cottage,Current,Cottage,4,Ticks 1 to 5,4,4,0,0,836500,409500,"Cruden Bay, Aberdeenshire",Other settlement,Aberdeenshire,Scotland,Cruden Bay,Highlands and Islands,26/04/2023,06/05/2023,,,Unknown,Unknown,Unknown,0,20,Super Income Maximisation,,No,1,1,1,0,1,0,0,0,1,0,0,0,0,0,0,1,1,0,1,0,0,1,1,1,0,1,0,0,0,1,0,0,0,0,0,0,0,0,1,0,1,1,0,1,0,0,0,0,0,,review evidence only - manual review recommended,loved our dog Levi,Pet friendly,Perfect for our dog also.,Dog friendly,with my kids and dog!
1010434,Best Pet Friendly Property,5,9.8,10,10,19,0.263157895,9.013178321,9.407906993,09:29.2,57,129712,50:52.0,SykesPropertyID,SykesPark:0,SykesParkID,132427,1,181625,1,2,3,4,Friday,53.1282319,-2.1283985,,Peak District & Derbyshire,The Farmhouse,Current,House,4,Ticks 1 to 5,8,4,0,0,359500,391500,"The Hollands, Staffordshire",Other settlement,Staffordshire,England,The Hollands,Peak District,14/04/2020,14/06/2020,,,Unknown,Unknown,Unknown,0,15,Super Income Maximisation,,No,1,1,1,0,1,1,0,0,1,1,0,0,0,0,0,1,0,1,0,0,1,1,0,0,0,1,0,0,0,1,0,0,1,0,0,0,0,1,1,0,0,1,0,0,0,0,0,0,0,1,criteria met,"we took the dog he loved it, plus he could run around the garden as it was enclosed",two pooches,Perfect for our family get away with the dogs.,2 dogs,We had 8 of us and a dog stay and it was perfect.
906822,Best Pet Friendly Property,5,9.8,10,10,18,0.277777778,9.013178321,9.407906993,09:29.2,58,,,,,,,,,,,,,,,,,,,,,,,,,,,,,,,,,,,,,,,,,,,,,,,,,,,,,,,,,,,,,,,,,,,,,,,,,,,,,,,,,,,,,,,,,,,,,,,,,no property data - manual review recommended,her little doggie made such good friends with our Tilly,Our dog loved it and made a new friend.,Excellent for the dog too !,Bertie( dog) was a happy / playful little dog,"the highlight of the week though was Bertie, Mary’s dog"
1137012,Best Pet Friendly Property,5,9.8,10,10,19,0.263157895,9.013178321,9.407906993,09:29.2,59,233372,51:17.0,SykesPropertyID,SykesPark:10,SykesParkID,255416,418,547873,1,1,2,2,Friday,54.4203357,-2.9027945,Limefitt Park,HP Lake District,Nutkins Lodge,Current,Lodge,4,Ticks 1 to 5,4,4,1,0,503500,341500,"Town Head, Cumbria",Other settlement,Cumbria,England,Town Head,Cumbria & The Lake District,08/06/2023,16/06/2023,,,Unknown,Unknown,Unknown,0,12.5,Super Income Maximisation,,No,1,1,1,0,1,0,0,0,1,0,0,0,0,0,0,0,0,0,1,0,1,1,1,0,1,1,0,0,0,1,0,0,1,0,0,0,1,0,1,0,0,1,0,1,1,0,0,0,0,,review evidence only - manual review recommended,"our little dog, Otto",a great holiday location for a family with a dog,The area was perfect for our dog aswell. We had doggy essentials provided which was a lovely gesture too.,4 adults and 2 dacshunds,"Our pup was provided with a jar of treats, 2 water bowls and a towel for drying off after his many lake dips"
1126235,Best Pet Friendly Property,5,9.8,10,10,19,0.263157895,9.013178321,9.407906993,09:29.2,60,221229,44:36.0,SykesPropertyID,SykesPark:0,SykesParkID,244967,1,519740,1,2,3,3,Friday,53.2281553,-4.2029984,,HP - Wales Anglesey Coastal,Pen-Y-Bryn,Current,House detached,5,Ticks 1 to 5,6,5,1,0,371500,253500,"Llanfair Pwllgwyngyll, Isle of Anglesey",Other settlement,Isle of Anglesey,Wales,Llanfair Pwllgwyngyll,North Wales,10/05/2023,16/06/2023,,,Unknown,Unknown,Unknown,0,15,Super Income Maximisation,,Yes,1,1,1,0,1,1,0,0,0,0,0,0,0,0,0,1,1,1,0,0,0,0,0,1,0,0,0,1,0,1,0,0,1,0,0,1,0,1,1,0,1,1,0,1,0,1,0,0,0,1,criteria met,with a good enclosed garden for our dog,well situated for our days out with the dogs,"Dog friendly, secure garden.",A great enclosed garden for our little dog.,"the garden was another great feature - fully enclosed and secure, which was ideal for our dog to run around and enjoy safely."
1174175,Best Pet Friendly Property,6,9.666666667,10,10,10,0.6,9.012354676,9.407412806,09:29.2,61,306633,45:12.0,SykesPropertyID,SykesPark:0,SykesParkID,290713,1,573428,1,1,1,1,Friday,51.0891535,0.7057585,,South East,Songbirds,Current,Hut/Pod/Yurt,3,Ticks 1 to 5,2,3,0,0,135500,588500,"St Michaels, Kent",Other settlement,Kent,England,St Michaels,South Coast,23/05/2025,27/05/2025,,,Unknown,Unknown,Unknown,0,18,Full Income Maximisation,,No,1,0,1,0,1,0,0,0,1,0,0,0,0,0,0,0,0,1,1,1,0,1,0,0,0,1,0,0,0,0,0,0,1,0,0,0,1,1,1,0,0,0,0,1,0,0,1,0,0,,review evidence only - manual review recommended,a very good safe space for our dog to relax as well!,The owner Carrie and her lovely dogs gave us a very warm welcome when we arrived.,Songbirds is perfect for a couple and a dog. Our dog Preston loved the freedom of going out when he wanted to.,I have a reactive dog and the owner Carrie was so understanding.,treats for the dog which were all delicious
982220,Best Pet Friendly Property,6,9.666666667,10,10,10,0.6,9.012354676,9.407412806,09:29.2,62,,,,,,,,,,,,,,,,,,,,,,,,,,,,,,,,,,,,,,,,,,,,,,,,,,,,,,,,,,,,,,,,,,,,,,,,,,,,,,,,,,,,,,,,,,,,,,,,,no property data - manual review recommended,very dog friendly,there was a welcome basket of goodies for us and even one for the dog,Lovely welcome pack for the dog and us humans too.,Excellent getaway for a couple with a doggy companion,"the welcome hampers for us and the dogs were lovely, thoughtful additions with little luxury gifts, even a little toy for the dogs"
1004610,Best Pet Friendly Property,6,9.666666667,10,10,13,0.461538462,9.012354676,9.407412806,09:29.2,63,148646,23:00.0,SykesPropertyID,SykesPark:0,SykesParkID,124959,1,205842,1,2,1,2,Friday,54.984833,-3.3476769,,Scottish Lowlands,7 Cummertrees,Current,Cottage,4,Ticks 1 to 5,4,4,0,0,566500,314500,"Cummertrees, Dumfries and Galloway",Other settlement,Dumfries and Galloway,Scotland,Cummertrees,Southern Scotland,07/04/2021,28/05/2021,,,Unknown,Unknown,Unknown,0,20,Super Income Maximisation,,No,1,1,0,0,1,0,0,0,0,0,0,0,0,0,0,1,1,1,0,0,0,0,0,0,0,1,0,0,0,1,0,0,0,0,0,0,1,0,1,0,0,1,0,1,0,0,0,0,0,1,criteria met,the dog enjoyed it too and we could relax as it was fully secure,lovely secure garden for my Golden Retriever Barney who now thinks this is second home,a lovely cottage with great garden for Barney my Golden Retriever to play in,The garden is fantastic for just sitting in and for the dog.,Great for dogs too Mabel loves it too.
1099765,Best Pet Friendly Property,7,9.571428571,10,10,13,0.538461539,9.011627931,9.406976758,09:29.2,64,,,,,,,,,,,,,,,,,,,,,,,,,,,,,,,,,,,,,,,,,,,,,,,,,,,,,,,,,,,,,,,,,,,,,,,,,,,,,,,,,,,,,,,,,,,,,,,,,no property data - manual review recommended,well equipped dog friendly cottage,very dog friendly,"safe garden ,dogs loved",Dogs loved it,the dogs loved
1136441,Best Pet Friendly Property,7,9.571428571,10,10,15,0.466666667,9.011627931,9.406976758,09:29.2,65,232722,35:02.0,SykesPropertyID,SykesPark:0,SykesParkID,254838,400,546125,1,2,1,1,Friday,52.1365358,-4.1601414,,Mid Wales,Ty Crwn - The Roundhouse,Current,Unique wow (Castle / lighthouse / thatched),5,Ticks 1 to 5,2,5,0,0,251500,252500,"Cribyn, Ceredigion",Other settlement,Ceredigion,Wales,Cribyn,Mid Wales,29/09/2025,29/09/2025,,,Unknown,Unknown,Unknown,0,15,Partial Plus Income Maximisation,,No,1,1,1,0,1,1,0,0,1,0,0,0,0,0,0,0,0,1,1,1,0,1,0,0,0,1,0,0,1,1,0,0,1,0,0,0,1,1,1,0,1,0,0,1,0,1,1,0,1,1,criteria met,allowed a German Shepard puppy to enjoy the space and be outside without fear of escape,Our dog loved it! Having no dogs in the middle property was ideal. The property was completely enclosed.,Our dog enjoyed wandering in the large enclosed area available.,Lovely touches like a welcome pack for us and our dog.,the owners thought of everything including a doggy welcome box
1095762,Best Pet Friendly Property,7,9.571428571,10,10,27,0.259259259,9.011627931,9.406976758,09:29.2,66,181126,57:39.0,SykesPropertyID,SykesPark:0,SykesParkID,215170,1,410718,1,2,1,2,Friday,52.9691557,-3.1668541,,North Wales,18 Church Street,Current,Cottage,4,Ticks 1 to 5,4,4,0,0,341500,321500,"Llangollen, Denbighshire",Town,Denbighshire,Wales,Llangollen,North Wales,23/10/2023,27/10/2023,,,Unknown,Unknown,Unknown,0,18,Super Income Maximisation,,Yes,1,1,1,0,1,0,0,0,0,1,0,0,0,0,0,1,0,1,1,0,0,1,1,1,0,1,0,0,1,1,0,0,1,0,1,1,0,1,1,0,1,1,0,1,0,0,0,0,0,1,criteria met,perfect for furry friends,great enclosed outside space ideal for the dogs,garden is too which is great when you've got dogs,"Our two small dogs very much enjoyed the safe, enclosed garden.",super secure and dog friendly
905898,Best Pet Friendly Property,8,9.5,10,10,16,0.5,9.010981934,9.406589161,09:29.2,67,52086,02:54.0,SykesPropertyID,SykesPark:0,SykesParkID,33668,1,62214,1,2,1,2,Friday,50.8552194,-2.2445152,,Dorset,Rowdens Barn,Current,Terraced,4,Ticks 1 to 5,4,4,0,0,106500,382500,"Hedge End, Dorset",Other settlement,Dorset,England,Hedge End,Dorset,21/02/2014,12/05/2014,,,Unknown,Unknown,Unknown,0,18,Super Income Maximisation,,No Option Assigned,1,1,1,0,1,0,0,0,1,1,0,0,0,0,0,1,0,0,0,1,0,0,0,0,0,1,0,0,0,1,0,0,1,0,1,1,0,1,1,0,1,1,0,1,0,1,0,0,0,1,criteria met,the enclosed garden area was perfect for our 2 dogs,the dog rushed to the right gate and door,"secure, enclosed garden for our dog",secure for our two dogs to run up & down in,"enclosed, dog friendly garden"
988094,Best Pet Friendly Property,8,9.5,10,10,15,0.533333333,9.010981934,9.406589161,09:29.2,68,124381,49:17.0,SykesPropertyID,SykesPark:0,SykesParkID,106894,1,186907,1,2,1,1,Friday,52.5816359,-3.015714,,Shropshire & Telford,Stiperstones Pod,Current,Hut/Pod/Yurt,4,Ticks 1 to 5,2,4,0,0,298500,331500,"White Grit, Powys",Other settlement,Powys,Wales,White Grit,Mid Wales,01/11/2019,01/11/2019,,,Unknown,Unknown,Unknown,0,17,Super Income Maximisation,,No Option Assigned,1,0,1,0,1,1,0,0,1,0,0,0,0,0,0,0,0,0,1,1,0,1,0,0,0,1,0,0,0,1,0,0,1,0,1,1,1,1,1,0,1,0,0,1,0,0,1,0,1,1,criteria met,the size of the individual garden meant our dogs also enjoyed their stay,allowed both our dogs to come along with us. We had a massive garden for them to run around in that was all enclosed and secure,The garden is fully enclosed which meant i didnt have to constantly keep a check on Diesel (collie dog).,The enclosed garden was great for the dogs so we could relax.,"The enclosed garden area was perfect for the dog, he had so much space to run around the pod while we relaxed in the hot tub!"
28653,Best Pet Friendly Property,9,9.444444444,10,10,19,0.473684211,9.010403938,9.406242363,09:29.2,69,55101,44:39.0,SykesPropertyID,SykesPark:0,SykesParkID,23045,1,84919,1,2,2,2,Saturday,51.3482728,1.1920149,,South East,Brew Cottage,Current,Detached,3,Ticks 1 to 5,5,3,0,0,165500,622500,"Boyden Gate, Kent",Other settlement,Kent,England,Boyden Gate,South Coast,10/09/2013,21/09/2013,,,Unknown,Unknown,Unknown,0,20,Full Income Maximisation,,No Option Assigned,0,0,1,0,1,0,0,0,0,1,0,0,0,0,0,1,1,1,0,0,0,1,0,0,0,0,0,0,1,0,0,0,1,0,1,1,0,1,1,0,1,1,0,0,0,0,0,0,0,1,criteria met,very dog freindly,the large private secure garden and walks straight from the door into the countryside were perfect for our two retrievers,our fur baby,Fudge (our dog) loved her stay.,it was great to know they were safe in the fully enclosed garden
1114639,Best Pet Friendly Property,10,9.4,10,10,25,0.4,9.009883741,9.405930245,09:29.2,70,205448,09:08.0,SykesPropertyID,SykesPark:0,SykesParkID,233745,400,479465,1,2,1,1,Friday,52.319117,-3.274228,,Mid Wales,Llety Cariad,Current,Lodge,5,Ticks 1 to 5,2,5,0,0,267500,314500,"Dolau, Powys",Other settlement,Powys,Wales,Dolau,Mid Wales,09/04/2025,17/04/2025,,,Unknown,Unknown,Unknown,0,15,Super Income Maximisation,,No,1,0,1,0,1,1,0,0,1,0,0,1,0,0,0,0,0,1,1,0,0,1,0,0,0,1,0,0,0,1,0,0,1,0,0,0,1,1,1,0,1,0,0,1,1,1,1,0,0,1,criteria met,our dogs thrived at the pod!,having our own little garden area so our dog could go out in a secure area was perfect.,great for dogs,We took our two dogs here and absolutely loved our stay.,The secure garden is great for the dogs who enjoyed playing whilst we relaxed in the hot tub
1177694,Best Pet Friendly Property,10,9.4,10,10,13,0.769230769,9.009883741,9.405930245,09:29.2,71,311128,24:20.0,SykesPropertyID,SykesPark:0,SykesParkID,294138,1,212867,1,3,2,3,Friday,53.3235355,0.2741312,,Lincolnshire,Sandy Toes,Current,House,4,Ticks 1 to 5,6,4,0,0,383500,551500,"Trusthorpe, Lincolnshire",Other settlement,Lincolnshire,England,Trusthorpe,East Anglia,25/07/2025,15/08/2025,,,Unknown,Unknown,Unknown,0,16,Super Income Maximisation,,No,1,1,1,0,1,0,0,0,1,0,0,0,0,0,0,1,1,0,1,0,0,1,1,1,0,1,0,0,0,1,0,0,1,0,0,1,1,1,1,0,0,1,0,1,0,0,0,0,0,1,criteria met,we loved the doggy station making all of us feel very welcome,has a nice spacious enclosed garden which our two yorkies loved,The dog friendly beach was perfect.,Nice welcome basket for us and the dogs.,we walked with our 3 dogs
1143982,Best Pet Friendly Property,10,9.4,10,10,20,0.5,9.009883741,9.405930245,09:29.2,72,266938,10:51.0,SykesPropertyID,SykesPark:0,SykesParkID,262225,400,569956,1,1,1,1,Friday,52.2010797,-4.2486316,,Mid Wales,Dragonfly Shepherd's Hut,Current,Hut/Pod/Yurt,4,Ticks 1 to 5,2,4,0,0,258500,245500,"Oakford/Derwen Gam, Ceredigion",Other settlement,Ceredigion,Wales,Oakford/Derwen Gam,Mid Wales,24/10/2023,24/10/2023,,,Unknown,Unknown,Unknown,0,18,Super Income Maximisation,,No,0,0,1,0,1,0,0,1,1,0,0,0,0,0,0,0,1,1,1,0,0,1,0,0,0,1,1,0,0,1,0,0,1,0,0,0,0,1,1,0,1,0,0,1,0,0,1,0,0,,review evidence only - manual review recommended,welcome treats for us and treats for the pet,the dog was able to run around as it’s completely fenced off,secure garden for the dog,enclosed garden perfect for dogs,Secure grounds for our little dog.
1129227,Best Pet Friendly Property,17,9.294117647,10,9.882352941,25,0.68,9.044358327,9.403085584,09:29.2,73,224416,53:53.0,SykesPropertyID,SykesPark:0,SykesParkID,247845,1,424549,1,2,1,1,Saturday,52.6763779,-2.79305,,Shropshire & Telford,Cherry Pod 2,Current,Hut/Pod/Yurt,4,Ticks 1 to 5,2,4,0,0,309500,346500,"Redhill, Shropshire",Other settlement,Shropshire,England,Redhill,Heart of England,01/03/2023,25/03/2023,,,Unknown,Unknown,Unknown,0,20,Super Income Maximisation,,No,1,0,1,0,1,0,0,0,1,0,0,0,0,0,0,0,0,1,0,0,0,1,1,0,0,1,0,0,0,1,0,0,1,0,0,1,1,1,1,0,0,0,0,1,0,0,1,0,0,1,criteria met,lovely large dog secure garden,"We had a fantastic mini break with our dog ted, he had plenty of space to run around in a safe enclosed area.",The enclosed paddock was great for our reactive dog.,"I was apprehensive about taking my 2 dogs away by myself, but this was the perfect place to do so. My 2 doggies had a wonderful time",Fully fenced area for dogs.
1006472,Best Pet Friendly Property,9,9.666666667,10,9.666666667,17,0.529411765,9.115667096,9.402733591,09:29.2,74,132356,58:09.0,SykesPropertyID,SykesPark:0,SykesParkID,126639,1,208362,1,2,2,2,Friday,54.2123806,-0.3601922,,North Yorkshire,Owl View,Current,House detached,5,Ticks 1 to 5,4,5,0,0,482500,507500,"Lebberston, North Yorkshire",Other settlement,North Yorkshire,England,Lebberston,North York Moors & Coast,28/09/2020,09/10/2020,,,Unknown,Unknown,Unknown,0,16,Super Income Maximisation,,No,1,1,0,0,1,1,0,0,1,0,0,0,0,0,0,1,1,1,0,1,0,0,0,0,0,1,0,0,0,1,0,0,1,0,0,0,1,1,1,0,0,1,0,0,0,0,0,0,0,1,criteria met,we came as a family of 3 and a small dog,the garden to the back and the courtyard to the front was secure for our two dogs,no worries over our dog .a couple of options for him to go out .courtyard or back garden,Two lovely outside areas totally secure and enclosed which are perfect for dogs.,"Perfect for our dogs, plenty of free space for them."
1123841,Best Pet Friendly Property,11,9.454545455,10,9.818181818,20,0.55,9.057032134,9.397855644,09:29.2,75,216838,01:07.0,SykesPropertyID,SykesPark:0,SykesParkID,242204,1,510826,1,2,1,2,Friday,53.1901091,-1.4838114,,Peak District & Derbyshire,Harry's Lodge,Current,Lodge,4,Ticks 1 to 5,4,4,0,0,364500,433500,"Brockhurst, Derbyshire",Other settlement,Derbyshire,England,Brockhurst,Peak District,29/06/2023,29/06/2023,,,Unknown,Unknown,Unknown,0,17,Super Income Maximisation,,No,1,1,0,0,0,0,0,0,1,0,0,0,0,0,0,0,0,1,0,0,0,1,0,0,0,1,0,0,0,1,0,1,1,0,0,0,0,1,1,0,1,1,0,1,1,0,0,0,0,1,criteria met,pet friendly,our dog,a lovely large garden ideal for our dog to run about on in safety,Self contained Paddock for the dogs to play in,Harry’s lodge was a perfect place for us and our two dogs who absolutely loved the enclosed field area.
979186,Best Pet Friendly Property,10,9.5,10,9.8,14,0.714285714,9.059883741,9.395930245,09:29.2,76,121967,07:13.0,SykesPropertyID,SykesPark:0,SykesParkID,122986,1,175739,1,2,2,2,Saturday,54.1251092,-2.4179737,,Yorkshire Dales,Croft Cottage,Current,Semi detached,4,Ticks 1 to 5,4,4,0,0,470500,372500,"Newby, North Yorkshire",Other settlement,North Yorkshire,England,Newby,Yorkshire Dales,23/08/2019,26/08/2019,,,Unknown,Unknown,Unknown,0,18,Super Income Maximisation,,No Option Assigned,1,1,1,0,1,0,0,0,0,0,0,0,0,0,0,1,0,1,1,1,0,1,0,0,0,1,0,0,0,1,0,0,0,0,0,0,0,0,1,0,0,1,0,0,0,0,1,0,0,1,criteria met,dog friendly,Secure garden for dogs.,Our wee dog loved the private garden.,Jasper our cocker spaniel loved the secure garden.,Garden very secure for our 2 dogs.
1151058,Best Pet Friendly Property,9,9.444444444,10,9.944444444,13,0.692307692,9.010403938,9.395131252,09:29.2,77,278032,14:46.0,SykesPropertyID,SykesPark:0,SykesParkID,268283,389,589419,1,2,1,1,Friday,53.1665457,-4.3347032,,HP - Wales Anglesey Coastal,Tal Sarn Shepherd Hut,Current,Hut/Pod/Yurt,2,Ticks 1 to 5,2,2,1,0,366500,244500,"Dwyran, Isle of Anglesey",Other settlement,Isle of Anglesey,Wales,Dwyran,North Wales,05/03/2024,29/03/2024,,,Unknown,Unknown,Unknown,0,18,Super Income Maximisation,,No,0,0,1,0,1,0,0,1,1,0,0,0,0,0,0,0,1,1,1,0,0,1,0,0,0,1,0,0,0,1,0,0,1,0,0,0,1,1,1,0,0,0,1,1,0,0,0,0,0,1,criteria met,our dog had a secure plot to run around and entertain herself,my dogs were completely safe in the paddock it was dog safe,Big area for our dogs to roam.,5 nights with my spaniel and it was the ideal comfortable set up. Such a well equipped shepherds hut with an enclosed paddock for puppy.,"perfect for a firework stressed dog, nice enclosed area for dog"
1119326,Best Pet Friendly Property,6,9.833333333,10,9.75,17,0.352941177,9.074854676,9.394912806,09:29.2,78,209634,26:39.0,SykesPropertyID,SykesPark:0,SykesParkID,237511,1,297666,1,2,2,2,Saturday,55.5565,-1.638501,,HP Northumberland,Donni Hall Cottage,Current,Cottage,5,Ticks 1 to 5,4,5,1,0,629500,423500,"Beadnell, Northumberland",Other settlement,Northumberland,England,Beadnell,Northumberland,16/11/2022,26/11/2022,,,Unknown,Unknown,Unknown,0,15,Super Income Maximisation,,No,1,1,1,0,1,0,0,0,1,0,0,0,0,0,0,1,1,1,0,0,0,0,1,0,0,1,0,0,0,1,0,0,1,0,0,0,0,1,1,0,1,1,0,1,0,1,1,0,0,1,criteria met,We stayed at Donni Hall cottage with our dog for a week,"Totally dog friendly and secure, this is a big plus for us and even our dog seemed delighted to be back!",Ideal if you have a family dog with you.,Enclosed garden was great for dog.,A fantastic cosy dog friendly cottage
1057269,Best Pet Friendly Property,9,9.555555556,10,9.777777778,14,0.642857143,9.063035517,9.393376866,09:29.2,79,132798,07:58.0,SykesPropertyID,SykesPark:0,SykesParkID,177483,1,293347,1,2,1,2,Friday,53.3108105,-0.771549,,Central England,Hillcrest,Current,House,3,Ticks 1 to 5,4,3,0,0,379500,481500,"Cottam, Nottinghamshire",Other settlement,Nottinghamshire,England,Cottam,Peak District,24/05/2021,31/05/2021,,,Unknown,Unknown,Unknown,0,18,Super Income Maximisation,,No,1,1,1,0,1,0,0,0,1,0,0,0,0,0,0,1,0,0,1,0,0,1,1,0,0,1,0,0,1,1,0,0,1,0,1,1,0,0,1,0,1,0,0,0,0,0,0,0,0,1,criteria met,we could let our dog outside without the worry of him getting onto the road,the garden was a really good size for our dog to run wild,the enclosed garden the dogs were free to run around at will,huge enclosed garden which was great for our dogs,Brilliant secure garden for our dog
1128676,Best Pet Friendly Property,9,9.555555556,10,9.777777778,17,0.529411765,9.063035517,9.393376866,09:29.2,80,,,,,,,,,,,,,,,,,,,,,,,,,,,,,,,,,,,,,,,,,,,,,,,,,,,,,,,,,,,,,,,,,,,,,,,,,,,,,,,,,,,,,,,,,,,,,,,,,no property data - manual review recommended,thoughtful touches for both human and canine visitors,the enclosed garden was fantastic for our two dogs,the dogs loved the private garden,our dog had the time of his life!,Would definitely recommend especially for dog owners.
948324,Best Pet Friendly Property,19,9.368421053,10,9.631578947,28,0.678571429,9.110264649,9.392474579,09:29.2,81,90704,34:21.0,SykesPropertyID,SykesPark:0,SykesParkID,46463,1,129855,1,2,1,1,Friday,52.7749305,0.5252966,,Norfolk,Hayfields,Current,Log Cabin,3,Ticks 1 to 5,2,3,0,0,322500,570500,"Roydon, Norfolk",Other settlement,Norfolk,England,Roydon,East Anglia,27/07/2017,11/08/2017,,,Unknown,Unknown,Unknown,0,20,Super Income Maximisation,,No Option Assigned,1,0,1,0,1,0,0,0,1,0,0,0,0,0,0,0,0,0,0,0,0,0,1,1,0,1,0,0,0,0,0,0,1,0,0,0,0,1,1,0,1,0,0,0,1,0,0,0,0,1,criteria met,we were welcomed with wine eggs and biscuits for our dog,the surrounding areas were great to take our 2 dogs to including dog friendly beaches,our dogs loved the enclosed garden to exercise in,The property is super dog-friendly with a completely enclosed garden and dogs treats on arrival.,Perfect for us and our 2 Springies.
1125007,Best Pet Friendly Property,12,9.333333333,10,9.916666667,23,0.52173913,9.008985219,9.388724465,09:29.2,82,218657,13:35.0,SykesPropertyID,SykesPark:0,SykesParkID,243771,389,513402,1,2,1,2,Friday,53.346184,-4.2466975,,HP - Wales Anglesey Coastal,Bryn Tirion,Current,Cottage,4,Ticks 1 to 5,4,4,1,0,384500,250500,"Marian-glas, Isle of Anglesey",Other settlement,Isle of Anglesey,Wales,Marian-glas,North Wales,09/01/2025,01/03/2025,,,Unknown,Unknown,Unknown,0,20,Partial Income Maximisation,,No,1,1,1,0,1,0,0,0,0,1,0,0,0,0,0,1,1,1,1,0,0,1,0,0,0,1,0,0,0,1,0,0,1,0,0,1,0,1,1,0,0,1,0,1,0,0,0,0,0,1,criteria met,with a welcome pack and treats for the dog on arrival,the welcome pack and little gift for the dog was a lovely touch that was much appreciated,We had two dogs with us and they both had a fabulous time.,The dogs loved it.,"Dawn, Nick and Lola the dog."
1005401,Best Pet Friendly Property,11,9.363636364,10,9.909090909,23,0.47826087,9.009413087,9.387466034,09:29.2,83,120251,58:09.0,SykesPropertyID,SykesPark:0,SykesParkID,125642,1,190551,1,2,1,1,Friday,53.088037,-1.4290714,,Peak District & Derbyshire,Woodland Lodge,Current,Barn conversion,5,Ticks 1 to 5,2,5,0,0,354500,438500,"Oakerthorpe, Derbyshire",Other settlement,Derbyshire,England,Oakerthorpe,Peak District,19/07/2019,19/10/2019,,,Unknown,Unknown,Unknown,0,18,Super Income Maximisation,,No,1,0,1,0,1,1,0,0,1,1,0,0,0,0,0,1,0,1,0,0,1,0,0,0,0,1,0,0,1,1,0,0,1,0,0,1,1,1,1,0,1,1,0,1,0,0,0,0,1,1,criteria met,you’re able to use the Hot tub whilst dogs play in the garden,superb for my 2 x dogs,Our dog Toby loved the enclosed garden to wonder around in,It was the best place we have stayed with our dogs.,the enclosed garden was perfect for the pooches
1116260,Best Pet Friendly Property,9,9.444444444,10,9.888888889,17,0.529411765,9.010403938,9.384020141,09:29.2,84,207273,03:52.0,SykesPropertyID,SykesPark:0,SykesParkID,235330,1,415688,1,2,1,1,Saturday,50.1231992,-5.3721904,,HP Cornwall Coast,Tregonning Lodge,Current,Cottage,4,Ticks 1 to 5,2,4,1,0,30500,159500,"Balwest, Cornwall",Other settlement,Cornwall,England,Balwest,Cornwall,05/01/2023,04/02/2023,,,Unknown,Unknown,Unknown,0,15,Super Income Maximisation,,No,1,1,1,0,1,0,0,0,1,0,0,0,0,0,0,1,1,1,1,0,0,0,0,0,0,1,0,1,0,0,0,0,1,0,0,1,1,1,1,0,1,0,0,1,0,0,0,0,0,1,criteria met,perfect for us and our dog Flump,"everything we needed for a fortnight's holiday with our two hounds, totally secure garden was a real bonus",dog biscuits/ towels were a lovely touch,Completely safe for our pup.,delicious home made cream tea and dog biscuits
1045366,Best Pet Friendly Property,12,9.416666667,10,9.75,17,0.705882353,9.054439765,9.382663859,09:29.2,85,130629,57:08.0,SykesPropertyID,SykesPark:0,SykesParkID,165610,1,97829,1,3,2,3,Saturday,54.5279473,-1.8008513,,The North East,Hall Cottage,Current,House,5,Ticks 1 to 5,6,5,0,0,514500,413500,"Ovington, Durham",Other settlement,Durham,England,Ovington,Yorkshire Dales,09/06/2020,04/07/2020,,,Unknown,Unknown,Unknown,0,20,Partial Plus Income Maximisation,,No,1,1,1,0,1,0,0,0,1,1,0,0,0,0,0,1,0,1,0,0,0,0,1,0,0,1,0,0,1,1,0,0,0,0,0,0,0,0,1,0,0,1,0,0,0,0,0,0,0,1,criteria met,very dog friendly with an excellent secure garden,"this is by far the most welcoming to dogs, they were allowed on the furniture and due to this they provided the throws to protect the furniture",the garden is enclosed and a nice size especially for 2 greyhound’s plenty of space inside and outside for them both,large secure garden which was great for our three dogs,great secure garden for the fur babies
1142802,Best Pet Friendly Property,13,9.307692308,10,9.884615385,23,0.565217391,9.008594557,9.382079811,09:29.2,86,265546,57:54.0,SykesPropertyID,SykesPark:0,SykesParkID,261115,1,566400,1,2,1,1,Saturday,53.2627283,-3.2112634,,North Wales,Applejacks Orchard,Current,Hut/Pod/Yurt,4,Ticks 1 to 5,2,4,0,0,374500,319500,"Milwr, Flintshire",Other settlement,Flintshire,Wales,Milwr,North Wales,04/04/2024,08/04/2024,,,Unknown,Unknown,Unknown,0,15,Super Income Maximisation,,No,1,0,1,0,1,1,0,0,1,0,0,1,0,0,0,0,0,0,1,0,0,1,1,1,0,1,0,0,0,1,0,0,1,0,0,0,1,1,1,0,0,0,0,1,0,0,1,0,0,1,criteria met,we took both of our doggies and they absolutely loved it the garden area is huge they loved running around and the best thing is that they can't get out all fenced off,made us and the dog really welcome,"We have a German Shepherd who needs a big garden to play in and sniff around, having an enclosed space gave him exactly that",The perfect safe and relaxing space for us and our dogs!,we were looking for somewhere with an enclosed garden for the dog
1051977,Best Pet Friendly Property,8,9.5,10,9.875,10,0.8,9.010981934,9.381589161,09:29.2,87,143662,47:37.0,SykesPropertyID,SykesPark:0,SykesParkID,172318,1,275430,1,2,1,3,Saturday,51.0211861,-2.8719212,,Somerset,Melita,Current,House,4,Ticks 1 to 5,6,4,0,0,125500,338500,"Heale, Somerset",Other settlement,Somerset,England,Heale,Somerset,06/04/2021,01/05/2021,,,Unknown,Unknown,Unknown,0,18,Super Income Maximisation,,No,1,1,1,0,1,0,0,0,1,0,0,0,0,0,0,1,0,1,1,0,0,1,1,1,0,1,0,0,0,1,0,0,1,0,0,1,1,0,1,0,0,1,0,0,0,0,0,0,0,1,criteria met,"the garden was perfect for our 2 dogs, and totally secure",good sized and dog secure garden,"for dog owners the spacious garden is properly secure, and if you have an escapologist terrier, as I do, it's a huge relief to be able to relax and know your little moron is safely enclosed","completely dog friendly, even for a little Jack","Big garden and fully enclosed, ideal for dogs, we had two labradors."
1124401,Best Pet Friendly Property,8,9.5,10,9.875,14,0.571428571,9.010981934,9.381589161,09:29.2,88,217398,59:06.0,SykesPropertyID,SykesPark:0,SykesParkID,242665,1,512245,1,2,1,2,Saturday,55.5553201,-1.6325727,,HP Northumberland,22 Longstone Park,Current,House semi-detached,3,Ticks 1 to 5,4,3,1,0,629500,423500,"Beadnell, Northumberland",Other settlement,Northumberland,England,Beadnell,Northumberland,23/02/2024,23/02/2024,,,Unknown,Unknown,Unknown,0,22,Super Income Maximisation,,No,1,0,1,0,1,0,0,0,1,0,0,0,0,0,0,1,1,0,0,0,0,0,1,1,0,0,0,0,0,1,0,0,1,0,0,0,0,1,1,0,0,0,0,1,0,0,0,0,0,1,criteria met,our 2 fogs,having an enclosed garden was very good with having a dog too,The outdoor space was exactly what we needed for our two dogs to play in,A lovely dog friendly house.,the dogs loved it
1172226,Best Pet Friendly Property,8,9.5,10,9.875,20,0.4,9.010981934,9.381589161,09:29.2,89,304207,23:54.0,SykesPropertyID,SykesPark:0,SykesParkID,288808,1,636158,1,2,1,2,Saturday,52.5282725,-2.7259907,,Shropshire & Telford,Blockley Lodge,Current,Annex,4,Ticks 1 to 5,4,4,0,0,292500,350500,"Wall Bank, Shropshire",Other settlement,Shropshire,England,Wall Bank,Heart of England,20/03/2025,21/03/2025,,,Unknown,Unknown,Unknown,0,15,Super Income Maximisation,,No,1,1,1,0,1,0,0,0,1,0,0,0,0,0,0,1,0,0,1,0,0,1,0,0,0,1,0,0,1,1,0,0,1,0,1,1,1,1,1,0,0,0,0,1,0,0,0,0,0,1,criteria met,very dog friendly,this is the only one that has provided food and water bowls for our dog!!,beautiful safe enclosed garden (ideal for keeping our dog safe),Small but secure rear garden for our dog Millie!,Our dog was secure and able to a wander around the outside of the property; which was an added bonus.
1065820,Best Pet Friendly Property,8,9.5,10,9.875,19,0.421052632,9.010981934,9.381589161,09:29.2,90,141835,13:48.0,SykesPropertyID,SykesPark:0,SykesParkID,185841,402,255871,1,6,4,3,Friday,54.3584339,-2.9178042,,HP Lake District,Fellside Lodge,Current,House detached,4,Ticks 1 to 5,6,4,1,0,496500,340500,"Bowness-On-Windermere, Cumbria",Town,Cumbria,England,Bowness-On-Windermere,Cumbria & The Lake District,25/08/2021,03/09/2021,,,Unknown,Unknown,Unknown,0,17,Super Income Maximisation,,Yes,1,1,1,0,1,1,0,0,1,1,0,0,0,0,0,1,0,0,0,0,1,1,0,0,0,1,1,0,0,1,0,0,1,0,0,1,0,1,1,0,1,1,0,1,0,0,0,0,0,1,criteria met,"thoughtfully equipped with...lots of dog towels, throws, bowls, treats and walking guides. Lots of places to dry coats, boots and dogs. Loved the dog wash in the basement.",the dog theme was so cute!,made use of the doggy bath for my Jack Russell. Secure in the back garden which is important as a dog owner,and 4 dogs.,"we just loved that there was a lovely doggy theme running through the cottage! The doggies were spoilt too with lovely blankets & towels just for them, and the dog wash station - super helpful to have a supply of towels if you forget something or have a wet week!"
1091575,Best Pet Friendly Property,9,9.666666667,10,9.555555556,18,0.5,9.115667096,9.380511369,09:29.2,91,174044,43:30.0,SykesPropertyID,SykesPark:0,SykesParkID,210773,1,243844,1,4,1,3,Friday,53.5435578,-1.5642632,,Peak District & Derbyshire,The Cottage,Current,Cottage,4,Ticks 1 to 5,4,4,0,0,405500,428500,"Silkstone, Barnsley",Other settlement,Barnsley,England,Silkstone,Peak District,05/04/2022,05/04/2022,,,Unknown,Unknown,Unknown,0,20,Super Income Maximisation,,No,1,1,1,0,1,0,0,0,1,1,0,0,0,0,0,0,0,1,1,0,0,1,1,1,0,1,0,1,0,1,0,0,1,0,0,0,0,1,1,0,1,0,0,1,0,0,0,0,0,1,criteria met,"we were extremely impressed by the care taken to think about doggy guests from beds, bowls, towels, 2 toy boxes which our 2 dogs loved. A big tin of dog treats and even providing pooh bags.",top priority is a safe enclosed garden for our dogs,"the property is very dog friendly, with toys, treats and towels","the perfect for dogs, they loved it.",my dog loved the treats provided
1035156,Best Pet Friendly Property,7,9.571428571,10,9.857142857,12,0.583333333,9.011627931,9.37840533,09:29.2,92,131450,52:19.0,SykesPropertyID,SykesPark:0,SykesParkID,155747,1,243419,1,2,1,1,Saturday,53.2688649,-4.2755486,,Anglesey,3 Mountain View,Current,Cottage,5,Ticks 1 to 5,2,5,0,0,377500,249500,"Talwrn, Isle of Anglesey",Other settlement,Isle of Anglesey,Wales,Talwrn,North Wales,26/01/2023,26/01/2023,,,Unknown,Unknown,Unknown,0,15,Super Income Maximisation,18/10/2022,No,1,0,1,0,1,0,0,0,1,1,0,0,0,0,0,1,1,1,1,0,0,1,0,0,0,1,0,0,0,1,0,0,0,0,0,0,1,0,1,0,1,0,0,1,0,0,1,0,0,1,criteria met,"the property offered plenty of space, which was perfect for our dog to run around freely",The dogs were happy as well!,Perfect for travelling with a dog.,It’s so lovely to find a such a wonderful place that lets the fur babies stay & join in,the garden is totally secure but Bo especially loved the use of the field to play ball after a day exploring the island.
1122497,Best Pet Friendly Property,10,9.5,10,9.7,14,0.714285714,9.059883741,9.375930245,09:29.2,93,213341,11:00.0,SykesPropertyID,SykesPark:0,SykesParkID,240834,1,497033,1,2,1,2,Friday,53.2813993,0.2253821,,Lincolnshire,Tawny Cottage,Current,Cottage,4,Ticks 1 to 5,4,4,0,0,378500,548500,"Markby, Lincolnshire",Other settlement,Lincolnshire,England,Markby,East Anglia,13/01/2023,13/01/2023,,,Unknown,Unknown,Unknown,0,15,Full Income Maximisation,,No,1,0,1,0,1,0,0,0,1,0,0,0,0,0,0,1,1,1,0,1,0,0,0,0,0,1,0,1,0,1,0,0,1,0,0,0,1,1,1,0,1,1,0,1,0,0,0,0,0,1,criteria met,very Dog(s) friendly with a brilliant enclosed garden,pet friendly,my dogs loved,"comfort and safety for our two dogs. Lovely large garden, they played in secure and safety.",The garden was ideal for our two lively working cocker spaniels.
1138292,Best Pet Friendly Property,10,9.3,10,10,28,0.357142857,8.959883741,9.375930245,09:29.2,94,234856,01:38.0,SykesPropertyID,SykesPark:0,SykesParkID,256631,1,551561,1,2,2,2,Friday,52.7977912,-3.2842043,,North Wales,Mynydd Y Glyn Lodge,Current,Lodge,4,Ticks 1 to 5,4,4,0,0,322500,313500,"Rhos-y-brithdir, Powys",Other settlement,Powys,Wales,Rhos-y-brithdir,Mid Wales,09/10/2023,24/10/2023,,,Unknown,Unknown,Unknown,0,16,Full Income Maximisation,,No,1,1,1,0,1,1,0,0,1,0,0,0,0,0,0,1,0,1,1,0,0,1,0,0,0,1,0,0,0,1,0,0,1,0,0,1,1,1,1,0,0,1,0,1,1,0,0,0,0,1,criteria met,"we were looking for a secure place we could take our dog, who can't be let off the lead",the grounds is also enclosed so we didn’t have to worry about our dogs getting out,consideration given to the needs of our dog who loved the outside space,We had a fantastic short break here with our border collie.,"they have a dog bed, blankets and every accessory you could imagine for your four legged friend."
1137320,Best Pet Friendly Property,9,9.333333333,10,10,22,0.409090909,8.957772359,9.374663415,09:29.2,95,233886,25:21.0,SykesPropertyID,SykesPark:0,SykesParkID,255733,1,549207,1,2,2,3,Friday,54.2395271,-0.368077,,HP North York Coast,The Dollhouse,Current,House,4,Ticks 1 to 5,6,4,1,0,483500,505500,"Cayton, North Yorkshire",Other settlement,North Yorkshire,England,Cayton,North York Moors & Coast,14/11/2024,24/01/2025,,,Unknown,Unknown,Unknown,0,16,Full Income Maximisation,,No,1,1,1,0,1,0,0,0,1,1,0,0,0,0,0,1,1,0,1,0,0,1,1,1,0,1,0,0,0,0,0,0,1,0,0,0,0,1,1,0,0,1,0,1,0,0,0,0,0,1,criteria met,outside space amazing for dogs,"Plenty of space for five of us and the dog. The property had every thing we needed, welcome pack was a nice touch including treats for the dog. Dog friendly garden.",5 minute walk to the dog friendly pub,which is perfect for dogs.,the outside space was great for our two dogs
1169473,Best Pet Friendly Property,6,9.666666667,10,9.833333333,17,0.352941177,9.012354676,9.374079472,09:29.2,96,300734,33:06.0,SykesPropertyID,SykesPark:0,SykesParkID,286156,1,292810,1,2,1,3,Saturday,50.7372204,-0.7726541,,HP South Coast,Seafarer's Rest,Current,House,4,Ticks 1 to 5,6,4,1,0,94500,487500,"East Beach, West Sussex",Other settlement,West Sussex,England,East Beach,South Coast,10/02/2025,10/02/2025,,,Unknown,Unknown,Unknown,0,18,Super Income Maximisation,,No,1,1,1,0,1,0,0,0,1,0,0,0,0,0,0,1,1,0,1,0,0,1,0,0,0,1,0,0,0,1,0,0,1,0,0,0,1,1,1,0,0,1,0,1,0,0,0,0,0,1,criteria met,which our dog loved.,the garden was fully enclosed which was good for the dog,fully enclosed garden for the furry members of the family,The garden was secure for our two dogs,"The dog treats, bowls and towel were a lovely touch. We were also pleased that the garden really was enclosed ( so often not the case) so our dog could go out there safely."
1082661,Best Pet Friendly Property,6,9.666666667,10,9.833333333,10,0.6,9.012354676,9.374079472,09:29.2,97,163274,00:10.0,SykesPropertyID,SykesPark:0,SykesParkID,202316,1,368336,1,2,1,1,Saturday,51.1860138,-3.9918664,,HP Devon North Coast,Beech Cottage,Current,Cottage,4,Ticks 1 to 5,2,4,1,0,143500,260500,"Bugford, Devon",Other settlement,Devon,England,Bugford,Devon,16/11/2021,16/11/2021,,,Unknown,Unknown,Unknown,0,15,Partial Plus Income Maximisation,,No,1,1,0,0,1,0,0,0,1,1,0,0,0,0,0,1,1,1,1,1,0,1,0,0,0,1,0,0,0,1,0,0,1,0,1,1,1,1,1,0,1,0,0,1,0,0,1,0,0,1,criteria met,the garden was huge which our doggies and ourselves enjoyed,perfect for taking your dog,Our dog enjoyed the enclosed garden,Lovely big private secure garden for the dogs. Thank you for the dog treats and balls for the dogs. They loved them.,especially when you've got a big german shepherd who enjoyed the space
1091116,Best Pet Friendly Property,6,9.666666667,10,9.833333333,19,0.315789474,9.012354676,9.374079472,09:29.2,98,173899,58:09.0,SykesPropertyID,SykesPark:0,SykesParkID,210547,1,395583,1,2,1,1,Friday,54.2080929,-3.096007,,Cumbria West of M6,Bank Hurst Coach House,Current,Annex,5,Ticks 1 to 5,2,5,0,0,478500,328500,"Ulverston, Cumbria",Town,Cumbria,England,Ulverston,Cumbria & The Lake District,06/07/2022,11/07/2022,,,Unknown,Unknown,Unknown,0,18,Super Income Maximisation,,Yes,1,1,0,0,1,0,0,0,1,1,0,0,0,0,0,1,0,1,1,0,0,1,0,0,0,1,0,1,0,1,0,0,1,0,1,1,0,1,1,0,1,0,0,1,0,1,1,0,0,1,criteria met,"with every facility we needed for ourselves and our Labrador retriever, Mabel.",they have thought of everything even down to providing a dog bed,including spare dog bowls and a dog bed!,Even our fur babies love it!,we had an issue with our dog when we visited this property
951450,Best Pet Friendly Property,6,9.666666667,10,9.833333333,17,0.352941177,9.012354676,9.374079472,09:29.2,99,,,,,,,,,,,,,,,,,,,,,,,,,,,,,,,,,,,,,,,,,,,,,,,,,,,,,,,,,,,,,,,,,,,,,,,,,,,,,,,,,,,,,,,,,,,,,,,,,no property data - manual review recommended,We've just spent a week at Sheepwash Cottage with our dog and have had an absolute ball!,Pet friendly.,Our two Border Collies were completely at home.,Great space for both of us and our three chihuahuas Who are beginning to think it's their second home!,great dog walk right outside the front door
1163125,Best Pet Friendly Property,6,9.666666667,10,9.833333333,9,0.666666667,9.012354676,9.374079472,09:29.2,100,292966,18:43.0,SykesPropertyID,SykesPark:0,SykesParkID,280011,343,628593,1,1,1,2,Saturday,50.2154754,-3.711224,,HP Devon South Coast,Vine Cottage,Current,Cottage,4,Ticks 1 to 5,4,4,1,0,36500,278500,"East Prawle, Devon",Other settlement,Devon,England,East Prawle,Devon,08/10/2024,21/11/2024,,,Unknown,Unknown,Unknown,0,18,Super Income Maximisation,,No,1,1,1,0,1,0,0,0,1,0,0,0,0,0,0,1,1,0,0,0,0,1,1,1,0,0,0,0,0,1,0,0,1,0,0,1,0,1,1,0,0,1,0,1,0,0,0,0,0,,review evidence only - manual review recommended,the garden was great for the dog,the garden is enclosed and safe for our little Jack Russell,a perfect Christmas getaway for me and my dog!,Great enclosed garden for the dog.,Our dog loved the garden which was safe and well kept.
1151844,Best for Beaches,4,10,10,10,19,0.210526316,9.01411963,9.408471778,09:29.2,1,279080,52:22.0,SykesPropertyID,SykesPark:0,SykesParkID,269084,1,591995,1,3,1,2,Saturday,54.0967539,-0.1965045,,HP East Yorkshire Coast,Corner Cottage,Current,Cottage,4,Ticks 1 to 5,4,4,1,0,467500,518500,"Bridlington, East Riding of Yorkshire",Town,East Riding of Yorkshire,England,Bridlington,North York Moors & Coast,24/05/2024,03/06/2024,,,Unknown,Unknown,Unknown,0,17,Super Income Maximisation,,No,1,0,1,0,1,1,0,0,1,1,0,0,0,0,0,1,1,0,1,0,0,0,0,1,0,1,0,1,0,1,0,0,1,0,0,1,0,1,1,0,0,1,0,1,0,0,0,0,0,1,criteria met,not far from beach,close to the beach which is great for our 3 dogs,"A short drive to Filey, Scarborough, Reighton or Fraisthorpe for gorgeous beach walks",-Excellent location 15m walk to beach,
1076723,Best for Beaches,4,10,10,10,20,0.2,9.01411963,9.408471778,09:29.2,2,155412,51:09.0,SykesPropertyID,SykesPark:0,SykesParkID,196297,389,349198,0,0,1,2,Saturday,52.8798061,-4.4259695,,HP - Wales North West Coast,Gwel Y Mor,Current,Apartment,3,Ticks 1 to 5,5,3,1,0,334500,236500,"West End/Marian-y-mor, Gwynedd",Other settlement,Gwynedd,Wales,West End/Marian-y-mor,North Wales,24/06/2021,03/07/2021,,,Unknown,Unknown,Unknown,0,18,Super Income Maximisation,09/09/2022,No,1,1,0,0,0,0,0,0,1,0,0,0,0,0,0,0,1,0,1,0,0,0,0,0,0,0,0,1,0,1,0,1,1,0,0,0,0,1,1,0,0,1,0,1,0,0,0,0,0,1,criteria met,perfectly positioned for access to the beach,absolute breathtaking view straight across from the beach,Lovely beach on the doorstep with a gorgeous backdrop of the Snowdonia mountains.,Directly overlooking the beach,
1063819,Best for Beaches,11,9.363636364,10,9.909090909,21,0.523809524,9.009413087,9.387466034,09:29.2,3,139342,12:22.0,SykesPropertyID,SykesPark:0,SykesParkID,183863,1,149248,1,1,2,2,Friday,54.0762768,-0.2013794,,HP East Yorkshire Coast,Sea Mews,Current,End terrace,4,Ticks 1 to 5,4,4,1,0,465500,517500,"Hilderthorpe, East Riding of Yorkshire",Other settlement,East Riding of Yorkshire,England,Hilderthorpe,North York Moors & Coast,20/04/2021,03/05/2021,,,Unknown,Unknown,Unknown,0,15,Partial Plus Income Maximisation,,No,1,1,1,0,1,0,0,0,1,0,0,0,0,0,0,1,1,0,1,0,0,0,0,0,0,1,0,1,0,1,0,0,1,0,0,1,0,1,1,0,0,1,0,0,0,0,0,0,0,1,criteria met,very close to the sea front and beach,not far from the beach,dog friendly beach very close by,Close to the beach,50 m from the beach
1140693,Best for Beaches,9,9.444444444,10,9.888888889,16,0.5625,9.010403938,9.384020141,09:29.2,4,237803,02:19.0,SykesPropertyID,SykesPark:0,SykesParkID,259030,1,559600,1,2,2,3,Friday,55.5555737,-1.6299861,,HP Northumberland,Brucap Cottage,Current,House terraced,4,Ticks 1 to 5,4,4,1,0,629500,423500,"Beadnell, Northumberland",Other settlement,Northumberland,England,Beadnell,Northumberland,24/08/2023,20/10/2023,,,Unknown,Unknown,Unknown,0,20,Fixed Prices,,No,1,1,1,0,1,0,0,0,1,0,0,0,0,0,0,1,1,1,0,0,0,1,1,0,0,1,0,0,0,1,0,0,1,0,1,1,0,1,1,0,0,1,0,1,0,0,0,0,0,1,criteria met,who love the beach,we were very close to the beautiful Beadnell beach,it is an ideal place to stay for visiting the beach,ideally situated for a relaxing beach holiday - our third year visiting the area and we will be back next year. ... only a short walk to the fantastic Beadnell beach.,a short walk from the stunning Beadnell beach
955498,Best for Beaches,8,9.5,10,9.875,10,0.8,9.010981934,9.381589161,09:29.2,5,87671,53:51.0,SykesPropertyID,SykesPark:0,SykesParkID,127909,1,209586,1,2,1,3,Saturday,50.5379468,-4.9969876,,HP Cornwall Coast,7 Harlyn Cottages,Current,Cottage,4,Ticks 1 to 5,6,4,1,0,75500,187500,"Harlyn, Cornwall",Other settlement,Cornwall,England,Harlyn,Cornwall,17/05/2017,17/05/2017,,,Unknown,Unknown,Unknown,0,18,Partial Plus Income Maximisation,,No Option Assigned,1,0,1,0,1,0,0,0,1,0,0,0,0,0,0,1,1,0,1,0,0,0,1,1,0,0,0,0,0,1,0,0,1,0,0,0,0,0,1,0,0,1,0,0,0,0,1,0,0,1,criteria met,perfect location for the beach at Harlyn,Perfect location from Harlyn beach 200 yds and lots of surrounding beaches.,Aside from the amazing location and proximity to the beach,A five minute walk to the beach it was superb,the location is perfect for beach days just 159 steps to the beach
993630,Best for Beaches,6,9.666666667,10,9.833333333,16,0.375,9.012354676,9.374079472,09:29.2,6,,,,,,,,,,,,,,,,,,,,,,,,,,,,,,,,,,,,,,,,,,,,,,,,,,,,,,,,,,,,,,,,,,,,,,,,,,,,,,,,,,,,,,,,,,,,,,,,,no property data - manual review recommended,short walk to the beach,right by the beach,a five minute walk to the unspoilt beach,"Less than 10 min walk down to the beach, which is great for rock pooling, and dolphin spotting!",a beautiful beach and glorious sunsets
1008825,Best for Beaches,7,9.428571429,10,10,15,0.466666667,8.952804401,9.371682641,09:29.2,7,116400,15:40.0,SykesPropertyID,SykesPark:0,SykesParkID,130950,389,213495,1,2,3,3,Friday,53.2299837,-4.5211618,,HP - Wales Anglesey Coastal,Flip Flops,Current,Unknown,4,Ticks 1 to 5,6,4,1,0,373500,231500,"Rhosneigr, Isle of Anglesey",Other settlement,Isle of Anglesey,Wales,Rhosneigr,North Wales,09/06/2016,16/06/2016,,,Unknown,Unknown,Unknown,0,10,Super Income Maximisation,,No Option Assigned,1,1,1,1,1,0,0,0,1,0,0,0,0,0,0,1,1,0,1,0,0,0,1,1,0,1,0,0,0,1,0,0,1,0,0,0,1,1,1,0,0,1,0,0,0,0,0,0,0,1,criteria met,location very close to beach,close to the beach,The property is in an excellent position for the beach,fantastic position for the beach,The proximity to the beach and village was a real plus for us as mum is 82!
1092357,Best for Beaches,5,9.6,10,10,12,0.416666667,8.946511655,9.367906993,09:29.2,8,175832,53:41.0,SykesPropertyID,SykesPark:0,SykesParkID,211521,1,398924,1,2,1,1,Saturday,57.6776032,-2.9727596,,HP Lowlands North Coast,Seaspray Cottage,Current,Cottage,4,Ticks 1 to 5,2,4,1,0,865500,341500,"Buckie, Moray",Town,Moray,Scotland,Buckie,Highlands and Islands,14/12/2021,18/12/2021,,,Unknown,Unknown,Unknown,0,17,Super Income Maximisation,,No,1,0,1,0,1,0,0,0,0,0,0,0,0,0,0,1,1,0,1,0,0,1,1,1,0,1,0,0,0,1,0,0,1,0,0,0,1,1,1,0,0,0,0,1,0,0,0,0,0,1,criteria met,an amazing beach at the bottom of the lane,Sitting out on the bench buy the sea in the evening watching the beautiful sunset,Lovely cottage right by the sea,you are next to the sea,The proximity to the shore and other towns (Cullen) was great.
1161391,Best for Beaches,4,9.75,10,10,12,0.333333333,8.942691059,9.365614635,09:29.2,9,290892,18:09.0,SykesPropertyID,SykesPark:0,SykesParkID,278337,438,505686,1,2,1,1,Saturday,55.3864054,-1.6120969,,HP Northumberland,Claremount,Current,Apartment,3,Ticks 1 to 5,2,3,1,0,610500,424500,"Alnmouth, Northumberland",Other settlement,Northumberland,England,Alnmouth,Northumberland,16/08/2024,19/10/2024,,,Unknown,Unknown,Unknown,0,18,Super Income Maximisation,,Part - Cleaning Only,1,0,0,0,1,0,0,0,0,0,0,0,0,0,0,0,1,0,0,0,0,0,1,1,0,1,0,0,0,1,0,0,1,0,0,0,0,1,1,0,0,0,0,1,0,0,1,0,0,1,criteria met,very close to the beach area,literally right on the sea front giving instant access to long beach walks,"The property is very close to the beach and town centre, so it was a perfect location for us.",an amazing view of the sea and beach,
1010700,Best for Beaches,4,9.75,10,10,7,0.571428571,8.942691059,9.365614635,09:29.2,10,116262,58:09.0,SykesPropertyID,SykesPark:0,SykesParkID,132697,1,215688,0,0,1,1,Saturday,51.1731901,-4.2088449,,HP Devon North Coast,Seashore,Current,Apartment,4,Ticks 1 to 5,2,4,1,0,143500,245500,"Woolacombe, Devon",Other settlement,Devon,England,Woolacombe,Devon,07/06/2019,08/06/2019,,,Unknown,Unknown,Unknown,0,20,Super Income Maximisation,,Yes,1,1,0,0,1,0,0,0,0,0,0,0,0,0,0,1,1,1,1,0,1,0,1,1,0,1,0,0,0,1,0,1,1,0,1,1,0,1,1,0,1,0,0,0,0,0,1,0,0,1,criteria met,seashore was really clean and beautiful,perfectly placed in Woolacombe for the beach,"Lovely position in woolacombe, right opposite the beach.",It's short walk to three different beaches and a few minutes to the shops.,
1121869,Best for Beaches,3,10,10,10,14,0.214285714,8.938282678,9.362969607,09:29.2,11,217579,47:59.0,SykesPropertyID,SykesPark:0,SykesParkID,243065,438,505555,1,2,3,4,Friday,55.60345052,-1.699879974,,HP Northumberland,Armstrong Cottages No22,Current,Cottage,4,Ticks 1 to 5,8,4,1,0,634500,417500,"Bamburgh, Northumberland",Other settlement,Northumberland,England,Bamburgh,Northumberland,04/04/2017,04/04/2017,,,Unknown,Unknown,Unknown,0,15,Super Income Maximisation,,Yes,1,1,0,0,1,0,0,0,1,0,0,0,0,0,0,1,1,0,0,0,0,0,0,0,0,0,0,0,0,1,0,0,1,0,0,1,0,1,1,0,1,1,0,0,0,0,0,0,0,1,criteria met,"very close to Bamburgh village, the castle and the beautiful beach",short walk across the dunes to the beach,close to beach,,
1046068,Best for Beaches,3,10,10,10,14,0.214285714,8.938282678,9.362969607,09:29.2,12,129888,34:00.0,SykesPropertyID,SykesPark:0,SykesParkID,166590,1,261629,1,2,1,2,Friday,53.1581254,-4.3521104,,HP - Wales Anglesey Coastal,Bron Gadair,Current,House semi-detached,4,Ticks 1 to 5,4,4,1,0,364500,242500,"Pen-l�n, Isle of Anglesey",Other settlement,Isle of Anglesey,Wales,Pen-l�n,North Wales,02/10/2020,03/10/2020,,,Unknown,Unknown,Unknown,0,22,Super Income Maximisation,,No,1,1,1,0,1,0,0,0,1,1,0,0,0,0,0,1,1,1,0,0,0,1,0,0,0,1,1,0,1,1,0,0,1,0,0,1,0,1,1,0,1,1,0,1,0,0,0,0,0,1,criteria met,we've walked theough the forest to the most breathtakingly beautiful beach,ideally located for Newborough Forest and Beach,close to the beach,,
1169473,Best for Beaches,11,9.363636364,10,9.727272727,17,0.647058824,9.009413087,9.351102397,09:29.2,13,300734,33:06.0,SykesPropertyID,SykesPark:0,SykesParkID,286156,1,292810,1,2,1,3,Saturday,50.7372204,-0.7726541,,HP South Coast,Seafarer's Rest,Current,House,4,Ticks 1 to 5,6,4,1,0,94500,487500,"East Beach, West Sussex",Other settlement,West Sussex,England,East Beach,South Coast,10/02/2025,10/02/2025,,,Unknown,Unknown,Unknown,0,18,Super Income Maximisation,,No,1,1,1,0,1,0,0,0,1,0,0,0,0,0,0,1,1,0,1,0,0,1,0,0,0,1,0,0,0,1,0,0,1,0,0,0,1,1,1,0,0,1,0,1,0,0,0,0,0,1,criteria met,short walk to the beach,just a short walk from the beach promenade,Very close to the excellent beach which our dog loved.,It is also very close to the beach!,Being so close to the beach was the icing on the cake!
977791,Best for Beaches,8,9.375,10,9.875,12,0.666666667,8.955426379,9.348255827,09:29.2,14,,,,,,,,,,,,,,,,,,,,,,,,,,,,,,,,,,,,,,,,,,,,,,,,,,,,,,,,,,,,,,,,,,,,,,,,,,,,,,,,,,,,,,,,,,,,,,,,,no property data - manual review recommended,"Five minutes to the lovely beach via the park, it’s a perfect location.",5 mins to a beautiful beach,2 mins walk to beach,the walk through the park to the beach just 5 minutes,the short walk to the beach was a real bonus
967712,Best for Beaches,8,9.375,10,9.875,17,0.470588235,8.955426379,9.348255827,09:29.2,15,96204,11:06.0,SykesPropertyID,SykesPark:0,SykesParkID,91451,1,161899,1,2,2,3,Saturday,52.9337302,-4.5513276,,HP - Wales North West Coast,Bwthyn Gwyn Bach,Current,Bungalow,4,Ticks 1 to 5,6,4,1,0,340500,228500,"Morfa Nefyn, Gwynedd",Other settlement,Gwynedd,Wales,Morfa Nefyn,North Wales,26/03/2018,14/04/2018,,,Unknown,Unknown,Unknown,0,16,Super Income Maximisation,,No,1,1,1,0,1,0,0,0,0,1,0,0,0,0,0,1,1,0,0,0,0,0,0,0,0,1,0,0,0,0,0,0,0,0,0,1,0,0,1,0,0,1,0,0,0,0,0,0,0,1,criteria met,property was lovely and convenient for beach,near to beach,Amazing beach.,the beaches where stunning the beach we fell in love with was Pwllheli Traeth Marian-y-de Beach easy accessible 15 minutes away from the cottage,just a short walk from the beach
1043953,Best for Beaches,7,9.428571429,10,9.857142857,13,0.538461539,8.952804401,9.343111212,09:29.2,16,134644,59:20.0,SykesPropertyID,SykesPark:0,SykesParkID,164517,389,258714,1,2,2,4,Friday,52.9188166,-4.2311363,,HP - Wales North West Coast,Galwad Y Mor,Current,House terraced,5,Ticks 1 to 5,8,5,1,0,338500,249500,"Pen-y-bryn, Gwynedd",Other settlement,Gwynedd,Wales,Pen-y-bryn,North Wales,26/03/2021,12/04/2021,,,Unknown,Unknown,Unknown,0,15,Super Income Maximisation,,No,1,1,1,0,1,0,0,0,0,0,0,0,0,0,0,1,1,0,0,0,0,1,1,1,0,1,0,1,0,1,0,0,1,0,0,1,0,1,1,0,0,1,0,0,0,0,0,0,0,1,criteria met,having the high street and beach front just on the door step,The location couldn’t be better with easy access to the beach,It is so close to the beach so makes beach walks every day just perfect.,the sea front is less than a minute’s walk,You can be on the beach in less than a minute
1128330,Best for Beaches,7,9.428571429,10,9.857142857,12,0.583333333,8.952804401,9.343111212,09:29.2,17,223503,05:36.0,SykesPropertyID,SykesPark:0,SykesParkID,246974,438,525026,1,2,2,3,Friday,55.5530207,-1.6331043,,HP Northumberland,The Beach House (Beadnell),Current,House detached,5,Ticks 1 to 5,7,5,1,0,629500,423500,"Beadnell, Northumberland",Other settlement,Northumberland,England,Beadnell,Northumberland,20/02/2023,20/02/2023,,,Unknown,Unknown,Unknown,0,22,Super Income Maximisation,,Yes,1,1,0,0,1,0,0,0,1,0,0,0,0,0,0,1,1,0,1,0,1,1,0,0,0,1,0,1,0,1,0,0,1,0,0,1,1,1,1,0,1,1,0,1,0,0,0,0,0,1,criteria met,Perfect for a relaxing break on the Northumbrian coast.,Fantastic location so close to the beach,Absolutely loved our stay at the Beach House,we love to spend much of our time walking on the beach,so close to the beautiful Beadnell bay
1050079,Best for Beaches,11,9.272727273,10,9.818181818,13,0.846153846,8.961794039,9.340712787,09:29.2,18,,,,,,,,,,,,,,,,,,,,,,,,,,,,,,,,,,,,,,,,,,,,,,,,,,,,,,,,,,,,,,,,,,,,,,,,,,,,,,,,,,,,,,,,,,,,,,,,,no property data - manual review recommended,so close to the sea,close to the beach,Perfect for a holiday close to a glorious sandy beach.,the property is ideally located for easy access to the beach,the each beach being so close
1141816,Best for Beaches,8,9.25,10,10,9,0.888888889,8.899870823,9.339922494,09:29.2,19,259287,51:57.0,SykesPropertyID,SykesPark:0,SykesParkID,260085,2,563219,1,2,1,2,Saturday,55.2871973,-7.1627083,,HP Donegal Coast,Shore Road,Current,Apartment,4,Ticks 1 to 5,4,4,1,0,,,"Culdaff, County Donegal",Other settlement,County Donegal,Ireland,Culdaff,Ireland,28/09/2023,05/10/2023,,,Unknown,Unknown,Unknown,0,20,Super Income Maximisation,,No,1,1,1,0,1,0,0,0,1,0,0,0,0,0,0,1,1,0,1,0,0,0,1,1,0,1,0,0,1,1,0,0,1,0,0,0,1,1,1,0,1,1,0,1,0,0,0,0,0,1,criteria met,within a few minutes walk of the beautiful long beach at Culdaf,so close to village and beach,within walking distance to the village and beautiful Culdaff beach,just a ten minute walk to the back strand of the beautiful long sandy Culdaff beach,"a wonderful location within walking distance to shop, pubs, restaurant and a stunning beach"
1179188,Best for Beaches,8,9.25,10,10,12,0.666666667,8.899870823,9.339922494,09:29.2,20,315861,33:27.0,SykesPropertyID,SykesPark:0,SykesParkID,295569,1,661746,1,2,1,1,Friday,54.0740043,-0.2027547,,HP East Yorkshire Coast,Sandy Shore,Current,House terraced,4,Ticks 1 to 5,2,4,1,0,465500,517500,"Hilderthorpe, East Riding of Yorkshire",Other settlement,East Riding of Yorkshire,England,Hilderthorpe,North York Moors & Coast,04/07/2025,04/07/2025,,,Unknown,Unknown,Unknown,0,16,Full Income Maximisation,,No Option Assigned,1,1,0,0,0,0,0,0,1,0,0,0,0,0,0,1,1,0,1,0,0,1,0,0,0,1,0,1,0,1,0,0,0,0,0,0,1,0,1,0,1,0,0,1,0,0,1,0,0,1,criteria met,so close to the beach and sea front,Good location with beach across the road,to be so close to the sea,literally straight over the road to the seafront which has a great promenade and dog friendly beach,it’s situated just a minutes stroll to the beach
1168033,Best for Beaches,6,9.5,10,9.833333333,13,0.461538462,8.949854676,9.336579472,09:29.2,21,298903,25:28.0,SykesPropertyID,SykesPark:0,SykesParkID,284749,1,640191,1,1,2,2,Saturday,52.8539333,1.4760386,,HP East Anglia,The Sea Lodge,Current,Lodge,4,Ticks 1 to 5,4,4,1,0,334500,634500,"Bacton Green, Norfolk",Other settlement,Norfolk,England,Bacton Green,East Anglia,06/01/2025,06/01/2025,,,Unknown,Unknown,Unknown,0,18,Super Income Maximisation,,No,1,0,1,0,1,0,0,0,1,0,0,0,0,0,0,1,1,0,1,0,0,1,0,1,0,1,0,0,0,1,0,0,1,0,0,0,1,1,1,0,0,1,0,1,1,0,0,0,0,1,criteria met,loved the sound of the waves and being so close to the beach,Such a lovely position next to the sea.,Literally a minute walk over to the beach.,the most amazing part is being able to see the sea and listen to the waves crashing and rolling on to the shore,the beach so close
1133027,Best for Beaches,6,9.5,10,9.833333333,14,0.428571429,8.949854676,9.336579472,09:29.2,22,228854,53:28.0,SykesPropertyID,SykesPark:0,SykesParkID,251523,1,536834,1,2,2,3,Friday,55.1858494,-1.5079028,,Northumberland,Fairwinds,Current,House detached,4,Ticks 1 to 5,6,4,0,0,587500,430500,"Newbiggin-by-the-Sea, Northumberland",Town,Northumberland,England,Newbiggin-by-the-Sea,Northumberland,19/10/2023,21/10/2023,,,Unknown,Unknown,Unknown,0,17,Super Income Maximisation,,No,1,1,1,0,1,0,0,0,0,0,0,0,0,0,0,1,1,0,1,0,0,1,1,1,0,1,0,0,0,1,0,0,1,0,1,1,0,1,1,0,1,1,0,1,0,0,0,0,0,1,criteria met,the garden is a good size and straight onto the beach,right next to the beach,Literally less than a 1 minute walk to the beach…!,right on the sea front,"overlooks the promenade, beach and sea"
1087578,Best for Beaches,7,9.285714286,10,10,13,0.538461539,8.893980872,9.336388523,09:29.2,23,169280,06:48.0,SykesPropertyID,SykesPark:0,SykesParkID,207040,1,384174,1,2,1,1,Friday,53.3267466,0.2704257,,Lincolnshire,Lockdown Lodge,Current,Self-contained Unit,3,Ticks 1 to 5,2,3,0,0,383500,551500,"Trusthorpe, Lincolnshire",Other settlement,Lincolnshire,England,Trusthorpe,East Anglia,10/03/2023,07/04/2023,,,Unknown,Unknown,Unknown,0,18,Super Income Maximisation,,No,1,0,1,0,1,0,0,0,1,0,0,0,0,0,0,0,1,0,1,0,0,1,0,0,0,1,0,0,0,1,0,0,1,0,0,0,1,1,1,0,0,0,0,1,0,0,1,0,0,1,criteria met,beaches are ten mins walk away,Little airer on the fence for drying towels after day at the beach.,Close to a lovely clean beach,very sort walk to beach & to places to eat & drink,beach a short walk
983582,Best for Beaches,11,9.363636364,10,9.636363636,20,0.55,9.009413087,9.332920579,09:29.2,24,126458,09:52.0,SykesPropertyID,SykesPark:0,SykesParkID,123314,1,181462,1,2,2,3,Friday,53.3030528,-4.6129099,,HP - Wales Anglesey Coastal,Pentowyn,Current,Cottage,5,Ticks 1 to 5,4,5,1,0,382500,225500,"M�rawelon, Isle of Anglesey",Other settlement,Isle of Anglesey,Wales,M�rawelon,North Wales,02/01/2020,03/01/2020,,,Unknown,Unknown,Unknown,0,18,Full Income Maximisation,,Yes,1,1,1,0,1,0,0,0,0,1,0,0,0,0,0,1,1,0,0,0,0,0,1,0,0,1,0,0,0,1,0,0,1,0,1,1,0,1,1,0,0,0,0,1,0,0,0,0,0,1,criteria met,the beach and coastal walks on your doorstep,Having a beach on your doorstep,Fantastic location for the beach ( facing you!),Excellent location right on the beach,Beautifully presented homely cottage right on the beach front.
1121914,Best for Beaches,6,9.333333333,10,10,21,0.285714286,8.887354676,9.332412806,09:29.2,25,217623,23:28.0,SykesPropertyID,SykesPark:0,SykesParkID,242937,438,505694,1,2,3,5,Friday,55.557803,-1.6309792,,HP Northumberland,Waters Edge Beadnell (Harbour Road),Current,House detached,5,Ticks 1 to 5,10,5,1,0,629500,423500,"Beadnell, Northumberland",Other settlement,Northumberland,England,Beadnell,Northumberland,29/05/2018,29/05/2018,,,Unknown,Unknown,Unknown,0,9,Super Income Maximisation,,No,1,1,1,0,1,0,0,0,1,1,0,0,0,0,0,1,1,0,0,0,0,0,1,0,0,0,0,0,0,1,0,0,1,0,1,1,0,1,1,0,0,1,0,0,0,0,0,0,1,1,criteria met,two minutes from a small bay where you can swim and potter around in rock pools,We enjoyed the beaches,the position is superb with a small beach opposite and great views. Half a mile to the main beach so with small children a beach trolley is a boon,its proximity to the beach,The location is ideally placed to visit the great variety of beaches & places of interest in Northumberland.
1123578,Best for Beaches,5,9.6,10,9.8,13,0.384615385,8.946511655,9.327906993,09:29.2,26,214604,13:34.0,SykesPropertyID,SykesPark:0,SykesParkID,241969,1,509958,1,6,1,1,Friday,50.404979,-5.1126494,,HP Cornwall Coast,Little Seacroft,Current,Apartment,4,Ticks 1 to 5,2,4,1,0,60500,179500,"Crantock, Cornwall",Other settlement,Cornwall,England,Crantock,Cornwall,30/11/2023,15/12/2023,,,Unknown,Unknown,Unknown,0,15,Super Income Maximisation,,No,1,1,0,1,1,0,0,0,1,0,0,0,0,0,0,1,1,1,1,0,0,1,1,1,0,1,0,0,1,1,0,0,1,0,0,1,1,1,1,0,0,0,0,1,0,0,1,0,0,1,criteria met,very close to the beach,short walk to the beach making morning and evening walks enjoyable and easy,Close to the beach,proximity to the beach,easy access to the beach
1171317,Best for Beaches,4,9.5,10,10,6,0.666666667,8.871262487,9.322757492,09:29.2,27,302872,27:18.0,SykesPropertyID,SykesPark:0,SykesParkID,287975,417,360269,0,0,2,2,Friday,50.1974816,-5.4644539,,HP Cornwall Coast,Sandwaves,Current,Apartment,5,Ticks 1 to 5,4,5,1,0,38500,152500,"Carbis Bay, Cornwall",Other settlement,Cornwall,England,Carbis Bay,Cornwall,31/03/2025,31/03/2025,,,Unknown,Unknown,Unknown,0,19,Super Income Maximisation,,Yes,1,1,1,0,1,0,0,0,1,0,0,0,0,0,0,0,1,0,1,0,0,1,1,0,0,1,0,1,0,1,0,1,1,0,0,0,1,1,1,0,0,0,0,1,0,0,0,0,0,1,criteria met,right next to the beach,access to the beach were the best we’ve experienced in our management years of visiting Carbis Bay,ideal location for beach,Absolutely beautiful apartment with stunning sea views over Carbis Bay.,
1128802,Best for Beaches,4,9.5,10,10,9,0.444444444,8.871262487,9.322757492,09:29.2,28,224007,26:39.0,SykesPropertyID,SykesPark:0,SykesParkID,247472,1,526391,1,2,1,2,Saturday,52.9356024,0.4848827,,HP East Anglia,Harvey's Holiday House,Current,House terraced,3,Ticks 1 to 5,4,3,1,0,340500,567500,"Hunstanton, Norfolk",Town,Norfolk,England,Hunstanton,East Anglia,31/10/2023,29/12/2023,,,Unknown,Unknown,Unknown,0,20,Full Income Maximisation,,No,1,0,1,0,1,0,0,0,0,0,0,0,0,0,0,1,1,1,1,0,0,1,1,1,0,1,1,0,0,1,0,0,0,0,0,1,0,0,1,0,0,1,0,1,0,0,0,0,0,1,criteria met,was amazed at how close to the beach the property was literally 100 meter walk,Apart from being only 2 mins walk from the sea front... Up and down the Norfolk coast are some excellent beaches all within a short driving distance!,minutes from the sea front,being so near to the beach was ideal,
1128970,Best for Beaches,4,9.5,10,10,17,0.235294118,8.871262487,9.322757492,09:29.2,29,224201,13:25.0,SykesPropertyID,SykesPark:0,SykesParkID,247572,389,526911,1,1,2,4,Friday,52.9156175,-4.2393396,,HP - Wales North West Coast,Tarth Y Mor,Current,House,5,Ticks 1 to 5,8,5,1,0,337500,249500,"Dinas, Gwynedd",Other settlement,Gwynedd,Wales,Dinas,North Wales,04/03/2023,06/03/2023,,,Unknown,Unknown,Unknown,0,15,Fixed Prices,24/06/2024,No,1,1,1,1,1,0,0,0,0,0,1,0,0,0,0,1,1,0,1,0,0,1,0,0,0,1,0,1,0,1,0,0,1,0,0,1,0,1,1,0,1,0,0,1,0,1,0,0,0,1,criteria met,the house is literally right on the beach,great views of Criccieth beach,A beautiful property right on the sea front within walking distance to all amenities and the beach.,loved being so close to the sea,
1128126,Best for Beaches,9,9.222222222,10,9.888888889,15,0.6,8.90514078,9.320862246,09:29.2,30,223253,00:26.0,SykesPropertyID,SykesPark:0,SykesParkID,246791,1,524074,0,0,1,2,Saturday,50.2609059,-5.2836508,,HP Cornwall Coast,Beachspoke Loft,Current,Apartment,4,Ticks 1 to 5,4,4,1,0,45500,165500,"Portreath, Cornwall",Other settlement,Cornwall,England,Portreath,Cornwall,14/02/2024,06/04/2024,,,Unknown,Unknown,Unknown,0,19,Super Income Maximisation,,Yes,1,1,0,0,0,0,0,0,0,1,0,0,0,0,0,0,1,0,1,0,0,1,1,1,0,1,0,0,0,1,0,1,1,0,0,1,0,1,1,0,0,1,0,0,0,0,0,0,1,1,criteria met,a spectacular beach,The location is excellent—just a five-minute walk to the beach,It’s a 10 minute walk to the beach.,10 mins walk down to the beach,the 8 minute walk to Portreath beach
1043784,Best for Beaches,3,9.666666667,10,10,13,0.230769231,8.861359602,9.316815761,09:29.2,31,130579,33:02.0,SykesPropertyID,SykesPark:70,SykesParkID,164332,1,217130,1,1,1,2,Friday,54.179478,-0.283286,The Bay Filey Holiday Village,North Yorkshire,Driftwood,Current,Cottage,3,Ticks 1 to 5,4,3,0,0,477500,511500,"Hunmanby Moor, North Yorkshire",Other settlement,North Yorkshire,England,Hunmanby Moor,North York Moors & Coast,05/06/2020,04/07/2020,,,Unknown,Unknown,Unknown,0,20,Partial Income Maximisation,,No,1,1,0,0,1,0,1,0,1,0,0,1,0,0,1,1,0,0,0,0,0,0,1,1,0,0,0,0,0,0,0,0,1,0,0,0,0,1,1,0,0,1,0,1,0,0,0,0,0,,review evidence only - manual review recommended,close enough to the beach to enable a twice a day run on the sands for our little Sooty.,both loved the beach didnt want to leave,The site is close to a lovely beach,,
953055,Best for Beaches,3,9.666666667,10,10,8,0.375,8.861359602,9.316815761,09:29.2,32,92191,26:50.0,SykesPropertyID,SykesPark:0,SykesParkID,119595,1,135173,0,0,2,3,Saturday,50.4165825,-5.0713976,,HP Cornwall Coast,5 Ocean Heights,Current,House,5,Ticks 1 to 5,6,5,1,0,61500,181500,"Newquay, Cornwall",Town,Cornwall,England,Newquay,Cornwall,18/08/2017,18/08/2017,,,Unknown,Unknown,Unknown,0,20,Full Income Maximisation,,Yes,1,1,1,0,1,0,0,0,1,0,0,0,0,0,0,1,1,0,1,0,0,0,1,1,0,1,0,0,0,1,0,1,1,0,0,0,1,0,1,0,0,1,0,0,0,0,0,0,0,1,criteria met,Close to Tolcarne beach,50 yards from beach ideal position,overlooking beautiful beaches,,
1116918,Best for Beaches,3,9.666666667,10,10,9,0.333333333,8.861359602,9.316815761,09:29.2,33,210219,41:16.0,SykesPropertyID,SykesPark:0,SykesParkID,237839,437,489890,1,2,1,2,Friday,52.15831344,1.603332214,,HP East Anglia,Aldeburgh Lodge Gardens,Current,House,4,Ticks 1 to 5,5,4,1,0,256500,646500,"Aldeburgh, Suffolk",Town,Suffolk,England,Aldeburgh,East Anglia,10/03/2017,10/03/2017,,,Unknown,Unknown,Unknown,0,22,Super Income Maximisation,,Yes,1,1,0,0,1,0,0,0,1,1,0,0,0,0,0,1,1,0,0,0,0,0,1,0,0,1,0,0,0,1,0,0,1,0,0,1,0,1,1,0,0,1,1,0,0,0,0,0,0,1,criteria met,super location across from the beach,Great location just a couple of minutes from the beach,can hear the waves whilst in bed,,
1135201,Best for Beaches,3,9.666666667,10,10,10,0.3,8.861359602,9.316815761,09:29.2,34,,,,,,,,,,,,,,,,,,,,,,,,,,,,,,,,,,,,,,,,,,,,,,,,,,,,,,,,,,,,,,,,,,,,,,,,,,,,,,,,,,,,,,,,,,,,,,,,,no property data - manual review recommended,running around the beach and swimming in the water,miles of sandy beach's just across the road from the house,Spectacular cottage overlooking Bunbeg Beach.,,
1106591,Best for Beaches,3,9.666666667,10,10,16,0.1875,8.861359602,9.316815761,09:29.2,35,197626,43:54.0,SykesPropertyID,SykesPark:0,SykesParkID,228465,441,447851,0,0,1,1,Friday,50.723947,-2.935225,,HP Devon South Coast,3 Beach Way House,Current,Apartment,4,Ticks 1 to 5,3,4,1,0,92500,334500,"Lyme Regis, Dorset",Town,Dorset,England,Lyme Regis,Dorset,27/07/2020,27/07/2020,,,Unknown,Unknown,Unknown,0,17,Super Income Maximisation,,Yes,1,1,0,0,0,0,0,0,1,0,0,0,0,0,0,1,1,0,0,0,0,0,1,1,0,0,0,0,0,1,0,1,1,0,0,0,0,1,1,0,0,0,0,1,0,0,1,0,0,1,criteria met,well situated for the beach,best access to both the seafront and town,the hidden path down to the beach,,
1106567,Best for Beaches,3,9.666666667,10,10,6,0.5,8.861359602,9.316815761,09:29.2,36,,,,,,,,,,,,,,,,,,,,,,,,,,,,,,,,,,,,,,,,,,,,,,,,,,,,,,,,,,,,,,,,,,,,,,,,,,,,,,,,,,,,,,,,,,,,,,,,,no property data - manual review recommended,the location right alongside Monmouth Beach to be ideal,right by the beach,you can see the beach and the sea,,
1169934,Best for Beaches,3,9.666666667,10,10,6,0.5,8.861359602,9.316815761,09:29.2,37,,,,,,,,,,,,,,,,,,,,,,,,,,,,,,,,,,,,,,,,,,,,,,,,,,,,,,,,,,,,,,,,,,,,,,,,,,,,,,,,,,,,,,,,,,,,,,,,,no property data - manual review recommended,only a few minutes from beach at Happisburgh,Great location for the lovely beach at Happisburgh.,Great location near to beach,,
1170829,Best for Beaches,3,9.666666667,10,10,11,0.272727273,8.861359602,9.316815761,09:29.2,38,302337,21:14.0,SykesPropertyID,SykesPark:0,SykesParkID,287419,1,646039,1,1,1,1,Saturday,54.9763131,-1.3773706,,The North East,The Beach Apartment,Current,Apartment,4,Ticks 1 to 5,2,4,0,0,564500,439500,"Marsden, South Tyneside",Other settlement,South Tyneside,England,Marsden,Northumberland,12/02/2025,12/02/2025,,,Unknown,Unknown,Unknown,0,17,Super Income Maximisation,,No,0,0,0,0,1,0,0,0,1,0,0,0,0,0,0,1,1,0,1,0,0,1,0,0,0,1,0,0,0,1,0,0,1,0,0,0,1,1,1,0,1,0,0,1,0,0,1,0,1,1,criteria met,just yards from the beautiful beach ⛱️,it felt like having our own personal beach,beach on your doorstep,,
1159254,Best for Beaches,3,9.666666667,10,10,12,0.25,8.861359602,9.316815761,09:29.2,39,288279,30:30.0,SykesPropertyID,SykesPark:0,SykesParkID,276278,438,613396,1,2,2,2,Friday,55.4976669,-1.6342666,,HP Northumberland,East Farm Croft,Current,Cottage,4,Ticks 1 to 5,4,4,1,0,622500,423500,"Embleton, Northumberland",Other settlement,Northumberland,England,Embleton,Northumberland,06/01/2025,10/01/2025,,,Unknown,Unknown,Unknown,0,20,Super Income Maximisation,,Yes,1,1,1,0,1,0,0,0,1,1,0,0,0,0,0,1,1,1,1,0,0,1,1,1,0,1,0,0,0,1,0,0,1,0,0,1,1,1,1,0,1,1,0,1,0,0,0,0,0,1,criteria met,a lovely little walk to a beautiful beach,10 minute walk from the beach,Easy walking access to the lovely beach towards Low Newton,,
1050468,Best for Beaches,3,9.666666667,10,10,15,0.2,8.861359602,9.316815761,09:29.2,40,130826,02:03.0,SykesPropertyID,SykesPark:0,SykesParkID,170807,1,225086,1,2,1,1,Friday,52.9442154,1.2129089,,HP East Anglia,Captain's Cottage,Current,Cottage,4,Ticks 1 to 5,2,4,1,0,343500,615500,"Sheringham, Norfolk",Town,Norfolk,England,Sheringham,East Anglia,26/06/2020,10/07/2020,,,Unknown,Unknown,Unknown,0,15,Super Income Maximisation,,No,1,0,0,0,1,0,0,0,0,1,0,0,0,0,0,1,1,0,1,0,0,0,1,1,0,1,0,0,0,1,0,0,1,0,0,0,0,0,1,0,1,0,0,0,0,0,0,0,1,1,criteria met,literally a three minute walk to the beach,literally 30 seconds from everything including the sea,a few minutes walk to the beach,,
1035168,Best for Beaches,3,9.666666667,10,10,7,0.428571429,8.861359602,9.316815761,09:29.2,41,125072,58:08.0,SykesPropertyID,SykesPark:0,SykesParkID,155735,389,244671,1,2,2,2,Friday,52.937611,-4.56401,,HP - Wales North West Coast,Y Gyfrinach,Current,Apartment,4,Ticks 1 to 5,4,4,1,0,339500,227500,"Edern, Gwynedd",Other settlement,Gwynedd,Wales,Edern,North Wales,09/03/2020,09/03/2020,,,Unknown,Unknown,Unknown,0,18,Partial Income Maximisation,,No,1,1,1,0,1,0,0,0,1,0,0,0,0,0,0,1,1,0,1,0,0,0,1,1,0,1,0,0,0,1,0,0,1,0,0,0,0,0,1,0,0,1,0,0,0,0,1,0,0,1,criteria met,well situated near pub and beach,the beach is within 5 minutes walk,"the situation was idyllic, close to a beautiful beach",,
25119,Best for Beaches,3,9.666666667,10,10,8,0.375,8.861359602,9.316815761,09:29.2,42,49619,39:55.0,SykesPropertyID,SykesPark:0,SykesParkID,21578,1,81399,0,0,1,3,Friday,51.2293553,1.4038684,,South East,Seashell Cottage,Current,Terraced,4,Ticks 1 to 5,6,4,0,0,152500,637500,"Deal, Kent",Town,Kent,England,Deal,South Coast,16/07/2013,09/08/2013,,,Unknown,Unknown,Unknown,0,20,Full Income Maximisation,,No Option Assigned,1,1,0,0,1,0,0,0,0,0,0,0,0,0,0,1,1,0,0,0,0,0,1,1,0,0,0,0,0,0,0,1,1,0,0,0,0,1,1,0,1,1,0,0,0,0,0,0,1,1,criteria met,The location is perfect for the beach (50 yrds away),Nice cottage near the beach,The front door is literally steps from the sea.,,
1150944,Best for Beaches,3,9.666666667,10,10,5,0.6,8.861359602,9.316815761,09:29.2,43,277916,27:14.0,SykesPropertyID,SykesPark:0,SykesParkID,268202,1,199256,1,2,1,2,Friday,50.0775935,-5.7025824,,HP Cornwall Coast,The Cubby Hole,Current,Apartment,4,Ticks 1 to 5,4,4,1,0,26500,135500,"Sennen Cove, Cornwall",Other settlement,Cornwall,England,Sennen Cove,Cornwall,28/02/2025,29/09/2025,,,Unknown,Unknown,Unknown,0,16,Partial Plus Income Maximisation,,No,1,1,1,0,1,0,0,0,0,1,0,0,0,0,0,1,1,0,1,0,0,1,1,1,0,1,0,1,0,1,0,0,1,0,0,0,1,1,1,0,0,1,0,1,0,0,0,0,0,1,criteria met,the beach is amazing,Literally yards from the sea front.,Sennen Cove beach beautiful even in the winter.,,
1129457,Best for Beaches,3,9.666666667,10,10,9,0.333333333,8.861359602,9.316815761,09:29.2,44,224591,59:08.0,SykesPropertyID,SykesPark:0,SykesParkID,247963,1,527681,1,2,1,2,Saturday,53.3299252,-3.4461682,,North Wales,6 Cwrt Griffiths,Current,House semi-detached,4,Ticks 1 to 5,4,4,0,0,383500,304500,"y-Ffrith, Denbighshire",Other settlement,Denbighshire,Wales,y-Ffrith,North Wales,18/08/2023,21/08/2023,,,Unknown,Unknown,Unknown,0,17,Super Income Maximisation,,No,1,1,1,0,1,0,0,0,0,0,0,0,0,0,0,1,1,0,1,0,0,0,0,1,0,1,0,1,0,1,0,0,1,0,0,1,0,1,1,0,0,1,0,1,0,0,0,0,0,1,criteria met,well situated for local beaches,Close to the beach which our big pooch loved.,Very close to the beach,,
959070,Best for Beaches,3,9.666666667,10,10,6,0.5,8.861359602,9.316815761,09:29.2,45,88186,51:25.0,SykesPropertyID,SykesPark:0,SykesParkID,55997,302,141376,1,1,1,2,Friday,50.1839103,-5.4391852,,HP Cornwall Coast,Pippin,Current,Cottage,3,Ticks 1 to 5,3,3,1,0,37500,154500,"Lelant, Cornwall",Other settlement,Cornwall,England,Lelant,Cornwall,02/05/2014,02/05/2014,,,Unknown,Unknown,Unknown,0,16,Super Income Maximisation,,No,1,1,1,0,1,0,0,0,0,1,0,0,0,0,0,0,1,0,0,0,0,0,1,0,0,0,0,0,0,1,0,0,1,0,0,1,0,1,1,0,0,0,0,0,0,0,0,0,0,1,criteria met,a short stroll away from my favourite Porthkidney beach,10 mins walk from both the dog friendly beach,Close to pub and beach couldn't of asked for more.,,
976772,Best for Beaches,3,9.666666667,10,10,8,0.375,8.861359602,9.316815761,09:29.2,46,97214,34:52.0,SykesPropertyID,SykesPark:0,SykesParkID,63304,1,173621,0,0,2,2,Saturday,53.3209719,-4.2226932,,HP - Wales Anglesey Coastal,6 Bay View,Current,Flat,5,Ticks 1 to 5,4,5,1,0,382500,251500,"Benllech, Isle of Anglesey",Other settlement,Isle of Anglesey,Wales,Benllech,North Wales,28/02/2018,28/02/2018,,,Unknown,Unknown,Unknown,0,20,Super Income Maximisation,,Yes,1,1,0,0,1,0,0,0,1,0,0,0,0,0,0,0,1,0,0,0,0,0,1,0,0,1,0,0,0,1,0,0,1,0,1,1,1,1,1,0,0,1,0,0,0,1,0,0,0,1,criteria met,proximity to the beach is amazing!,Superb location within minutes walk of beach,Very short walk to the beach which is really nice great to walk along when the tide is out.,,
1142360,Best for Beaches,10,9.3,10,9.7,12,0.833333333,8.959883741,9.315930245,09:29.2,47,,,,,,,,,,,,,,,,,,,,,,,,,,,,,,,,,,,,,,,,,,,,,,,,,,,,,,,,,,,,,,,,,,,,,,,,,,,,,,,,,,,,,,,,,,,,,,,,,no property data - manual review recommended,so close to the beach!,right next to the sea,Perfect place for a beach holiday.,"Comfortable, clean and minutes from the beach which has many access points.",the location is perfect right on the back of the dunes with a pristine quiet beach right behind
1160332,Best for Beaches,4,9.75,10,9.75,15,0.266666667,8.942691059,9.315614635,09:29.2,48,289533,30:30.0,SykesPropertyID,SykesPark:0,SykesParkID,277363,1,82332,1,3,2,3,Friday,54.1388678,-3.0879434,,Cumbria West of M6,Driftwood Cottage,Current,Beach House,5,Ticks 1 to 5,5,5,0,0,471500,328500,"Aldingham, Cumbria",Other settlement,Cumbria,England,Aldingham,Cumbria & The Lake District,05/07/2024,05/07/2024,,,Unknown,Unknown,Unknown,0,18,Super Income Maximisation,09/10/2024,No,1,1,1,0,1,0,0,0,1,1,0,0,0,0,0,0,1,0,1,0,0,1,0,0,0,1,0,0,0,0,0,0,1,0,0,1,1,1,1,0,0,1,0,1,0,0,0,0,0,1,criteria met,this beautiful accommodation situated right next to the beach,fabulous setting on the beach overlooking Morcambe Bay,Gorgeous location on the beach.,"Great location, right on the beach.",
1110810,Best for Beaches,4,9.75,10,9.75,6,0.666666667,8.942691059,9.315614635,09:29.2,49,202322,02:02.0,SykesPropertyID,SykesPark:0,SykesParkID,231564,1,464279,1,1,2,2,Saturday,58.223558,-6.951482,,Outer Hebridian Islands,Taigh Eachainn,Current,House semi-detached,4,Ticks 1 to 5,4,4,0,0,936500,109500,"Cnip, Na h-Eileanan an Iar",Other settlement,Na h-Eileanan an Iar,Scotland,Cnip,Highlands and Islands,06/07/2019,06/07/2019,,,Unknown,Unknown,Unknown,0,15,Super Income Maximisation,,No,1,1,1,0,1,0,0,0,1,1,0,0,0,0,0,1,1,1,0,1,0,0,0,0,0,1,0,0,0,1,0,0,1,0,0,1,0,1,1,0,0,1,0,0,0,0,0,0,0,1,criteria met,the beach on the doorstep. Many other beautiful beaches accessible within a few minutes.,One minute's walk from the beach.,It’s in a perfect location near the beautiful beaches.,miles of beaches normally found in Caribbean countries,
1083665,Best for Beaches,7,9.428571429,10,9.714285714,16,0.4375,8.952804401,9.314539784,09:29.2,50,164490,46:46.0,SykesPropertyID,SykesPark:0,SykesParkID,203289,1,371869,1,1,1,2,Friday,53.3357482,-3.4135683,,North Wales,Seaside Retreat,Current,House detached,3,Ticks 1 to 5,4,3,0,0,382500,306500,"Prestatyn, Denbighshire",Town,Denbighshire,Wales,Prestatyn,North Wales,16/09/2022,30/09/2022,,,Unknown,Unknown,Unknown,0,20,Super Income Maximisation,,Yes,1,0,1,0,1,0,0,0,1,0,0,0,0,0,0,1,1,0,1,0,0,1,0,1,0,1,0,1,0,1,0,0,1,0,0,0,1,1,1,0,1,0,0,1,0,0,1,0,0,1,criteria met,walks to the beach,ideal location for us close to both town centre and beach,excellent are close to the beaches at Prestatyn and Rhyl,Short walk to shops and beaches,the bungalow is within easy walking distance to shops and to the beach
1094141,Best for Beaches,7,9.428571429,10,9.714285714,17,0.411764706,8.952804401,9.314539784,09:29.2,51,178288,39:51.0,SykesPropertyID,SykesPark:0,SykesParkID,213260,389,404693,0,0,2,3,Saturday,52.9114935,-4.1641948,,HP - Wales North West Coast,31 Beach Road,Current,House detached,4,Ticks 1 to 5,5,4,1,0,337500,254500,"Morfa Bychan, Gwynedd",Other settlement,Gwynedd,Wales,Morfa Bychan,North Wales,24/05/2022,11/06/2022,,,Unknown,Unknown,Unknown,0,20,Super Income Maximisation,,No,1,1,0,0,1,0,0,0,1,0,0,0,0,0,0,1,1,0,0,0,0,0,1,1,0,1,0,0,0,1,0,1,0,0,0,0,1,0,1,0,0,0,0,1,0,0,0,0,0,1,criteria met,so close to the beach which is what we wanted,Only 10 minutes walk to the beach,Ideally situated for access to the beach,so close to Black Rock Sands! Nice walk down there every day,just a short stroll to several lovely beaches
1173512,Best for Beaches,2,10,10,10,9,0.222222222,8.849806235,9.309883741,09:29.2,52,305796,25:44.0,SykesPropertyID,SykesPark:0,SykesParkID,290038,1,651297,1,2,1,1,Saturday,53.2808701,-3.8316357,,HP - Wales North Coast,6 Rose Cottage,Current,Cottage,5,Ticks 1 to 5,2,5,1,0,377500,277500,"Conwy, Conwy",Town,Conwy,Wales,Conwy,North Wales,28/03/2025,01/05/2025,,,Unknown,Unknown,Unknown,0,15,Super Income Maximisation,,No,1,1,1,0,1,0,0,0,0,0,0,0,0,0,0,1,1,0,1,0,0,1,1,1,0,1,0,1,1,1,0,0,1,0,0,0,0,1,1,0,0,0,0,1,0,1,1,0,0,1,criteria met,beaches specifically Morfa beach which is a 10 minute drive.,The beach was stunning and the dogs had a wonderful time,,,
1058104,Best for Beaches,2,10,10,10,6,0.333333333,8.849806235,9.309883741,09:29.2,53,225905,12:14.0,SykesPropertyID,SykesPark:0,SykesParkID,178323,1,104063,0,0,1,2,Friday,54.7719592,-3.4305184,,Cumbria West of M6,Gulls Hatch,Current,Cottage,5,Ticks 1 to 5,4,5,0,0,543500,308500,"Allonby, Cumbria",Other settlement,Cumbria,England,Allonby,Cumbria & The Lake District,18/04/2023,25/08/2023,,,Unknown,Unknown,Unknown,0,15,Full Income Maximisation,,No,1,1,1,0,1,0,0,0,0,1,0,0,0,0,0,1,1,0,1,0,0,1,1,0,0,1,0,0,0,1,0,1,1,0,0,1,0,0,1,0,1,1,0,1,0,0,0,0,0,1,criteria met,very well located by the beach,literally a few metres from an amazing beach,,,
1144475,Best for Beaches,2,10,10,10,16,0.125,8.849806235,9.309883741,09:29.2,54,267464,01:34.0,SykesPropertyID,SykesPark:0,SykesParkID,262701,1,157181,1,2,2,2,Friday,54.0801866,-0.1955477,,HP East Yorkshire Coast,Apt 3 @ Hunter's Quay,Current,Apartment,4,Ticks 1 to 5,4,4,1,0,465500,517500,"Hilderthorpe, East Riding of Yorkshire",Other settlement,East Riding of Yorkshire,England,Hilderthorpe,North York Moors & Coast,26/10/2023,29/03/2024,,,Unknown,Unknown,Unknown,0,15,Super Income Maximisation,,No,1,1,0,0,1,0,0,0,0,0,0,0,0,0,0,1,1,0,1,0,0,1,1,1,0,1,0,1,0,1,0,0,1,0,1,1,1,1,1,0,0,1,0,1,0,1,1,0,0,1,criteria met,literally a stones throw from the beach,Very close to town and the beach.,,,
1137927,Best for Beaches,2,10,10,10,5,0.4,8.849806235,9.309883741,09:29.2,55,234426,51:09.0,SykesPropertyID,SykesPark:0,SykesParkID,256282,1,550402,1,1,1,2,Saturday,57.705843,-3.4330953,,HP Lowlands North Coast,Anchor Cottage,Current,Cottage,4,Ticks 1 to 5,4,4,1,0,869500,314500,"Hopeman, Moray",Other settlement,Moray,Scotland,Hopeman,Highlands and Islands,12/07/2023,04/09/2023,,,Unknown,Unknown,Unknown,0,19,Full Income Maximisation,,No,1,0,1,0,1,0,0,0,0,0,0,0,0,0,0,1,1,1,1,0,0,0,1,1,0,1,0,0,0,1,0,1,1,0,0,1,0,1,1,0,0,1,0,1,0,0,0,0,0,1,criteria met,great beach’s all around,Excellently placed with just a short walk to the shops or beach.,,,
1078171,Best for Beaches,2,10,10,10,5,0.4,8.849806235,9.309883741,09:29.2,56,157544,56:53.0,SykesPropertyID,SykesPark:0,SykesParkID,197889,1,355193,1,2,2,3,Friday,52.8803008,-4.4227287,,HP - Wales North West Coast,Beachfront Apartment,Current,Apartment,4,Ticks 1 to 5,8,4,1,0,334500,236500,"West End/Marian-y-mor, Gwynedd",Other settlement,Gwynedd,Wales,West End/Marian-y-mor,North Wales,12/01/2022,14/01/2022,,,Unknown,Unknown,Unknown,1,20,Partial Income Maximisation,10/11/2022,No,1,1,1,0,1,0,0,0,1,0,0,0,0,0,0,1,1,0,1,0,0,0,0,0,0,0,0,0,0,1,0,0,0,0,0,1,1,0,1,0,0,1,0,1,0,0,0,0,0,1,criteria met,The beach just a stone-throw away.,Perfect location close to beach,,,
1103159,Best for Beaches,2,10,10,10,9,0.222222222,8.849806235,9.309883741,09:29.2,57,190085,56:31.0,SykesPropertyID,SykesPark:0,SykesParkID,222417,1,61402,1,2,1,3,Friday,52.792895,-4.1010331,,HP - Wales North West Coast,Ty Cerrig,Current,Cottage,4,Ticks 1 to 5,6,4,1,0,323500,258500,"Coed Ystumgwern, Gwynedd",Other settlement,Gwynedd,Wales,Coed Ystumgwern,North Wales,31/03/2022,01/04/2022,,,Unknown,Unknown,Unknown,0,20,Fixed Prices,,No,1,1,1,0,1,0,0,0,1,1,0,0,0,0,0,1,1,0,1,0,1,0,0,0,0,1,0,0,0,1,0,0,0,0,0,1,0,0,1,0,1,1,0,0,0,0,0,0,0,1,criteria met,close to beaches,"The cottage is within a short drive from many beaches and close to Barmouth for shops, food and its beautiful beach.",,,
1113577,Best for Beaches,2,10,10,10,6,0.333333333,8.849806235,9.309883741,09:29.2,58,203991,57:03.0,SykesPropertyID,SykesPark:0,SykesParkID,232723,389,473037,1,2,2,3,Saturday,52.9325784,-4.5524096,,HP - Wales North West Coast,Garth,Current,Unknown,4,Ticks 1 to 5,6,4,1,0,340500,228500,"Morfa Nefyn, Gwynedd",Other settlement,Gwynedd,Wales,Morfa Nefyn,North Wales,13/02/2023,08/04/2023,,,Unknown,Unknown,Unknown,0,22,Super Income Maximisation,,No,1,1,1,0,1,0,0,0,1,0,0,0,0,0,0,1,1,1,1,0,0,1,0,1,0,1,0,0,0,1,0,0,1,0,0,1,1,1,1,0,1,1,0,1,0,0,1,0,0,1,criteria met,Walking distance from the beach,10 minute walk to the beach,,,
1111532,Best for Beaches,2,10,10,10,11,0.181818182,8.849806235,9.309883741,09:29.2,59,202461,55:54.0,SykesPropertyID,SykesPark:0,SykesParkID,231533,1,466364,0,0,1,1,Saturday,58.493147,-6.226337,,Outer Hebridian Islands,Road End Cottage,Current,House detached,3,Ticks 1 to 5,2,3,0,0,963500,153500,"L�onal, Na h-Eileanan an Iar",Other settlement,Na h-Eileanan an Iar,Scotland,L�onal,Highlands and Islands,18/04/2022,18/04/2022,,,Unknown,Unknown,Unknown,0,15,Super Income Maximisation,,No,1,1,1,0,1,0,0,0,1,1,0,0,0,0,0,1,0,1,0,0,0,0,0,0,0,0,0,0,0,1,0,1,0,0,0,0,0,0,1,0,0,0,0,0,0,0,1,0,0,,review evidence only - manual review recommended,looking right out over harbour and beach,in a stunning location overlooking the beach at Port of Ness,,,
1149424,Best for Beaches,2,10,10,10,13,0.153846154,8.849806235,9.309883741,09:29.2,60,,,,,,,,,,,,,,,,,,,,,,,,,,,,,,,,,,,,,,,,,,,,,,,,,,,,,,,,,,,,,,,,,,,,,,,,,,,,,,,,,,,,,,,,,,,,,,,,,no property data - manual review recommended,our dog especially loved Aberporth beach to meet all her new doggy friends,"I walked to nearby Cei Bach beach, definitely worth a visit",,,
1068536,Best for Beaches,2,10,10,10,6,0.333333333,8.849806235,9.309883741,09:29.2,61,145175,01:34.0,SykesPropertyID,SykesPark:0,SykesParkID,188437,1,326412,1,1,1,2,Friday,51.4794176,-3.6954125,,South Wales,76A Mackworth Road,Current,Flat,4,Ticks 1 to 5,4,4,0,0,177500,282500,"Porthcawl, Bridgend",Town,Bridgend,Wales,Porthcawl,South Wales,04/06/2021,09/07/2021,,,Unknown,Unknown,Unknown,0,20,Super Income Maximisation,,No,1,0,1,0,1,0,0,0,0,0,0,0,0,0,0,1,1,0,1,0,0,1,1,0,0,1,0,0,0,1,0,0,1,0,0,1,1,1,1,0,0,1,0,1,0,0,0,0,0,1,criteria met,such a good location right by the beach,2 steps from lots of lovely beaches,,,
3756,Best for Beaches,2,10,10,10,16,0.125,8.849806235,9.309883741,09:29.2,62,55987,06:02.0,SykesPropertyID,SykesPark:0,SykesParkID,5783,1,61073,1,2,3,5,Saturday,50.3203844,-4.820201,,Cornwall,Chapel Green,Current,House,4,Ticks 1 to 5,10,4,0,0,50500,199500,"Polgooth, Cornwall",Other settlement,Cornwall,England,Polgooth,Cornwall,30/12/2009,01/05/2010,,,Unknown,Unknown,Unknown,0,17,Super Income Maximisation,,No Option Assigned,1,1,0,1,1,1,0,0,1,0,1,0,1,0,1,1,1,0,0,0,0,0,1,1,0,0,0,0,0,0,0,0,1,0,0,1,0,1,1,0,1,1,0,1,0,0,0,0,0,1,criteria met,walks along Par beach,beautiful beaches,,,
7404,Best for Beaches,2,10,10,10,7,0.285714286,8.849806235,9.309883741,09:29.2,63,,,,,,,,,,,,,,,,,,,,,,,,,,,,,,,,,,,,,,,,,,,,,,,,,,,,,,,,,,,,,,,,,,,,,,,,,,,,,,,,,,,,,,,,,,,,,,,,,no property data - manual review recommended,lovely beach,Very convenient for several lovely beaches,,,
905765,Best for Beaches,2,10,10,10,18,0.111111111,8.849806235,9.309883741,09:29.2,64,277273,25:08.0,SykesPropertyID,SykesPark:0,SykesParkID,25920,438,89747,0,0,3,3,Saturday,55.6063813,-1.7198075,,HP Northumberland,Darling Cottage,Current,House,4,Ticks 1 to 5,6,4,1,0,634500,417500,"Bamburgh, Northumberland",Other settlement,Northumberland,England,Bamburgh,Northumberland,01/02/2024,01/02/2024,,,Unknown,Unknown,Unknown,0,15,Super Income Maximisation,,Part - Property Management Only,1,1,1,0,1,0,0,0,0,0,0,0,0,0,0,1,1,1,0,0,0,0,1,0,0,1,0,0,0,1,0,1,1,0,0,1,1,0,1,0,1,1,0,1,0,0,0,0,0,1,criteria met,It's location to the beach is brilliant.,10 min walk to beach,,,
1095399,Best for Beaches,2,10,10,10,13,0.153846154,8.849806235,9.309883741,09:29.2,65,180595,28:23.0,SykesPropertyID,SykesPark:0,SykesParkID,214766,382,409504,1,1,1,1,Friday,50.7107154,-2.7601392,,HP Dorset Coast,Beach Side,Current,Apartment,3,Ticks 1 to 5,2,3,1,0,90500,346500,"West Bay, Dorset",Other settlement,Dorset,England,West Bay,Dorset,29/03/2022,29/03/2022,,,Unknown,Unknown,Unknown,0,18,Super Income Maximisation,,No,1,1,0,0,0,0,0,0,1,0,0,0,0,0,0,1,1,0,1,0,0,1,1,1,0,1,0,0,0,1,0,0,1,0,0,1,1,1,1,0,0,0,0,0,0,0,1,0,0,1,criteria met,well situated just a short walk from the harbour,We have stayed at beach side three times,,,
1001305,Best for Beaches,2,10,10,10,8,0.25,8.849806235,9.309883741,09:29.2,66,117424,52:45.0,SykesPropertyID,SykesPark:0,SykesParkID,113851,1,201641,0,0,2,3,Saturday,56.8437283,-5.7467538,,Scottish Highlands,Clearwater House,Current,Detached,4,Ticks 1 to 5,5,4,0,0,778500,170500,"Roshven, Highland",Other settlement,Highland,Scotland,Roshven,Highlands and Islands,08/06/2019,08/06/2019,,,Unknown,Unknown,Unknown,0,20,Partial Income Maximisation,,No,1,1,1,0,1,0,0,0,1,1,0,0,0,0,0,1,1,1,1,0,0,0,0,0,0,1,1,0,0,1,0,1,1,0,0,0,0,0,1,0,1,1,0,0,0,0,0,0,0,1,criteria met,You can walk from the cottage to a private beach on the loch.,Launching from the private beach for local paddles,,,
1096571,Best for Beaches,8,9.125,10,10,14,0.571428571,8.844315268,9.306589161,09:29.2,67,181997,51:37.0,SykesPropertyID,SykesPark:0,SykesParkID,215920,1,412914,1,2,2,3,Saturday,50.4003812,-5.1072761,,HP Cornwall Coast,Driftwood,Current,House,5,Ticks 1 to 5,6,5,1,0,60500,179500,"Crantock, Cornwall",Other settlement,Cornwall,England,Crantock,Cornwall,31/10/2022,15/04/2023,,,Unknown,Unknown,Unknown,0,15,Full Income Maximisation,,No,1,1,1,0,1,1,0,0,1,0,0,0,0,0,0,1,1,1,1,0,0,1,1,1,0,1,0,0,0,1,0,0,0,0,0,1,0,0,1,0,1,1,0,1,0,0,1,0,0,1,criteria met,perfect location 10-12 minutes to Crantock beach,a 10 min walk to the beautiful beach of Crantock,It’s perfectly located for the beach.,we visited many of the local beaches,we can’t get enough of Crantock and its wonderful beach
1139157,Best for Beaches,7,9.142857143,10,10,20,0.35,8.835157342,9.301094405,09:29.2,68,235965,14:14.0,SykesPropertyID,SykesPark:0,SykesParkID,257520,1,149248,0,0,1,2,Friday,54.0890116,-0.1860695,,HP East Yorkshire Coast,North Bay View,Current,Apartment,4,Ticks 1 to 5,4,4,1,0,467500,518500,"Bridlington, East Riding of Yorkshire",Town,East Riding of Yorkshire,England,Bridlington,North York Moors & Coast,11/04/2024,11/04/2024,,,Unknown,Unknown,Unknown,0,15,Full Income Maximisation,,No,1,0,0,0,1,0,0,0,0,0,0,0,0,0,0,0,1,0,1,0,0,0,1,1,0,1,0,1,0,1,0,1,1,0,0,0,1,1,1,0,0,0,0,1,0,0,0,0,0,1,criteria met,location is excellent with the beach a 2 min walk away,Beach at the end of the road,A really lovely flat close to the beach.,handy for the beach,Very close to the town centre and beaches.
1076678,Best for Beaches,7,9.142857143,10,10,12,0.583333333,8.835157342,9.301094405,09:29.2,69,155399,36:08.0,SykesPropertyID,SykesPark:0,SykesParkID,196242,1,349094,0,0,1,3,Saturday,54.2839361,-0.3956097,,HP North York Coast,Sally's Berth,Current,Semi detached,4,Ticks 1 to 5,5,4,1,0,488500,503500,"Scarborough, North Yorkshire",Town,North Yorkshire,England,Scarborough,North York Moors & Coast,22/10/2021,04/12/2021,,,Unknown,Unknown,Unknown,0,20,Super Income Maximisation,,No,1,1,0,0,1,0,0,0,1,0,0,0,0,0,0,1,1,0,1,0,0,0,1,1,0,1,0,1,0,1,0,1,1,0,0,0,0,0,1,0,0,1,0,1,0,0,0,0,0,1,criteria met,"We were thrilled by how incredibly close it is to the beach. Just a short stroll, and you're right on the sand.","Great location close to beach, shops and other attractions.",perfectly located for a holiday stay lying a mere 5 minute walk from the seafront,We never used our car was so close to the sea front that we walked everywhere.,Situated 5 minutes walk to the beach and harbour
1097893,Best for Beaches,12,9.166666667,10,9.75,18,0.666666667,8.918076128,9.300845677,09:29.2,70,183607,19:57.0,SykesPropertyID,SykesPark:0,SykesParkID,217239,1,212867,1,3,2,3,Friday,53.3237017,0.2749605,,Lincolnshire,Waterbeach,Current,House,4,Ticks 1 to 5,6,4,0,0,383500,551500,"Trusthorpe, Lincolnshire",Other settlement,Lincolnshire,England,Trusthorpe,East Anglia,17/05/2022,23/05/2022,,,Unknown,Unknown,Unknown,0,16,Super Income Maximisation,,No,1,1,1,0,1,0,0,0,1,0,0,0,0,0,0,1,1,0,1,0,0,1,0,0,0,1,0,0,0,1,0,0,1,0,0,1,1,1,1,0,0,0,0,1,0,0,0,0,0,1,criteria met,just minutes walk from the beach,"The beach was a short walk away, which was nice.",Great location close to the beach and promenade for dog walks.,Back gate to sea so special.,the location is great with only a few minutes walk to the beach
1122065,Best for Beaches,6,9.333333333,10,9.833333333,14,0.428571429,8.887354676,9.299079472,09:29.2,71,217770,14:50.0,SykesPropertyID,SykesPark:0,SykesParkID,242836,438,505517,1,2,2,3,Saturday,55.51409502,-1.619729656,,HP Northumberland,Sandpiper Cottage (Low Newton),Current,Cottage,4,Ticks 1 to 5,6,4,1,0,624500,424500,"Low Newton-by-the-Sea, Northumberland",Other settlement,Northumberland,England,Low Newton-by-the-Sea,Northumberland,08/01/2008,08/01/2008,,,Unknown,Unknown,Unknown,0,5,Super Income Maximisation,,Part - Property Management Only,1,1,0,0,0,0,0,0,1,1,0,0,0,0,0,1,1,0,1,0,0,0,1,0,0,0,0,0,0,1,0,0,0,0,0,1,0,0,1,0,1,1,0,0,0,0,0,0,0,1,criteria met,yards from a lovely beach,Fantastic location meters from both the beach,the cottage is cosy and warm and very close to the beach,only metres from the beach,Beach walls with the dogs were all we could ask for.
1072394,Best for Beaches,6,9.333333333,10,9.833333333,13,0.461538462,8.887354676,9.299079472,09:29.2,72,150081,40:20.0,SykesPropertyID,SykesPark:0,SykesParkID,191988,1,337227,0,0,2,2,Saturday,50.4147599,-5.0842672,,HP Cornwall Coast,Onshore,Current,Annex,5,Ticks 1 to 5,4,5,1,0,61500,181500,"Newquay, Cornwall",Town,Cornwall,England,Newquay,Cornwall,11/06/2021,12/06/2021,,,Unknown,Unknown,Unknown,0,18,Super Income Maximisation,,No,1,1,0,0,0,0,0,0,1,0,0,0,0,0,0,1,1,1,1,0,0,0,1,1,0,1,0,0,0,1,0,1,1,0,0,0,0,1,1,0,0,1,0,0,0,0,1,0,0,1,criteria met,overlooking Towan beach,a stunning view over towan beach,the most amazing views over the beach,the beach even closer,classic beach view
1022862,Best for Beaches,8,9.375,10,9.625,9,0.888888889,8.955426379,9.298255827,09:29.2,73,124073,14:18.0,SykesPropertyID,SykesPark:0,SykesParkID,144333,1,231224,0,0,1,2,Saturday,51.7792434,-5.1010952,,HP - Wales Pembrokeshire Coast,Inglenook Cottage,Current,Cottage,4,Ticks 1 to 5,4,4,1,0,213500,186500,"Broad Haven, Pembrokeshire",Other settlement,Pembrokeshire,Wales,Broad Haven,South Wales,25/10/2019,04/01/2020,,,Unknown,Unknown,Unknown,0,22,Partial Plus Income Maximisation,,No,1,1,1,0,1,0,0,0,0,1,0,0,0,0,0,1,1,1,0,0,1,0,1,1,0,1,0,0,0,1,0,1,1,0,0,1,0,1,1,0,1,1,0,1,0,0,0,0,0,1,criteria met,great position for the sea front,beautiful beach,It is just a 2 min walk from the beach,Close to beach.,Great location for exploring the beaches
1153335,Best for Beaches,8,9.25,10,9.75,13,0.615384615,8.899870823,9.289922494,09:29.2,74,280840,13:39.0,SykesPropertyID,SykesPark:0,SykesParkID,270541,1,595266,1,1,3,3,Friday,50.8184064,0.3692493,,HP South Coast,Bucket and Spades- Right on the Beach,Current,Beach House,5,Ticks 1 to 5,6,5,1,0,104500,566500,"Beachlands, East Sussex",Other settlement,East Sussex,England,Beachlands,South Coast,22/03/2025,24/05/2025,,,Unknown,Unknown,Unknown,0,15,Fixed Prices,,No,1,1,0,0,1,0,0,0,0,0,0,0,0,0,0,1,1,0,1,0,0,1,0,0,0,1,0,0,1,1,0,0,1,0,0,0,0,1,1,0,0,1,0,1,0,0,0,0,0,1,criteria met,"the bay is beautiful, so unspoilt yet so accessible","perfectly situated, direct on the beach",fantastic location right on the beach,luxurious beach side home,We walked every day along the beach and made it as far a Cooden Bay in one one direction and Eastbourne Sovereign Harbour in the other.
1130672,Best for Beaches,8,9.25,10,9.75,22,0.363636364,8.899870823,9.289922494,09:29.2,75,226213,12:41.0,SykesPropertyID,SykesPark:0,SykesParkID,249263,1,530486,0,0,2,4,Friday,54.18747,-0.279439,,North Yorkshire,Seapoint,Current,House detached,4,Ticks 1 to 5,8,4,0,0,478500,511500,"Primrose Valley, North Yorkshire",Other settlement,North Yorkshire,England,Primrose Valley,North York Moors & Coast,05/04/2024,01/05/2024,,,Unknown,Unknown,Unknown,0,18,Super Income Maximisation,,No,1,1,1,0,1,0,0,0,0,0,0,0,0,0,0,1,1,0,1,0,0,0,1,1,0,1,0,1,0,1,0,0,1,0,0,0,1,1,1,0,0,0,0,1,0,0,0,0,1,1,criteria met,the private beach access makes it ideal in any weather.,saw a seal on the beach,ideally located with sea views and beach access,The beautiful sandy beach is easily accessible from Seapoint,my grandchildren loved the outdoor space and more especially the beach
1150520,Best for Beaches,5,9.2,10,10,11,0.454545455,8.813178321,9.287906993,09:29.2,76,277434,28:36.0,SykesPropertyID,SykesPark:0,SykesParkID,267749,1,504679,1,1,1,2,Friday,54.1810761,-0.3182391,,North Yorkshire,Llamedos,Current,House terraced,3,Ticks 1 to 5,4,3,0,0,477500,509500,"Hunmanby, North Yorkshire",Other settlement,North Yorkshire,England,Hunmanby,North York Moors & Coast,31/01/2024,02/02/2024,,,Unknown,Unknown,Unknown,0,15,Super Income Maximisation,,No,1,0,1,0,1,0,0,0,1,0,0,0,0,0,0,1,1,1,1,0,0,1,1,1,0,1,0,0,0,1,0,0,1,0,0,0,0,1,1,0,0,0,0,1,0,0,0,0,0,1,criteria met,the beach at Hunmanby is amazing,short drives to lovely predominately dog friendly beaches,access to many fabulous local beaches,a few minutes in the car had you at Filey beach,"We loved Hunmanby Gap, the beach is fantastic and stretches all the way to Filey."
1110811,Best for Beaches,5,9.2,10,10,13,0.384615385,8.813178321,9.287906993,09:29.2,77,202394,55:54.0,SykesPropertyID,SykesPark:0,SykesParkID,231552,1,464393,1,2,1,3,Friday,57.994847,-7.09679,,Outer Hebridian Islands,Katie's Cottage,Current,Cottage,4,Ticks 1 to 5,5,4,0,0,912500,98500,"Huisinis, Na h-Eileanan an Iar",Other settlement,Na h-Eileanan an Iar,Scotland,Huisinis,Highlands and Islands,09/07/2019,09/07/2019,,,Unknown,Unknown,Unknown,0,15,Partial Income Maximisation,,No,1,1,1,0,1,0,0,0,1,1,0,0,0,0,0,1,0,1,1,1,0,0,0,0,0,1,0,0,0,0,0,0,0,0,0,1,0,0,1,0,0,1,0,0,0,0,0,0,0,,review evidence only - manual review recommended,literally 1 minute from one of the best beaches anywhere!,overlooking the stunning beach,amazing location for accessing beautiful beaches,"Then there's the location, the beach",Easy access to the beach was ideal
1014077,Best for Beaches,5,9.2,10,10,11,0.454545455,8.813178321,9.287906993,09:29.2,78,121977,58:09.0,SykesPropertyID,SykesPark:0,SykesParkID,136079,1,219957,1,2,2,4,Saturday,53.317435,-4.2227281,,HP - Wales Anglesey Coastal,Y Gogarth,Current,House,4,Ticks 1 to 5,8,4,1,0,382500,251500,"Benllech, Isle of Anglesey",Other settlement,Isle of Anglesey,Wales,Benllech,North Wales,01/06/2020,11/07/2020,,,Unknown,Unknown,Unknown,0,22,Super Income Maximisation,,Yes,1,1,1,0,1,1,0,0,1,1,0,0,0,0,0,1,1,0,1,0,0,1,1,0,0,1,0,0,0,1,0,0,1,0,1,1,1,1,1,0,0,1,0,0,0,0,0,0,0,1,criteria met,Close to the beach,Being able to walk to the gorgeous beach was a massive bonus,Just a short walk down the hill to the beautiful beach.,Brilliant location for not only benllech beach but for other places nearby.,Benllech is a lovely town with the beach just a few minutes walk away.
1136818,Best for Beaches,5,9.2,10,10,12,0.416666667,8.813178321,9.287906993,09:29.2,79,233328,47:22.0,SykesPropertyID,SykesPark:0,SykesParkID,255291,1,216388,0,0,1,3,Saturday,50.4330756,-3.563599,,HP Devon South Coast,5 Stafford Road,Current,House semi-detached,4,Ticks 1 to 5,6,4,1,0,60500,288500,"St Michaels, Torbay",Other settlement,Torbay,England,St Michaels,Devon,05/07/2023,05/07/2023,,,Unknown,Unknown,Unknown,0,15,Super Income Maximisation,,No,1,1,1,0,1,0,0,0,1,0,0,0,0,0,0,1,1,0,1,0,0,1,1,1,0,1,0,1,0,1,0,0,1,0,0,1,0,1,1,0,0,1,0,1,0,0,0,0,0,1,criteria met,so close to the beach,Situated near the front of the beach,the location couldn't be better as you are at the shops or beach within 5 minutes.,its great location was only 3 min walk to town and the beach,"situated near to shops, beach, harbour and restaurants"
1117048,Best for Beaches,5,9.4,10,9.8,13,0.384615385,8.879844988,9.287906993,09:29.2,80,210123,24:54.0,SykesPropertyID,SykesPark:0,SykesParkID,238426,437,489602,1,1,1,2,Friday,52.32799029,1.680397299,,HP East Anglia,The Smokehouse Cottage,Current,Cottage,4,Ticks 1 to 5,3,4,1,0,276500,650500,"Southwold, Suffolk",Town,Suffolk,England,Southwold,East Anglia,09/11/2020,09/11/2020,,,Unknown,Unknown,Unknown,0,22,Super Income Maximisation,23/02/2024,Yes,1,1,1,0,1,0,0,0,0,1,0,0,0,0,0,1,1,1,0,0,0,0,1,1,0,0,0,0,0,1,0,0,1,0,0,0,0,1,1,0,0,0,0,1,0,0,0,0,0,1,criteria met,for a relaxing break by the sea,4 mins walk to the beautiful beach,only a few minutes walk from the town and the beaches,Very close to the beach,Perfect for beach days
1152053,Best for Beaches,5,9.4,10,9.8,16,0.3125,8.879844988,9.287906993,09:29.2,81,279377,38:37.0,SykesPropertyID,SykesPark:0,SykesParkID,269280,1,498483,1,2,1,3,Saturday,53.15982867,-4.368688101,,HP - Wales Anglesey Coastal,Tir Mawr,Current,House detached,4,Ticks 1 to 5,6,4,1,0,365500,242500,"Newborough/Niwbwrch, Isle of Anglesey",Other settlement,Isle of Anglesey,Wales,Newborough/Niwbwrch,North Wales,13/08/2025,16/08/2025,,,Unknown,Unknown,Unknown,0,18,Super Income Maximisation,,No,1,1,1,1,1,0,0,0,1,1,1,0,0,0,0,1,1,1,1,0,0,1,0,0,0,1,0,0,0,1,0,0,1,0,0,0,1,1,1,0,0,1,0,1,0,0,0,0,0,1,criteria met,no need to use your car if you just want to walk through the woods to the beach,Walk across the lane and into the field which takes you down to the forest and beach.,best beach on Anglesey,Very close to the beach,It was great to be able to walk from the property across the field through the pine forest to the amazing beaches.
1173034,Best for Beaches,5,9.4,10,9.8,7,0.714285714,8.879844988,9.287906993,09:29.2,82,305158,26:29.0,SykesPropertyID,SykesPark:0,SykesParkID,289557,343,650069,1,2,1,2,Friday,50.426047,-5.0543192,,HP Cornwall Coast,5 Mermaid Court,Current,House terraced,4,Ticks 1 to 5,4,4,1,0,63500,183500,"Whipsiderry, Cornwall",Other settlement,Cornwall,England,Whipsiderry,Cornwall,14/04/2025,16/04/2025,,,Unknown,Unknown,Unknown,0,20,Super Income Maximisation,,No,1,1,1,0,1,0,0,0,1,0,0,0,0,0,0,1,1,0,1,0,0,1,1,0,0,1,0,1,0,1,0,0,1,0,0,1,0,1,1,0,0,1,0,1,0,0,0,0,0,1,criteria met,practically on the beach,"A fab property, right on the beach.",this property is right next to the beach,our children 13 and 17 were impressed with just how close it was to the beach,A lovely little Townhouse overlooking Porth Beach.
1056976,Best for Beaches,5,9.4,10,9.8,5,1,8.879844988,9.287906993,09:29.2,83,132610,34:21.0,SykesPropertyID,SykesPark:0,SykesParkID,177216,343,290175,0,0,1,2,Saturday,50.5450813,-3.4969445,,HP Devon South Coast,Beach Rose,Current,Apartment,4,Ticks 1 to 5,4,4,1,0,72500,293500,"Shaldon, Devon",Other settlement,Devon,England,Shaldon,Devon,18/09/2020,19/09/2020,,,Unknown,Unknown,Unknown,0,15,Full Income Maximisation,,No,1,1,0,0,0,0,0,0,0,0,0,0,0,0,0,0,1,0,1,0,0,1,1,1,0,1,0,1,1,1,0,1,1,0,0,0,0,0,1,0,0,1,0,0,0,0,0,0,0,1,criteria met,easy access to beaches,Sea less than 5 minutes away,"Access to beach, pubs and shops all within a 2 minute walk.","Perfect base for exploring Teignmouth and beyond, with the beach, shops and railway station almost on your doorstep.",Easy walk to town centre and also to the sea
1080901,Best for Beaches,12,9.166666667,10,9.666666667,23,0.52173913,8.918076128,9.28417901,09:29.2,84,160580,28:32.0,SykesPropertyID,SykesPark:0,SykesParkID,200063,1,362474,1,1,1,1,Saturday,50.7234185,-0.7865813,,HP South Coast,The Hideout,Current,Annex,4,Ticks 1 to 5,2,4,1,0,93500,485500,"Selsey, West Sussex",Other settlement,West Sussex,England,Selsey,South Coast,20/07/2021,24/07/2021,,,Unknown,Unknown,Unknown,0,15,Super Income Maximisation,,No,1,0,1,0,1,0,0,0,1,0,0,0,0,0,0,0,1,0,1,0,0,0,0,0,0,1,0,1,0,1,0,0,1,0,0,0,1,1,1,0,0,0,0,1,0,0,1,0,0,1,criteria met,having the beach so close was lovely,The property is right next to the beach so we had some lovely walks along there.,"Location is fabulous, right on the edge of the beach.",Just 50 yards to the beach,the short hop to the beach
1101087,Best for Beaches,4,9.25,10,10,13,0.307692308,8.799833916,9.279900349,09:29.2,85,187569,58:09.0,SykesPropertyID,SykesPark:0,SykesParkID,220404,1,224580,1,1,1,2,Friday,55.3331421,-4.8176806,,Scottish Lowlands,Rothiemay,Current,House semi-detached,4,Ticks 1 to 5,4,4,0,0,607500,221500,"Maidens, South Ayrshire",Other settlement,South Ayrshire,Scotland,Maidens,Southern Scotland,15/12/2022,01/10/2023,,,Unknown,Unknown,Unknown,0,15,Super Income Maximisation,,No,1,1,1,0,1,0,0,0,1,0,0,0,0,0,0,1,1,0,1,0,0,0,1,1,0,1,0,0,0,1,0,0,1,0,0,0,1,1,1,0,0,1,0,1,0,0,0,0,0,1,criteria met,right opposite the beach,beach on your doorstep,Walked along the beach,"Our Springer, Lewis, thoroughly enjoyed running on the beach.",
945970,Best for Beaches,4,9.25,10,10,11,0.363636364,8.799833916,9.279900349,09:29.2,86,96677,39:31.0,SykesPropertyID,SykesPark:0,SykesParkID,44681,1,126410,1,2,1,1,Friday,53.1938394,-4.4646935,,HP - Wales Anglesey Coastal,Plas Bach,Current,Semi detached,4,Ticks 1 to 5,2,4,1,0,368500,235500,"Aberffraw, Isle of Anglesey",Other settlement,Isle of Anglesey,Wales,Aberffraw,North Wales,14/02/2018,24/02/2018,,,Unknown,Unknown,Unknown,0,20,Full Income Maximisation,09/07/2021,No Option Assigned,1,1,1,0,1,0,0,0,1,0,0,0,0,0,0,1,1,0,0,0,0,0,1,1,0,1,0,0,0,1,0,0,1,0,0,0,0,1,1,0,0,0,0,0,0,0,0,0,0,1,criteria met,walking distance from the beach,"right next to aberrfraw beach with easy access to the rest of Anglesey, the North Wales coast and Holyhead",ideally located by our favourite beach at Aberffraw,Plas Bach is ideally situated for local beaches,
1110784,Best for Beaches,4,9.25,10,10,8,0.5,8.799833916,9.279900349,09:29.2,87,202346,55:54.0,SykesPropertyID,SykesPark:0,SykesParkID,231748,1,464290,1,2,1,2,Saturday,57.708348,-3.434605,,HP Lowlands North Coast,The Lookout,Current,House detached,4,Ticks 1 to 5,4,4,1,0,869500,314500,"Hopeman, Moray",Other settlement,Moray,Scotland,Hopeman,Highlands and Islands,16/02/2018,16/02/2018,,,Unknown,Unknown,Unknown,0,15,Super Income Maximisation,,No,1,1,1,0,1,0,0,0,0,1,0,0,0,0,0,1,0,1,0,1,0,0,1,0,0,0,0,0,0,1,0,0,1,0,0,1,0,0,1,0,0,1,0,0,0,0,0,0,0,,review evidence only - manual review recommended,the easy access to the beach,so close to the beach,lovely beaches,conveniently located on the coastline between beautiful beaches,
1142994,Best for Beaches,4,9.25,10,10,11,0.363636364,8.799833916,9.279900349,09:29.2,88,265758,11:09.0,SykesPropertyID,SykesPark:0,SykesParkID,261240,441,566941,0,0,2,4,Saturday,50.6977117,-3.0922239,,HP Devon South Coast,The Old Lace Shop,Current,Cottage,4,Ticks 1 to 5,7,4,1,0,89500,322500,"Beer, Devon",Other settlement,Devon,England,Beer,Devon,21/12/2023,16/02/2024,,,Unknown,Unknown,Unknown,0,18,Super Income Maximisation,,Yes,0,1,1,0,1,0,0,0,1,0,0,0,0,0,0,1,1,0,1,0,0,1,1,1,0,1,0,0,0,1,0,1,0,0,0,1,1,0,1,0,1,1,0,1,0,0,0,0,0,1,criteria met,Two minute walk to the pebble beach,"the cottage is a stones throw from the beach, so ideally located",just a few minutes walk to the beach,Perfect location very close to Sea Front,
1021553,Best for Beaches,4,9.25,10,10,6,0.666666667,8.799833916,9.279900349,09:29.2,89,,,,,,,,,,,,,,,,,,,,,,,,,,,,,,,,,,,,,,,,,,,,,,,,,,,,,,,,,,,,,,,,,,,,,,,,,,,,,,,,,,,,,,,,,,,,,,,,,no property data - manual review recommended,minutes away from the beach,Great location for both the beaches in Lossiemouth,2 amazing beaches only 10 minutes away,close to shops and east beach,
1051731,Best for Beaches,4,9.25,10,10,16,0.25,8.799833916,9.279900349,09:29.2,90,132543,21:09.0,SykesPropertyID,SykesPark:0,SykesParkID,172100,1,275590,1,2,1,1,Friday,51.6308391,-4.9715277,,HP - Wales Pembrokeshire Coast,The Coach House,Current,Annex,4,Ticks 1 to 5,2,4,1,0,197500,194500,"St Twynnells, Pembrokeshire",Other settlement,Pembrokeshire,Wales,St Twynnells,South Wales,02/10/2020,05/10/2020,,,Unknown,Unknown,Unknown,0,17,Super Income Maximisation,,No,1,0,1,0,1,0,0,0,0,0,0,0,0,0,0,0,1,1,0,1,0,0,0,0,0,0,0,0,0,1,0,0,1,0,0,0,0,1,1,0,0,0,0,0,0,0,0,0,0,1,criteria met,the beaches near were wonderful,amazing beaches on your doorstep,The local beaches are beautiful and the sea is very clean,Barafundle Bay is just down the road and absolutely lives up to the hype.,
1134374,Best for Beaches,4,9.25,10,10,19,0.210526316,8.799833916,9.279900349,09:29.2,91,230278,11:04.0,SykesPropertyID,SykesPark:0,SykesParkID,252828,1,540186,1,3,2,2,Saturday,53.73705129,-2.984054694,,North West & Lancashire,6D Clifton Drive,Current,Unknown,4,Ticks 1 to 5,4,4,0,0,427500,335500,"Lytham, Lancashire",Other settlement,Lancashire,England,Lytham,Cumbria & The Lake District,18/12/2023,08/01/2024,,,Unknown,Unknown,Unknown,0,16,Super Income Maximisation,,No,1,1,1,0,1,0,0,0,0,0,0,0,0,0,0,1,1,0,1,0,0,1,1,0,0,1,0,1,0,1,0,0,1,0,1,1,0,1,1,0,1,0,0,1,0,0,0,0,0,1,criteria met,within easy walking distance of the beach,"access Lytham, St Annes, the beach and Blackpool",Ideally located with easy access to the beach,"The convenient location, allowed for easy access to both the seafront",
983142,Best for Beaches,10,9.1,10,9.8,13,0.769230769,8.859883741,9.275930245,09:29.2,92,102096,14:56.0,SykesPropertyID,SykesPark:0,SykesParkID,104704,1,180977,1,2,1,1,Saturday,50.4052226,-5.1126708,,HP Cornwall Coast,The Beach House,Current,Cottage,5,Ticks 1 to 5,2,5,1,0,60500,179500,"Crantock, Cornwall",Other settlement,Cornwall,England,Crantock,Cornwall,31/10/2008,31/10/2008,,,Unknown,Unknown,Unknown,0,16.67,Fixed Prices,,No Option Assigned,1,1,0,0,1,0,0,0,1,0,0,0,0,0,0,0,1,0,0,0,0,0,1,1,0,0,0,0,0,1,0,0,1,0,0,0,0,1,1,0,0,0,0,0,0,0,0,0,0,1,criteria met,just minutes from the best beach in Cornwall,in the best spot for access to the village and beach,Amazing property so close to the beach.,perfectly located within a stroll of the beautiful Crantock Beach,ideal for the beach
1049354,Best for Beaches,8,9.375,10,9.5,10,0.8,8.955426379,9.273255827,09:29.2,93,130641,05:52.0,SykesPropertyID,SykesPark:0,SykesParkID,169736,1,268107,1,2,1,2,Saturday,57.6588106,-1.910028,,Scottish Lowlands,Viola Cottage,Current,Cottage,3,Ticks 1 to 5,4,3,0,0,863500,405500,"St Combs, Aberdeenshire",Other settlement,Aberdeenshire,Scotland,St Combs,Highlands and Islands,06/05/2026,06/05/2026,,,Unknown,Unknown,Unknown,0,15,Super Income Maximisation,06/05/2026,No,1,0,1,0,1,0,0,0,0,0,0,0,0,0,0,1,1,1,1,0,0,0,0,1,0,1,0,0,0,1,0,0,0,0,0,1,1,0,1,0,1,1,0,0,0,0,0,0,0,1,criteria met,a stones throw away to a beautiful beach,The cottage is really close to the beach,Beach a few yards away.,the fabulous beach only a few minutes walk away,so close to the sea
1007095,Best for Beaches,4,9.5,10,9.75,6,0.666666667,8.871262487,9.272757492,09:29.2,94,,,,,,,,,,,,,,,,,,,,,,,,,,,,,,,,,,,,,,,,,,,,,,,,,,,,,,,,,,,,,,,,,,,,,,,,,,,,,,,,,,,,,,,,,,,,,,,,,no property data - manual review recommended,smack bang on the most amazing beach,Lovely house right on the seafront.,so close to the sea,Twitcher's rest is a lovely cottage on the seafront,
1162455,Best for Beaches,4,9.5,10,9.75,8,0.5,8.871262487,9.272757492,09:29.2,95,,,,,,,,,,,,,,,,,,,,,,,,,,,,,,,,,,,,,,,,,,,,,,,,,,,,,,,,,,,,,,,,,,,,,,,,,,,,,,,,,,,,,,,,,,,,,,,,,no property data - manual review recommended,you open the back gate and walk over the dunes and are on the beach,Easy access to the beach,right on the beach,Fantastic location with excellent views and access to beach and the sea.,
1165667,Best for Beaches,4,9.5,10,9.75,15,0.266666667,8.871262487,9.272757492,09:29.2,96,296083,58:34.0,SykesPropertyID,SykesPark:0,SykesParkID,282414,1,635614,1,2,4,4,Friday,52.213158,-4.3591445,,HP - Wales Mid Wales Coast,Fronwig,Current,House detached,5,Ticks 1 to 5,8,5,1,0,259500,238500,"New Quay/Ceinewydd, Ceredigion",Town,Ceredigion,Wales,New Quay/Ceinewydd,Mid Wales,28/11/2024,29/11/2024,,,Unknown,Unknown,Unknown,0,15,Super Income Maximisation,,Yes,1,1,1,0,1,1,0,0,1,1,0,0,0,0,0,1,1,0,1,0,0,1,1,1,0,1,0,0,1,1,0,0,1,0,0,0,0,1,1,0,0,1,0,1,0,1,0,0,0,1,criteria met,Convenient for all shops bar and beach.,2 minutes to the beach,"Right in the centre, near the beach",Ideally placed to walk into the town and the beach in a minute or two.,
906577,Best for Beaches,4,9.5,10,9.75,10,0.4,8.871262487,9.272757492,09:29.2,97,51325,48:06.0,SykesPropertyID,SykesPark:0,SykesParkID,116088,1,61487,1,1,1,1,Saturday,50.7069438,-1.5212088,,HP Isle of Wight Coast,Port Side,Current,Flat,3,Ticks 1 to 5,2,3,1,0,89500,434500,"Norton, Isle of Wight",Other settlement,Isle of Wight,England,Norton,South Coast,03/04/2014,03/04/2014,,,Unknown,Unknown,Unknown,0,20,Partial Income Maximisation,,No Option Assigned,1,0,0,0,1,0,0,0,1,0,0,0,0,0,0,0,1,0,0,0,0,0,0,0,0,1,0,0,0,1,0,0,1,0,0,0,0,1,1,0,0,0,0,1,0,0,1,0,1,1,criteria met,situated right on the beach,Portside is right on the beach with a fabulous sea view.,perfect setting right on the beach,"fantastic location on the beach, with spectacular views of the Solent",
1114724,Best for Beaches,4,9.5,10,9.75,15,0.266666667,8.871262487,9.272757492,09:29.2,98,205575,26:39.0,SykesPropertyID,SykesPark:0,SykesParkID,233847,1,297666,1,1,1,1,Friday,55.5563434,-1.6383999,,HP Northumberland,O'Neil Cottage,Current,Cottage,4,Ticks 1 to 5,2,4,1,0,629500,423500,"Beadnell, Northumberland",Other settlement,Northumberland,England,Beadnell,Northumberland,29/07/2022,05/08/2022,,,Unknown,Unknown,Unknown,0,15,Super Income Maximisation,,No,1,1,0,0,1,0,0,0,1,0,0,0,0,0,0,0,1,1,1,0,0,1,1,0,0,1,0,0,0,1,0,0,1,0,0,0,0,1,1,0,1,0,0,1,0,0,1,0,0,1,criteria met,only 10 minute walk to the main beach at the bay but the local beach is literally 5 minutes down the road,it is also only a short walk to the amazing beaches,within easy walking distance of beach,Beach a stroll away.,
1074267,Best for Beaches,7,9.142857143,10,9.857142857,14,0.5,8.835157342,9.272522977,09:29.2,99,152428,56:44.0,SykesPropertyID,SykesPark:0,SykesParkID,193916,1,342414,1,3,3,4,Friday,55.2327407,-1.5421195,,Northumberland,ASTA COTTAGE,Current,House detached,4,Ticks 1 to 5,8,4,0,0,593500,429500,"Cresswell, Northumberland",Other settlement,Northumberland,England,Cresswell,Northumberland,26/07/2021,30/07/2021,,,Unknown,Unknown,Unknown,0,15,Partial Plus Income Maximisation,,No,1,1,1,0,1,0,0,0,1,1,0,0,0,0,0,1,1,0,0,0,0,0,0,0,0,0,0,0,0,1,0,0,1,0,1,1,0,1,1,0,0,1,0,1,0,0,0,0,0,1,criteria met,the beach just a 5 min walk away,3 minute walk to the beach,the beach a few minutes walk away,The beach is only a couple of minutes from the property.,Nice village right by beach which was handy
1053044,Best for Beaches,3,9.333333333,10,10,6,0.5,8.784436525,9.270661915,09:29.2,100,153107,06:54.0,SykesPropertyID,SykesPark:0,SykesParkID,173329,1,116591,1,4,3,3,Saturday,53.4145168,-4.456395,,HP - Wales Anglesey Coastal,Ger Y Mor,Current,Beach House,4,Ticks 1 to 5,6,4,1,0,393500,236500,"Cemaes, Isle of Anglesey",Other settlement,Isle of Anglesey,Wales,Cemaes,North Wales,11/05/2021,01/06/2021,,,Unknown,Unknown,Unknown,0,15,Super Income Maximisation,,No,1,1,1,0,1,1,0,0,1,1,0,0,0,0,0,1,1,1,1,0,0,0,1,1,0,1,0,0,0,1,0,0,1,0,0,1,1,0,1,0,0,1,0,1,0,0,0,0,0,1,criteria met,Beach literally outside the front door.,"Loved the beach walks every morning, very close and short walk to the village centre with pubs, cafes and shops","Anglesey is just stunning, beautiful beach’s",,
1141027,Best for Couples,11,9.454545455,10,9.909090909,35,0.314285714,9.057032134,9.416037462,09:29.2,1,238081,24:19.0,SykesPropertyID,SykesPark:0,SykesParkID,259344,1,560717,0,0,1,1,Saturday,50.7700253,-1.7793161,,Dorset,The Happy Hut,Current,Hut/Pod/Yurt,4,Ticks 1 to 5,2,4,0,0,97500,415500,"Sopley, Hampshire",Other settlement,Hampshire,England,Sopley,South Coast,27/10/2023,02/12/2023,,,Unknown,Unknown,Unknown,0,15,Full Income Maximisation,,No,1,0,1,0,1,1,0,0,0,0,0,0,0,0,0,0,0,1,0,0,0,0,1,0,0,1,0,0,1,1,0,1,1,0,0,0,1,1,1,0,1,0,0,1,0,0,1,0,0,1,criteria met,me and my girlfriend,"it was extremely comfortable, cosy and romantic","We always go away this time of year for a couple of nights, somewhere not too far away.",The happy hut was such a beautiful romantic place which was just perfect for a relaxing weekend.,"Great little place for couples, relaxing and peaceful with everything you need."
1161788,Best for Couples,5,9.8,10,10,10,0.5,9.013178321,9.407906993,09:29.2,2,291432,55:13.0,SykesPropertyID,SykesPark:0,SykesParkID,278763,1,623768,1,1,1,1,Friday,50.3139123,-5.015174,,Cornwall,Stargazer,Current,Hut/Pod/Yurt,5,Ticks 1 to 5,2,5,0,0,50500,184500,"Trispen, Cornwall",Other settlement,Cornwall,England,Trispen,Cornwall,20/08/2024,20/08/2024,,,Unknown,Unknown,Unknown,0,18,Super Income Maximisation,,No,1,0,0,0,1,1,0,0,1,1,0,0,0,0,0,0,0,1,1,0,0,1,0,0,0,1,0,0,0,1,0,0,1,0,0,0,1,1,1,0,0,0,1,1,0,0,1,0,0,1,criteria met,this was perfect! Very romantic and our little doggo enjoyed too,it’s just a lovely and peaceful place to stay for a couples getaway,cozy & romantic atmosphere,It was like a second honeymoon for us.,Me and my partner both had a great stay at Stargazer
1143780,Best for Couples,6,9.666666667,10,10,15,0.4,9.012354676,9.407412806,09:29.2,3,266683,09:40.0,SykesPropertyID,SykesPark:0,SykesParkID,262013,1,206895,0,0,1,1,Friday,52.2806612,0.912035,,Suffolk,Damsel Shepherds Hut,Current,Hut/Pod/Yurt,3,Ticks 1 to 5,2,3,0,0,269500,599500,"Badwell Ash, Suffolk",Other settlement,Suffolk,England,Badwell Ash,East Anglia,08/05/2024,08/05/2024,,,Unknown,Unknown,Unknown,0,18,Full Income Maximisation,,No,1,0,0,0,1,1,0,0,0,1,0,1,0,0,0,0,0,1,0,0,0,0,0,0,0,1,1,1,0,1,0,1,1,0,0,0,1,1,1,0,0,0,0,1,0,0,1,0,0,,review evidence only - manual review recommended,We had the most magical 4-night romantic getaway at the Damsel Shepherd's Hut,Perfect getaway for a couple!,It was a perfect couple break. Highly highly recommend. Best place i have been in the uk so far. (perfect for a romantic proposal i would say)!,I booked this break for my husband’s birthday,would highly recommend to any couple looking forward a nice weekend away together to relax and recharge
1154800,Best for Couples,10,9.4,10,10,25,0.4,9.009883741,9.405930245,09:29.2,4,,,,,,,,,,,,,,,,,,,,,,,,,,,,,,,,,,,,,,,,,,,,,,,,,,,,,,,,,,,,,,,,,,,,,,,,,,,,,,,,,,,,,,,,,,,,,,,,,no property data - manual review recommended,the perfect romantic base,We had a lovely and relaxing 4 night stay to celebrate my 30th birthday.,Thank you for making our first holiday together a special one,My boyfriend and I had a brilliant stay at La’al Ling.,"Me and my partner stayed here in the middle of august, 1 for my birthday"
1112438,Best for Couples,6,9.666666667,10,9.833333333,22,0.272727273,9.012354676,9.374079472,09:29.2,5,202150,56:28.0,SykesPropertyID,SykesPark:0,SykesParkID,231379,1,124846,0,0,1,1,Friday,50.8618901,-4.5236697,,HP Cornwall Coast,Northcott Hut,Current,Hut/Pod/Yurt,5,Ticks 1 to 5,2,5,1,0,110500,222500,"Stibb, Cornwall",Other settlement,Cornwall,England,Stibb,Cornwall,20/03/2024,20/03/2024,,,Unknown,Unknown,Unknown,0,16,Partial Plus Income Maximisation,,No,1,0,0,0,1,1,0,0,1,1,0,0,0,0,0,0,1,1,1,1,0,1,0,0,0,1,0,0,0,1,0,1,1,0,0,0,1,1,1,0,1,0,0,1,0,0,1,0,1,1,criteria met,the extra touch of a welcome basket which included a bottle of fizz and a balloon to celebrate our wedding anniversary,me and my wife for our anniversary,celebrating my wife's birthday,A perfectly romantic retreat.,My partner and I have just spent a week in the hut for my 50th birthday
1128206,Best for Couples,3,10,10,10,16,0.1875,8.938282678,9.362969607,09:29.2,6,223465,22:07.0,SykesPropertyID,SykesPark:0,SykesParkID,246855,1,292971,0,0,1,1,Friday,53.3056105,-0.8958624,,Central England,Limetree Luxury Glamping Portland,Current,Hut/Pod/Yurt,4,Ticks 1 to 5,2,4,0,0,379500,473500,"Grove, Nottinghamshire",Other settlement,Nottinghamshire,England,Grove,Peak District,10/04/2024,15/04/2024,,,Unknown,Unknown,Unknown,0,15,Super Income Maximisation,,No,1,0,0,0,1,1,0,0,1,0,0,0,0,0,0,0,0,1,1,1,0,1,0,0,0,1,0,1,0,1,0,1,1,0,0,0,1,1,1,0,1,0,0,1,0,0,1,0,1,1,criteria met,Me and my partner had the pleasure of spending 3 nights at this beautiful place for our 1 year anniversary.,"It was the ideal getaway — peaceful, romantic, and really memorable.",An ideal place for a couples getaway.,,
962286,Best for Couples,3,10,10,10,22,0.136363636,8.938282678,9.362969607,09:29.2,7,104478,44:06.0,SykesPropertyID,SykesPark:0,SykesParkID,89141,1,146275,1,1,1,1,Saturday,54.3038108,-2.1945773,,HP Yorkshire Dales,The Hayloft,Current,Cottage,5,Ticks 1 to 5,2,5,1,0,489500,387500,"Gayle, North Yorkshire",Other settlement,North Yorkshire,England,Gayle,Yorkshire Dales,12/09/2018,12/09/2018,,,Unknown,Unknown,Unknown,0,18,Super Income Maximisation,23/09/2020,No Option Assigned,1,1,0,0,0,0,0,0,0,1,0,0,0,0,0,1,0,0,1,0,0,0,1,1,0,1,0,0,0,1,0,0,1,0,0,0,0,1,1,0,0,0,0,0,0,1,0,0,0,1,criteria met,Perfect accommodation for a couple,My wife and I were looking to experience the Dales in a quiet relaxing adventure.,I would recommend the Hayloft to couples with or without a dog.,,
1099915,Best for Couples,6,9.333333333,10,10,26,0.230769231,8.887354676,9.332412806,09:29.2,8,185826,58:24.0,SykesPropertyID,SykesPark:0,SykesParkID,219286,1,424549,1,3,1,1,Saturday,52.6763779,-2.79305,,Shropshire & Telford,Cherry Pod,Current,Hut/Pod/Yurt,4,Ticks 1 to 5,2,4,0,0,309500,346500,"Redhill, Shropshire",Other settlement,Shropshire,England,Redhill,Heart of England,21/06/2022,06/07/2022,,,Unknown,Unknown,Unknown,0,20,Super Income Maximisation,,No,1,0,1,0,1,1,0,0,1,0,0,0,0,0,0,0,0,1,0,0,0,1,1,0,0,1,0,0,0,1,0,0,1,0,1,1,1,1,1,0,1,0,0,1,0,0,1,0,0,1,criteria met,Proposed to my girlfriend here and it was the best setting for it !!,Its a lovely get away for couples.,I booked a week here as a birthday surprise for my boyfriend,I booked Cherry Pods as a surprise for my girlfriend’s birthday,would be a very romantic place for a couple
1124606,Best for Couples,6,9.333333333,10,10,23,0.260869565,8.887354676,9.332412806,09:29.2,9,218139,40:07.0,SykesPropertyID,SykesPark:0,SykesParkID,243397,1,183039,0,0,1,1,Friday,52.9388852,-1.8003514,,Peak District & Derbyshire,Oh Deer,Current,Hut/Pod/Yurt,5,Ticks 1 to 5,2,5,0,0,338500,413500,"Thurvaston, Derbyshire",Other settlement,Derbyshire,England,Thurvaston,Peak District,21/03/2023,14/04/2023,,,Unknown,Unknown,Unknown,0,15,Full Income Maximisation,,No,1,0,0,0,1,1,0,0,1,0,0,0,0,0,0,0,0,1,0,0,0,1,1,1,0,1,0,0,0,1,0,1,1,0,0,0,0,1,1,0,0,0,0,1,0,0,1,0,0,1,criteria met,We stayed over valentines weekend and we couldn’t have had a better weekend!,We had a fantastic long weekend celebrating our Anniversary.,"If you're looking for a couple's retreat, Ashbourne Holidays is absolutely the place to go.",it was a surprise for my boyfriends birthday,"My wife and I had a 3 night stay here in 'Oh Deer', and nearly ended up squatting and never leaving!!!"
1094449,Best for Couples,5,9.6,10,9.8,20,0.25,8.946511655,9.327906993,09:29.2,10,178879,46:48.0,SykesPropertyID,SykesPark:0,SykesParkID,213816,1,258527,0,0,1,1,Friday,52.0938508,-1.2877722,,Central England,The Shepherds Hut at Bridge Lake Farm &amp; Fishery,Current,Hut/Pod/Yurt,4,Ticks 1 to 5,2,4,0,0,245500,448500,"Williamscot, Oxfordshire",Other settlement,Oxfordshire,England,Williamscot,Cotswolds,14/01/2022,04/03/2022,,,Unknown,Unknown,Unknown,0,15,Super Income Maximisation,,No,1,0,0,0,1,1,0,0,1,0,0,0,0,0,0,0,0,1,1,0,0,1,0,0,0,1,0,0,0,1,0,1,1,0,0,0,1,1,1,0,0,0,0,1,0,0,0,0,0,1,criteria met,peaceful romantic 4 day getaway,My boyfriend and I had an excellent stay at this accommodation!,Me and my partner switched off for a relaxing weekend away.,1st year anniversary,lovely place to escape the kids for a weekend
1113692,Best for Couples,5,9.4,10,10,27,0.185185185,8.879844988,9.327906993,09:29.2,11,204255,12:36.0,SykesPropertyID,SykesPark:0,SykesParkID,232807,1,474377,1,1,1,1,Friday,52.8062404,-3.3095115,,North Wales,The Retreat,Current,Cottage,4,Ticks 1 to 5,2,4,0,0,324500,311500,"Pedair-ffordd, Powys",Other settlement,Powys,Wales,Pedair-ffordd,Mid Wales,18/07/2022,18/07/2022,,,Unknown,Unknown,Unknown,0,22,Super Income Maximisation,,No,1,0,1,0,1,1,0,0,1,0,0,0,0,0,0,0,0,1,0,1,0,0,0,0,0,0,0,0,0,1,0,0,1,0,0,0,1,1,1,0,1,0,0,1,0,1,1,0,0,1,criteria met,"apologised for not getting flowers, but came back the day after with a bottle of prosecco for our 10th wedding anniversary",We booked this for our honeymoon and after a whirlwind of the planning and the day itself this was the most idealistic place to have a carefree and relaxing honeymoon.,Myself and my partner visited this lovely little cabin as a belated Valentines day treat,it really was the perfect place for us to get away as a couple,the cinema room which was very romantic and a great experience watching dvds on the big screen
1141780,Best for Couples,4,9.5,10,10,26,0.153846154,8.871262487,9.322757492,09:29.2,12,259283,22:19.0,SykesPropertyID,SykesPark:0,SykesParkID,260081,441,563193,0,0,1,1,Friday,50.73706609,-2.966509145,,HP Devon South Coast,Sir George Baker Cabin,Current,Lodge,5,Ticks 1 to 5,2,5,1,0,93500,331500,"Holcombe, Devon",Other settlement,Devon,England,Holcombe,Devon,20/12/2024,27/12/2024,,,Unknown,Unknown,Unknown,0,20,Partial Plus Income Maximisation,,No,1,1,0,0,1,1,0,0,1,0,0,0,0,0,0,0,1,1,1,0,0,1,0,0,0,0,0,0,0,1,0,1,1,0,0,0,1,1,1,0,1,0,0,1,1,0,1,0,1,1,criteria met,This is a delightful property with the wow factor for couples in a lovely location.,The George Baker cabin is very comfortable and cosy for two people,Would highly recommend for a couples quiet get away.,The space was great for the two of us,
1114639,Best for Couples,4,9.5,10,10,25,0.16,8.871262487,9.322757492,09:29.2,13,205448,09:08.0,SykesPropertyID,SykesPark:0,SykesParkID,233745,400,479465,1,2,1,1,Friday,52.319117,-3.274228,,Mid Wales,Llety Cariad,Current,Lodge,5,Ticks 1 to 5,2,5,0,0,267500,314500,"Dolau, Powys",Other settlement,Powys,Wales,Dolau,Mid Wales,09/04/2025,17/04/2025,,,Unknown,Unknown,Unknown,0,15,Super Income Maximisation,,No,1,0,1,0,1,1,0,0,1,0,0,1,0,0,0,0,0,1,1,0,0,1,0,0,0,1,0,0,0,1,0,0,1,0,0,0,1,1,1,0,1,0,0,1,1,1,1,0,0,1,criteria met,the hot tub was a particular highlight – perfect for unwinding after a day exploring the local area,We had a lovely little stay for our anniversary.,as it was my Mrs birthday Jane had put banners and a balloon up for our arrival,This is the perfect accommodation for couples who have pets and need to get away from the hustle and bustle for a few days - in style.,
1162009,Best for Couples,3,9.666666667,10,10,17,0.176470588,8.861359602,9.316815761,09:29.2,14,291607,05:50.0,SykesPropertyID,SykesPark:0,SykesParkID,278979,1,624461,0,0,1,1,Friday,52.8958489,-1.663555,,Peak District & Derbyshire,The Stable,Current,Farm Stay,4,Ticks 1 to 5,2,4,0,0,333500,423500,"Sutton on the Hill, Derbyshire",Other settlement,Derbyshire,England,Sutton on the Hill,Peak District,14/10/2024,14/10/2024,,,Unknown,Unknown,Unknown,0,18,Partial Income Maximisation,,No,1,1,0,0,1,1,0,1,1,0,0,0,0,0,0,0,0,1,1,0,0,1,0,0,0,1,0,0,1,1,0,1,1,0,0,0,1,1,1,0,1,0,0,1,0,0,1,0,0,1,criteria met,it’s perfect for romantic get away,My wife & I celebrated our 25th anniversary here for 3 days to escape from the real world and remember each other,"Took the other half here and we both loved it, quiet and cosy place to stay.",,
1154515,Best for Couples,3,9.666666667,10,10,13,0.230769231,8.861359602,9.316815761,09:29.2,15,282272,29:07.0,SykesPropertyID,SykesPark:0,SykesParkID,271664,1,197085,0,0,1,1,Friday,52.6284758,-3.1203217,,Mid Wales,Tanglewood Shepherds Hut,Current,Hut/Pod/Yurt,4,Ticks 1 to 5,2,4,0,0,305500,324500,"Pentre, Powys",Other settlement,Powys,Wales,Pentre,Mid Wales,15/07/2025,25/07/2025,,,Unknown,Unknown,Unknown,0,18,Super Income Maximisation,,No,1,0,0,0,1,1,0,0,1,1,0,0,0,0,0,0,0,1,1,0,0,1,0,0,0,1,1,0,0,1,0,1,1,0,0,0,1,0,1,0,0,0,0,1,0,0,1,0,0,1,criteria met,"Me and my partner have had a lovely, relaxing weekend.",I would recommend Tanglewood to anyone wanting a romantic getaway.,Perfect break for me and my wife.,,
1089382,Best for Couples,3,9.666666667,10,10,8,0.375,8.861359602,9.316815761,09:29.2,16,171823,26:56.0,SykesPropertyID,SykesPark:0,SykesParkID,208948,1,160881,0,0,1,1,Friday,52.4533462,-4.0188798,,Mid Wales,Llygad Y Dydd,Current,Cottage,5,Ticks 1 to 5,2,5,0,0,285500,262500,"Pen-y-garn, Ceredigion",Other settlement,Ceredigion,Wales,Pen-y-garn,Mid Wales,22/12/2023,29/06/2024,,,Unknown,Unknown,Unknown,0,17,Super Income Maximisation,,No,1,1,1,0,1,1,0,0,1,0,0,0,0,0,0,1,0,1,0,0,0,1,0,0,0,1,0,1,0,1,0,1,1,0,0,1,1,1,1,0,1,0,0,1,0,0,1,0,0,1,criteria met,would recommend it to any couple looking for a welcome break,"Refreshingly spacious for a holiday cottage that caters for 2 people, and for that we were very impressed.",we loved the large bathroom with choice of a nice deep bath or walk in shower and the velux windows in the bedroom were perfect for star gazing,,
1114633,Best for Couples,3,9.666666667,10,10,27,0.111111111,8.861359602,9.316815761,09:29.2,17,205455,09:08.0,SykesPropertyID,SykesPark:0,SykesParkID,233733,400,479465,1,2,1,1,Friday,52.319117,-3.274228,,Mid Wales,Bryn Hafod,Current,Lodge,5,Ticks 1 to 5,2,5,0,0,267500,314500,"Dolau, Powys",Other settlement,Powys,Wales,Dolau,Mid Wales,09/04/2025,25/04/2025,,,Unknown,Unknown,Unknown,0,15,Super Income Maximisation,,No,1,0,1,0,1,1,0,0,1,0,0,1,0,0,0,0,0,1,1,1,0,1,0,0,0,1,0,0,0,1,0,0,1,0,0,0,1,1,1,0,1,0,0,1,1,1,1,0,1,1,criteria met,the perfect get-away for the first part of our honeymoon,kind enough to decorate for my partners birthday,enjoyed spending quality time with each other,,
1122485,Best for Couples,3,9.666666667,10,10,11,0.272727273,8.861359602,9.316815761,09:29.2,18,213411,58:19.0,SykesPropertyID,SykesPark:0,SykesParkID,240874,1,506038,0,0,1,1,Friday,51.7962002,1.0911572,,Essex,Pippin Cottage,Current,House,4,Ticks 1 to 5,2,4,0,0,215500,612500,"St Osyth, Essex",Other settlement,Essex,England,St Osyth,East Anglia,03/08/2023,03/08/2023,,,Unknown,Unknown,Unknown,0,15,Super Income Maximisation,,No,1,1,0,0,1,0,0,1,1,0,0,0,0,0,0,0,0,1,1,0,0,1,0,0,0,0,1,0,0,1,0,0,1,0,0,0,1,1,1,0,0,0,0,1,0,0,1,0,0,1,criteria met,Great for couples.,A relaxing weekend to celebrate our wedding anniversary,would highly recommend this cottage for a couple to chill,,
979121,Best for Couples,3,9.666666667,10,10,15,0.2,8.861359602,9.316815761,09:29.2,19,126955,26:32.0,SykesPropertyID,SykesPark:0,SykesParkID,76740,1,164397,1,3,1,1,Friday,52.8704258,-4.6845727,,HP - Wales North West Coast,Tyn Morfa,Current,Cottage,3,Ticks 1 to 5,2,3,1,0,333500,219500,"Morfa, Gwynedd",Other settlement,Gwynedd,Wales,Morfa,North Wales,17/01/2020,28/02/2020,,,Unknown,Unknown,Unknown,0,22,Super Income Maximisation,,Yes,1,1,1,0,1,0,0,0,0,1,0,0,0,0,0,1,1,1,0,0,0,0,0,0,0,1,0,0,0,1,0,0,1,0,0,1,1,1,1,0,0,0,0,0,0,0,1,0,0,,review evidence only - manual review recommended,We were there on our honeymoon,We came on our honeymoon last year.,"My partner was going to surprise me & propose by the beach, which is literally a stones throw, however he felt the open fire & cottage was just the perfect setting & opted for this.",,
1136837,Best for Couples,4,9.75,10,9.75,24,0.166666667,8.942691059,9.315614635,09:29.2,20,233300,07:30.0,SykesPropertyID,SykesPark:0,SykesParkID,255310,1,228846,1,1,1,1,Friday,54.5083046,-1.6962711,,Yorkshire Dales,The Leveret,Current,Hut/Pod/Yurt,3,Ticks 1 to 5,2,3,0,0,511500,420500,"Aldbrough St John, North Yorkshire",Other settlement,North Yorkshire,England,Aldbrough St John,Yorkshire Dales,10/06/2024,10/06/2024,,,Unknown,Unknown,Unknown,0,15,Super Income Maximisation,,No,0,0,0,0,1,1,0,0,1,1,0,0,0,0,0,0,0,1,1,1,0,0,0,0,0,1,0,0,1,1,0,0,1,0,0,0,1,1,1,0,0,0,0,1,0,0,1,0,0,,review evidence only - manual review recommended,this is our second stay for our anniversary just everything about it is beautiful,Me and my wife stayed at the levaret for the weekend for our anniversary,"I have spent a very relaxing four night break at The Leveret for my birthday, with my partner",My girlfriend and I started here for three days,
1177569,Best for Couples,2,10,10,10,13,0.153846154,8.849806235,9.309883741,09:29.2,21,310916,31:22.0,SykesPropertyID,SykesPark:0,SykesParkID,293996,400,659148,1,1,1,1,Friday,52.8457072,-3.2070823,,North Wales,Cheviot,Current,Hut/Pod/Yurt,4,Ticks 1 to 5,2,4,0,0,328500,318500,"Moelfre, Powys",Other settlement,Powys,Wales,Moelfre,Mid Wales,09/06/2025,13/06/2025,,,Unknown,Unknown,Unknown,0,15,Full Income Maximisation,,No,1,0,1,0,1,1,0,0,1,0,0,0,0,0,0,0,0,1,1,0,0,1,0,0,0,1,1,0,0,1,0,0,1,0,0,0,1,1,1,0,1,0,0,1,0,0,1,0,0,1,criteria met,We have just enjoyed a lovely stay here for Valentine’s break.,My boyfriend and I celebrated our anniversary,,,
1173857,Best for Couples,2,10,10,10,14,0.142857143,8.849806235,9.309883741,09:29.2,22,306349,27:38.0,SykesPropertyID,SykesPark:0,SykesParkID,290403,1,652114,0,0,1,1,Friday,53.085239,-3.14577,,North Wales,Cuddfan at Swallow Cottage,Current,Cottage,3,Ticks 1 to 5,2,3,0,0,354500,323500,"Rhydtalog, Flintshire",Other settlement,Flintshire,Wales,Rhydtalog,North Wales,01/05/2025,23/05/2025,,,Unknown,Unknown,Unknown,0,18,Super Income Maximisation,,No,1,0,0,0,1,0,0,0,1,0,0,0,0,0,0,0,0,1,1,0,0,1,0,0,0,1,1,0,1,0,0,1,1,0,0,0,1,1,1,0,0,0,0,1,0,0,1,0,0,,review evidence only - manual review recommended,our first one too as a couple,an absolutely beautiful get-away break for me and my partner,,,
1167652,Best for Couples,2,10,10,10,12,0.166666667,8.849806235,9.309883741,09:29.2,23,298427,22:19.0,SykesPropertyID,SykesPark:0,SykesParkID,284372,302,639222,1,2,1,1,Friday,50.1020001,-5.5744628,,HP Cornwall Coast,Lloyd,Current,Hut/Pod/Yurt,3,Ticks 1 to 5,2,3,1,0,29500,144500,"Buryas Br, Cornwall",Other settlement,Cornwall,England,Buryas Br,Cornwall,20/12/2024,06/01/2025,,,Unknown,Unknown,Unknown,0,17,Super Income Maximisation,,No,1,0,1,0,1,0,0,1,1,0,0,0,0,0,0,0,1,1,1,0,0,1,0,0,0,1,1,0,0,1,0,0,1,0,0,0,1,1,1,0,0,0,0,1,0,0,1,0,0,,review evidence only - manual review recommended,as a middle aged couple we ended up relaxing with minimal effort,It's a perfect getaway for a couple,,,
1156297,Best for Couples,2,10,10,10,7,0.285714286,8.849806235,9.309883741,09:29.2,24,284662,12:00.0,SykesPropertyID,SykesPark:0,SykesParkID,273387,1,564973,0,0,1,1,Friday,53.1638546,-3.4217464,,North Wales,Moel Arthur,Current,Hut/Pod/Yurt,4,Ticks 1 to 5,2,4,0,0,364500,305500,"Pont-Ystrad, Denbighshire",Other settlement,Denbighshire,Wales,Pont-Ystrad,North Wales,25/03/2025,25/03/2025,,,Unknown,Unknown,Unknown,0,17,Full Income Maximisation,25/03/2025,No,1,0,0,0,1,0,0,0,1,0,0,1,0,0,0,0,0,1,0,0,0,1,0,0,0,1,0,0,0,1,0,1,1,0,0,0,0,1,1,0,0,0,0,1,0,0,1,0,0,1,criteria met,perfect for our anniversary break,We had the most incredible weekend at this gorgeous hidden gem!!,,,
1068854,Best for Couples,2,10,10,10,10,0.2,8.849806235,9.309883741,09:29.2,25,151851,49:55.0,SykesPropertyID,SykesPark:11,SykesParkID,193475,418,327041,0,0,2,2,Friday,54.3971372,-2.9313094,White Cross Bay,HP Lake District,Squirrels Snug,Current,Lodge,5,Ticks 1 to 5,4,5,1,0,500500,340500,"Troutbeck Bridge, Cumbria",Other settlement,Cumbria,England,Troutbeck Bridge,Cumbria & The Lake District,12/09/2018,12/09/2018,,,Unknown,Unknown,Unknown,0,16.67,Super Income Maximisation,,Yes,1,1,0,0,1,1,1,0,1,0,0,0,0,0,1,0,0,0,0,0,0,0,1,1,0,0,0,0,0,1,0,1,1,0,0,1,0,0,1,0,0,1,0,1,1,0,1,0,0,,review evidence only - manual review recommended,We stayed for a little mini moon here,"My new wife ( we have only been married a week ) , has been in one but thoroughly enjoyed the relaxing time",,,
1042956,Best for Couples,2,10,10,10,15,0.133333333,8.849806235,9.309883741,09:29.2,26,138009,02:01.0,SykesPropertyID,SykesPark:0,SykesParkID,163423,402,256913,1,1,1,1,Saturday,54.379121,-3.020763,,HP Lake District,Larch Cottage,Current,Unknown,4,Ticks 1 to 5,2,4,1,0,498500,333500,"Hawkshead Hill, Cumbria",Other settlement,Cumbria,England,Hawkshead Hill,Cumbria & The Lake District,12/06/2019,12/06/2019,,,Unknown,Unknown,Unknown,0,18,Partial Plus Income Maximisation,,No,1,1,0,0,0,0,0,0,1,0,0,0,0,0,0,0,0,1,0,0,0,0,0,0,0,0,0,0,0,0,0,0,0,0,0,0,0,0,1,0,0,0,0,0,0,0,1,0,0,1,criteria met,Lovely little cottage perfect for couple and dog.,An ideal retreat for couples,,,
1101033,Best for Couples,2,10,10,10,6,0.333333333,8.849806235,9.309883741,09:29.2,27,187248,00:41.0,SykesPropertyID,SykesPark:0,SykesParkID,220341,365,428213,0,0,1,1,Friday,51.6485261,-1.9694848,,Heart of England,Mill View,Current,House,5,Ticks 1 to 5,2,5,0,0,195500,401500,"Somerford Keynes, Gloucestershire",Other settlement,Gloucestershire,England,Somerford Keynes,Cotswolds,10/03/2022,10/03/2022,,,Unknown,Unknown,Unknown,0,20,Super Income Maximisation,,No,1,0,0,0,1,0,0,0,1,1,0,0,0,0,1,1,0,0,1,0,0,1,0,1,0,1,0,0,0,1,0,1,1,0,0,0,0,1,1,0,0,0,0,0,0,0,1,0,0,1,criteria met,perfect for two,Mill View is very cosy and comfortable for a couple on holiday.,,,
1102415,Best for Couples,2,10,10,10,8,0.25,8.849806235,9.309883741,09:29.2,28,189150,38:52.0,SykesPropertyID,SykesPark:0,SykesParkID,221628,1,432723,0,0,1,1,Friday,54.4037444,-1.7367625,,HP Yorkshire Dales,3 Kings Mews,Current,Apartment,4,Ticks 1 to 5,2,4,1,0,501500,417500,"Richmond, North Yorkshire",Town,North Yorkshire,England,Richmond,Yorkshire Dales,27/05/2022,30/05/2022,,,Unknown,Unknown,Unknown,0,18,Super Income Maximisation,,No,1,0,0,0,0,0,0,0,0,0,0,0,0,0,0,1,0,1,1,0,0,1,1,1,0,1,0,0,1,1,0,1,1,0,0,0,0,1,1,0,0,0,0,1,0,0,0,0,0,1,criteria met,have already recommended it to other couples!,The Mews is ideal for a couple,,,
1128628,Best for Couples,2,10,10,10,16,0.125,8.849806235,9.309883741,09:29.2,29,223752,16:20.0,SykesPropertyID,SykesPark:0,SykesParkID,247234,1,525109,1,2,1,1,Friday,52.2255284,-3.4735849,,Mid Wales,Ystrad Wen,Current,Holiday Cabin,5,Ticks 1 to 5,2,5,0,0,258500,301500,"Newbridge-on-Wye, Powys",Other settlement,Powys,Wales,Newbridge-on-Wye,Mid Wales,09/02/2024,15/03/2024,,,Unknown,Unknown,Unknown,0,16,Super Income Maximisation,,No,1,1,1,0,1,1,0,0,1,0,0,0,0,0,0,1,0,1,0,0,0,1,0,0,0,0,0,0,0,1,0,0,1,0,1,1,1,1,1,0,0,0,0,1,0,0,1,0,0,1,criteria met,"the perfect place for a couples retreat, peaceful and relaxing",I would recommend this to any couple who love the countryside and peacefulness.,,,
969149,Best for Couples,2,10,10,10,11,0.181818182,8.849806235,9.309883741,09:29.2,30,93631,50:51.0,SykesPropertyID,SykesPark:0,SykesParkID,98148,302,166354,1,1,1,1,Friday,50.286467,-5.163617,,Cornwall,Silverwell Forge,Current,Wing,4,Ticks 1 to 5,2,4,0,0,48500,174500,"Silverwell, Cornwall",Other settlement,Cornwall,England,Silverwell,Cornwall,10/11/2017,15/12/2017,,,Unknown,Unknown,Unknown,0,18,Super Income Maximisation,,No,1,0,1,0,1,0,0,0,1,0,0,0,0,0,0,1,1,0,0,0,0,0,1,0,0,1,0,0,0,1,0,0,0,0,0,0,0,0,1,0,0,0,0,0,0,0,0,0,0,1,criteria met,Me and my husband had a fantastic holiday in our cottage,Ideal for a couple and four legged friend.,,,
963229,Best for Couples,2,10,10,10,19,0.105263158,8.849806235,9.309883741,09:29.2,31,91391,32:30.0,SykesPropertyID,SykesPark:0,SykesParkID,65156,1,155718,1,1,1,1,Friday,53.1781444,-1.849655,,HP Peak District,Curlew,Current,Unknown,4,Ticks 1 to 5,2,4,1,0,365500,410500,"Crowdecote, Derbyshire",Other settlement,Derbyshire,England,Crowdecote,Peak District,20/07/2017,04/08/2017,,,Unknown,Unknown,Unknown,0,18,Super Income Maximisation,,No Option Assigned,1,1,0,0,1,0,0,0,0,0,0,0,0,0,0,0,0,0,0,0,0,0,0,0,0,0,0,0,0,0,0,0,1,0,0,0,0,1,0,0,0,0,0,1,0,0,0,0,0,1,criteria met,This is a lovely cottage for two in a beautiful area of England.,It was our first wedding anniversary,,,
959778,Best for Couples,2,10,10,10,16,0.125,8.849806235,9.309883741,09:29.2,32,88778,34:21.0,SykesPropertyID,SykesPark:0,SykesParkID,69217,302,141883,0,0,1,1,Saturday,50.8983436,-4.4068087,,Devon,Fritillary Cottage,Current,Barn conversion,4,Ticks 1 to 5,2,4,0,0,112500,231500,"Kimworthy, Devon",Other settlement,Devon,England,Kimworthy,Devon,25/05/2015,25/05/2015,,,Unknown,Unknown,Unknown,0,15,Super Income Maximisation,,No,1,1,0,0,0,0,0,1,1,0,0,0,0,0,0,1,0,1,0,0,0,0,0,0,0,0,0,0,0,1,0,0,1,0,1,1,1,1,1,0,0,0,1,0,0,0,1,0,0,1,criteria met,No hesitation recommending to couples who want peace and quiet.,It was perfect for myself and my husband.,,,
988157,Best for Couples,2,10,10,10,9,0.222222222,8.849806235,9.309883741,09:29.2,33,229528,07:04.0,SykesPropertyID,SykesPark:0,SykesParkID,90930,1,186986,1,1,2,1,Saturday,55.2906385,-1.5976869,,Northumberland,Swallow Lodge,Current,Lodge,4,Ticks 1 to 5,2,4,0,0,599500,425500,"Hadston, Northumberland",Other settlement,Northumberland,England,Hadston,Northumberland,13/06/2023,13/06/2023,,,Unknown,Unknown,Unknown,0,16,Super Income Maximisation,,No Option Assigned,1,0,1,0,1,0,0,0,1,0,0,0,0,0,0,0,1,1,1,0,0,0,0,1,0,0,0,0,0,1,0,0,1,0,0,0,0,1,1,0,0,0,0,1,1,0,1,0,0,1,criteria met,suitable for a couple,A real couples retreat,,,
1096100,Best for Couples,2,10,10,10,9,0.222222222,8.849806235,9.309883741,09:29.2,34,181474,50:08.0,SykesPropertyID,SykesPark:0,SykesParkID,215521,1,411449,0,0,1,2,Saturday,54.4785323,-0.622771,,HP North York Coast,Woodside View,Current,Apartment,4,Ticks 1 to 5,4,4,1,0,510500,489500,"Whitby, North Yorkshire",Town,North Yorkshire,England,Whitby,North York Moors & Coast,08/02/2022,08/02/2022,,,Unknown,Unknown,Unknown,0,16,Super Income Maximisation,,No,1,1,0,0,0,0,0,0,1,0,0,0,0,0,0,1,1,1,1,0,0,1,0,0,0,1,0,1,0,1,0,1,1,0,0,0,1,1,1,0,1,0,0,1,0,0,0,0,0,,review evidence only - manual review recommended,everything thing we needed as a couple,I came to celebrate are wedding anniversary,,,
1127691,Best for Couples,2,10,10,10,19,0.105263158,8.849806235,9.309883741,09:29.2,35,222811,16:37.0,SykesPropertyID,SykesPark:0,SykesParkID,246346,343,523241,1,2,1,1,Friday,50.6035784,-3.7519949,,Devon,Beckaford View,Current,Rural Holiday Home,5,Ticks 1 to 5,2,5,0,0,80500,275500,"Water, Devon",Other settlement,Devon,England,Water,Devon,04/03/2023,17/03/2023,,,Unknown,Unknown,Unknown,0,20,Full Income Maximisation,,No,1,0,0,0,1,0,0,0,1,1,0,0,0,0,0,1,0,1,1,0,1,0,0,0,0,1,0,1,0,1,0,0,1,0,0,0,0,1,1,0,1,0,0,1,0,0,1,0,0,1,criteria met,perfect for a couple and two dogs,A perfect getaway for couples with dogs or single people.,,,
1012615,Best for Couples,2,10,10,10,31,0.064516129,8.849806235,9.309883741,09:29.2,36,125029,34:21.0,SykesPropertyID,SykesPark:0,SykesParkID,134614,1,196064,0,0,1,1,Friday,52.9595676,-1.5956304,,Peak District & Derbyshire,Barn Owl,Current,Cottage,5,Ticks 1 to 5,2,5,0,0,339500,427500,"Nether Burrows, Derbyshire",Other settlement,Derbyshire,England,Nether Burrows,Peak District,29/07/2020,29/07/2020,,,Unknown,Unknown,Unknown,0,18,Super Income Maximisation,,No,1,1,0,0,1,0,0,0,1,0,0,0,0,0,0,0,0,1,0,0,0,1,0,0,0,1,0,0,0,1,0,1,1,0,0,0,1,1,1,0,0,0,0,1,0,0,1,0,0,1,criteria met,the cottage is perfect for a relaxing stay for two people,it is the ideal place to stay for any couple visiting the area,,,
1171491,Best for Couples,2,10,10,10,13,0.153846154,8.849806235,9.309883741,09:29.2,37,303086,59:16.0,SykesPropertyID,SykesPark:0,SykesParkID,288084,389,647515,1,3,1,2,Saturday,52.9242589,-4.1271469,,HP - Wales North West Coast,Glaslyn Harbour Views,Current,Apartment,4,Ticks 1 to 5,4,4,1,0,338500,256500,"Porthmadog, Gwynedd",Town,Gwynedd,Wales,Porthmadog,North Wales,26/02/2025,13/03/2026,,,Unknown,Unknown,Unknown,0,15,Partial Plus Income Maximisation,,No,1,1,0,0,1,0,0,0,0,0,0,0,0,0,0,1,1,1,1,0,0,1,1,1,0,1,0,1,1,1,0,0,1,0,0,1,1,1,1,0,0,1,0,1,0,0,0,0,0,,review evidence only - manual review recommended,we are so looking forward to our next visit and also to next year when we are spending our golden wedding there.,We look forward to spending our golden wedding there next year.,,,
1168363,Best for Couples,2,10,10,10,19,0.105263158,8.849806235,9.309883741,09:29.2,38,299343,28:20.0,SykesPropertyID,SykesPark:0,SykesParkID,285041,1,640836,0,0,1,1,Saturday,52.9190989,-2.3618873,,Heart of England,Spitfire Lodge,Current,Annex,4,Ticks 1 to 5,2,4,0,0,335500,375500,"Jugbank, Staffordshire",Other settlement,Staffordshire,England,Jugbank,Peak District,14/01/2025,01/02/2025,,,Unknown,Unknown,Unknown,0,16,Super Income Maximisation,,No,1,0,0,0,1,1,0,0,1,1,0,1,0,0,0,0,0,1,1,0,0,0,1,0,0,1,0,0,0,1,0,0,1,0,0,0,1,1,1,0,0,0,0,1,0,0,1,0,0,1,criteria met,Perfect for a romantic long weekend to relax and rejuvenate in,"If you are looking for a quiet, romantic getaway, this is definitely the place to book",,,
1159391,Best for Couples,2,10,10,10,29,0.068965517,8.849806235,9.309883741,09:29.2,39,288490,02:02.0,SykesPropertyID,SykesPark:0,SykesParkID,276445,1,614585,1,1,1,1,Friday,53.0809046,-3.43836,,North Wales,Cae Bach,Current,Hut/Pod/Yurt,5,Ticks 1 to 5,2,5,0,0,357500,305500,"Cyffylliog, Denbighshire",Other settlement,Denbighshire,Wales,Cyffylliog,North Wales,28/06/2024,05/07/2024,,,Unknown,Unknown,Unknown,0,16,Super Income Maximisation,,No,1,0,1,1,1,1,0,1,1,1,1,0,0,0,0,1,0,1,1,0,0,1,0,0,0,1,0,0,1,1,0,0,1,0,0,0,1,1,1,0,1,0,1,0,0,0,1,0,0,1,criteria met,We stayed at Cae Bach for 5 nights to celebrate our honeymoon,Me and my partner have just returned from a weekend at Cae Bach,,,
1049218,Best for Couples,2,10,10,10,8,0.25,8.849806235,9.309883741,09:29.2,40,192006,02:44.0,SykesPropertyID,SykesPark:0,SykesParkID,169624,1,267871,0,0,1,1,Friday,54.263882,-0.8931065,,HP North York Moors,Rising Sun,Current,Lodge,4,Ticks 1 to 5,2,4,1,0,485500,470500,"Kirkby Mills, North Yorkshire",Other settlement,North Yorkshire,England,Kirkby Mills,North York Moors & Coast,17/05/2022,03/06/2022,,,Unknown,Unknown,Unknown,0,17,Partial Income Maximisation,,No,1,0,0,0,1,1,0,0,1,1,0,0,0,0,0,1,0,1,0,0,0,1,0,0,0,1,0,0,0,1,0,1,1,0,0,0,1,1,1,0,1,0,0,1,1,0,1,0,0,1,criteria met,perfect to take a loved one for a romantic break too,I had booked the rising sun for my parents as part of their wedding anniversary gift,,,
1051012,Best for Couples,2,10,10,10,18,0.111111111,8.849806235,9.309883741,09:29.2,41,,,,,,,,,,,,,,,,,,,,,,,,,,,,,,,,,,,,,,,,,,,,,,,,,,,,,,,,,,,,,,,,,,,,,,,,,,,,,,,,,,,,,,,,,,,,,,,,,no property data - manual review recommended,The perfect 'Hideaway' for a couple,"Lovely property, ideal for two people",,,
1049869,Best for Couples,2,10,10,10,20,0.1,8.849806235,9.309883741,09:29.2,42,130662,50:51.0,SykesPropertyID,SykesPark:0,SykesParkID,170274,402,169507,1,1,1,1,Friday,54.8790311,-2.7574972,,Cumbria East of M6,High Rigg Shepherd's Hideaway,Current,Hut/Pod/Yurt,5,Ticks 1 to 5,2,5,0,0,555500,350500,"Faugh, Cumbria",Other settlement,Cumbria,England,Faugh,Cumbria & The Lake District,26/06/2020,26/06/2020,,,Unknown,Unknown,Unknown,0,15,Super Income Maximisation,,No,1,0,0,0,1,1,0,0,1,1,0,0,0,0,0,0,0,1,1,0,0,1,0,0,0,1,0,0,0,1,0,0,1,0,0,0,1,1,1,0,0,0,0,1,0,1,1,0,1,1,criteria met,it is perfect for a couples getaway,Would highly recommend this for couples wanting a quiet get away.,,,
1139557,Best for Couples,2,10,10,10,15,0.133333333,8.849806235,9.309883741,09:29.2,43,236362,30:04.0,SykesPropertyID,SykesPark:0,SykesParkID,257888,1,555164,0,0,1,1,Saturday,51.76333332,-4.629999987,,South Wales,The Nest,Current,Cottage,4,Ticks 1 to 5,2,4,0,0,210500,218500,"Llanteg, Pembrokeshire",Other settlement,Pembrokeshire,Wales,Llanteg,South Wales,18/10/2023,03/11/2023,,,Unknown,Unknown,Unknown,0,15,Super Income Maximisation,,No,1,1,1,0,1,0,0,0,1,0,0,0,0,0,0,0,1,1,0,0,0,0,0,1,0,0,0,0,0,1,0,1,1,0,0,0,1,1,1,0,0,0,0,1,0,0,1,0,0,1,criteria met,The Nest is lovely for a single person or couple to enjoy peace and quiet,I would recommend this place to any couple looking for a nice holiday.,,,
1139091,Best for Couples,2,10,10,10,21,0.095238095,8.849806235,9.309883741,09:29.2,44,235841,52:31.0,SykesPropertyID,SykesPark:0,SykesParkID,257418,1,553809,1,1,1,1,Saturday,50.7387882,-3.6566241,,Devon,Spicery Barn Loft,Current,Apartment,4,Ticks 1 to 5,2,4,0,0,94500,284500,"Heath Cross, Devon",Other settlement,Devon,England,Heath Cross,Devon,22/09/2023,01/10/2023,,,Unknown,Unknown,Unknown,0,20,Super Income Maximisation,,No,1,0,1,0,1,1,0,0,0,0,0,0,0,0,0,1,0,1,0,0,0,1,0,0,0,1,0,0,0,1,0,0,1,0,0,0,1,1,1,0,0,0,0,1,0,0,0,0,0,1,criteria met,We had the most magical stay following our wedding.,Me and my wife spent our honeymoon here for a week,,,
1064776,Best for Couples,2,10,10,10,10,0.2,8.849806235,9.309883741,09:29.2,45,140366,25:56.0,SykesPropertyID,SykesPark:0,SykesParkID,184746,1,314427,1,1,1,1,Friday,52.136384,-1.665545,,HP Cotswolds,Coach House Mews,Current,Apartment,4,Ticks 1 to 5,2,4,1,0,248500,423500,"Alderminster, Warwickshire",Other settlement,Warwickshire,England,Alderminster,Cotswolds,25/03/2021,19/04/2021,,,Unknown,Unknown,Unknown,0,18,Super Income Maximisation,,No,1,1,0,0,0,0,0,0,1,0,0,0,0,0,0,1,0,1,1,0,0,1,1,0,0,1,0,0,1,1,0,0,1,0,0,0,0,1,1,0,0,0,0,0,0,0,1,0,0,1,criteria met,Perfect for couples looking for a quiet few days.,I booked this as a little get away for my partner and me to escape the norm after an extremely difficult last 5 months.,,,
1095477,Best for Couples,2,10,10,10,18,0.111111111,8.849806235,9.309883741,09:29.2,46,180888,00:32.0,SykesPropertyID,SykesPark:0,SykesParkID,214849,1,409656,1,2,1,1,Friday,53.2186353,-4.4513853,,Anglesey,Rhytty Bach,Current,House detached,4,Ticks 1 to 5,2,4,0,0,373500,235500,"Pencarnisiog, Isle of Anglesey",Other settlement,Isle of Anglesey,Wales,Pencarnisiog,North Wales,31/01/2022,31/01/2022,,,Unknown,Unknown,Unknown,0,20,Super Income Maximisation,,No,1,1,0,0,1,0,0,0,1,1,0,0,0,0,0,0,0,1,1,1,0,1,0,0,0,1,0,1,0,1,0,0,1,0,0,0,1,1,1,0,1,0,0,1,0,0,1,0,0,1,criteria met,celebrating our 40th wedding anniversary,"The property was perfect for a couple seeking peace, tranquility and relaxation.",,,
961171,Best for Couples,2,10,10,10,12,0.166666667,8.849806235,9.309883741,09:29.2,47,90516,39:17.0,SykesPropertyID,SykesPark:0,SykesParkID,56980,1,145453,0,0,1,1,Friday,50.6357069,-3.4107701,,HP Devon South Coast,Wisteria Cottage,Current,Detached,4,Ticks 1 to 5,2,4,1,0,81500,300500,"Exmouth, Devon",Town,Devon,England,Exmouth,Devon,16/06/2017,16/06/2017,,,Unknown,Unknown,Unknown,0,20,Super Income Maximisation,,No Option Assigned,1,0,0,0,1,0,0,0,1,0,0,0,0,0,0,1,0,0,0,0,0,0,0,1,0,1,0,0,0,0,0,0,1,0,0,0,0,1,1,0,1,0,0,0,0,0,1,0,0,1,criteria met,Perfect for the two of us.,It was the ideal place for the two of us,,,
963230,Best for Couples,2,10,10,10,20,0.1,8.849806235,9.309883741,09:29.2,48,94394,01:52.0,SykesPropertyID,SykesPark:0,SykesParkID,65157,1,65917,0,0,1,1,Friday,52.4146204,-2.8676067,,Shropshire & Telford,The Hay Loft,Current,Barn conversion,4,Ticks 1 to 5,2,4,0,0,280500,340500,"Broome, Shropshire",Other settlement,Shropshire,England,Broome,Heart of England,23/11/2017,23/11/2017,,,Unknown,Unknown,Unknown,0,20,Super Income Maximisation,,No Option Assigned,1,1,0,1,0,1,0,0,0,0,0,0,0,0,0,1,0,0,0,0,0,0,0,0,0,0,0,0,0,0,0,0,1,0,0,0,0,1,1,0,0,0,0,1,0,0,0,0,0,1,criteria met,the perfect couples retreat!,Perfect couples escape.,,,
1106817,Best for Couples,2,10,10,10,12,0.166666667,8.849806235,9.309883741,09:29.2,49,193900,28:52.0,SykesPropertyID,SykesPark:0,SykesParkID,225173,1,96265,1,2,1,1,Friday,53.3272705,-4.516211,,Anglesey,Cwt Y Rhos,Current,Hut/Pod/Yurt,4,Ticks 1 to 5,2,4,0,0,382500,232500,"Llanfigael, Isle of Anglesey",Other settlement,Isle of Anglesey,Wales,Llanfigael,North Wales,16/05/2022,16/05/2022,,,Unknown,Unknown,Unknown,0,21,Super Income Maximisation,,No,0,0,1,0,1,0,0,0,1,1,0,0,0,0,0,0,1,1,1,0,0,1,0,0,0,1,0,0,0,1,0,0,1,0,0,0,1,1,1,0,1,0,0,1,0,0,1,0,0,1,criteria met,we celebrated our 30th wedding anniversary,recommend for quite relaxing break for a couple,,,
1113824,Best for Couples,2,10,10,10,13,0.153846154,8.849806235,9.309883741,09:29.2,50,,,,,,,,,,,,,,,,,,,,,,,,,,,,,,,,,,,,,,,,,,,,,,,,,,,,,,,,,,,,,,,,,,,,,,,,,,,,,,,,,,,,,,,,,,,,,,,,,no property data - manual review recommended,would recommend to a couple wanting a relaxing stay away,we’re a couple in our 80’s,,,
1109261,Best for Couples,2,10,10,10,18,0.111111111,8.849806235,9.309883741,09:29.2,51,198060,51:43.0,SykesPropertyID,SykesPark:0,SykesParkID,228392,1,398434,1,1,1,1,Friday,58.1698413,-7.0643079,,Outer Hebridian Islands,Hona,Current,Annex,5,Ticks 1 to 5,2,5,0,0,931500,100500,"Mhangarstadh, Na h-Eileanan an Iar",Other settlement,Na h-Eileanan an Iar,Scotland,Mhangarstadh,Highlands and Islands,18/07/2022,15/07/2022,,,Unknown,Unknown,Unknown,0,15,Fixed Prices,,No,1,1,0,0,1,0,0,0,0,0,0,0,0,0,0,1,1,1,1,1,0,0,0,0,0,1,0,0,0,1,0,0,1,0,0,0,1,0,1,0,1,0,0,1,0,0,1,0,0,1,criteria met,we came here for our honeymoon,We stayed as a couple for a week in early October,,,
1109948,Best for Couples,2,10,10,10,17,0.117647059,8.849806235,9.309883741,09:29.2,52,199123,54:48.0,SykesPropertyID,SykesPark:0,SykesParkID,229063,1,460738,1,1,1,1,Friday,54.7994613,-2.3549609,,Cumbria East of M6,Bothy,Current,Cottage,5,Ticks 1 to 5,2,5,0,0,543500,378500,"Nenthead, Cumbria",Other settlement,Cumbria,England,Nenthead,Cumbria & The Lake District,20/07/2022,20/07/2022,,,Unknown,Unknown,Unknown,0,19,Super Income Maximisation,,No,1,1,0,0,1,0,0,0,1,0,0,0,0,1,0,1,0,1,0,1,0,0,0,0,0,0,0,0,0,1,0,0,1,0,0,1,1,0,1,0,1,0,0,1,0,0,0,0,0,1,criteria met,"for a couple looking for a peaceful romantic getaway, this cottage has it all",The Bothy is beautiful with a lovely cosy feel - just right for a couple.,,,
980661,Best for Couples,2,10,10,10,17,0.117647059,8.849806235,9.309883741,09:29.2,53,202748,57:43.0,SykesPropertyID,SykesPark:0,SykesParkID,102290,1,177420,0,0,1,1,Saturday,50.701106,-1.438233,,Isle of Wight,The Old Brewhouse &amp; Piggery,Current,Cottage,4,Ticks 1 to 5,2,4,0,0,89500,439500,"Ningwood Common, Isle of Wight",Other settlement,Isle of Wight,England,Ningwood Common,South Coast,14/09/2022,02/10/2022,,,Unknown,Unknown,Unknown,0,18,Super Income Maximisation,,No Option Assigned,1,1,1,0,1,0,0,0,1,0,0,0,0,0,0,1,1,1,1,0,0,1,1,0,0,1,0,0,0,1,0,1,0,0,0,0,1,0,1,0,1,0,0,1,0,0,1,0,0,1,criteria met,"ideal for two people, cozy & gorgeous",Perfect for couples,,,
988359,Best for Couples,2,10,10,10,10,0.2,8.849806235,9.309883741,09:29.2,54,123334,02:39.0,SykesPropertyID,SykesPark:0,SykesParkID,72448,1,180338,1,1,1,1,Friday,53.909837,-1.985679,,Yorkshire Dales,Foxglove,Current,Cottage,4,Ticks 1 to 5,2,4,0,0,446500,400500,"Farnhill, North Yorkshire",Other settlement,North Yorkshire,England,Farnhill,Yorkshire Dales,02/12/2019,01/02/2020,,,Unknown,Unknown,Unknown,0,15,Super Income Maximisation,,Yes,1,1,0,0,1,0,0,0,0,1,0,0,0,0,0,0,0,0,0,0,0,1,1,0,1,1,0,0,0,1,0,0,1,0,0,0,0,0,1,0,1,0,0,1,0,0,1,0,0,1,criteria met,perfect for a couple,lovely comfy bed ideal for a couple,,,
982002,Best for Couples,6,9.166666667,10,10,22,0.272727273,8.824854676,9.294912806,09:29.2,55,107042,34:21.0,SykesPropertyID,SykesPark:0,SykesParkID,71403,1,173447,1,2,2,1,Friday,53.605478,-1.803408,,Peak District & Derbyshire,The Stables,Current,Barn conversion,4,Ticks 1 to 5,2,4,0,0,411500,413500,"Honley, Kirklees",Other settlement,Kirklees,England,Honley,Peak District,28/09/2018,19/10/2018,,,Unknown,Unknown,Unknown,0,18,Super Income Maximisation,,No Option Assigned,1,1,1,0,1,1,0,1,1,1,0,0,0,0,0,0,0,1,0,0,0,0,0,0,0,1,0,0,1,1,0,0,1,0,0,0,0,1,1,0,1,0,0,1,0,0,1,0,1,1,criteria met,"Lovely accommodation, perfect for a couple [& a dog!].",we left engaged! So this place will always hold a special place in our hearts!,the cottage is perfect for two with everything you could need,a perfect middle point for myself and my mum to get together and celebrate our birthdays,This bolt hole is amazing! We felt like we had died and gone to heaven.
988094,Best for Couples,4,9.25,10,10,15,0.266666667,8.799833916,9.279900349,09:29.2,56,124381,49:17.0,SykesPropertyID,SykesPark:0,SykesParkID,106894,1,186907,1,2,1,1,Friday,52.5816359,-3.015714,,Shropshire & Telford,Stiperstones Pod,Current,Hut/Pod/Yurt,4,Ticks 1 to 5,2,4,0,0,298500,331500,"White Grit, Powys",Other settlement,Powys,Wales,White Grit,Mid Wales,01/11/2019,01/11/2019,,,Unknown,Unknown,Unknown,0,17,Super Income Maximisation,,No Option Assigned,1,0,1,0,1,1,0,0,1,0,0,0,0,0,0,0,0,0,1,1,0,1,0,0,0,1,0,0,0,1,0,0,1,0,1,1,1,1,1,0,1,0,0,1,0,0,1,0,1,1,criteria met,We stayed here for our 5th anniversary and it was just perfect.,It was an absolute dream of a minimoon for us!,"It was tranquil, romantic, just what we needed to escape the daily grind",we wanted a quite little get away where we could chill and unwind,
1018187,Best for Couples,4,9.25,10,10,19,0.210526316,8.799833916,9.279900349,09:29.2,57,121172,50:51.0,SykesPropertyID,SykesPark:0,SykesParkID,140153,402,169507,1,1,1,1,Friday,54.8790311,-2.7574972,,Cumbria East of M6,High Rigg Shepherd's Retreat,Current,Hut/Pod/Yurt,5,Ticks 1 to 5,2,5,0,0,555500,350500,"Faugh, Cumbria",Other settlement,Cumbria,England,Faugh,Cumbria & The Lake District,08/08/2019,09/08/2019,,,Unknown,Unknown,Unknown,0,15,Super Income Maximisation,,No,1,0,1,0,1,1,0,0,1,1,0,0,0,0,0,0,0,1,0,0,0,0,0,0,0,1,0,0,0,1,0,0,1,0,0,0,0,1,1,0,0,0,0,1,0,0,1,0,0,1,criteria met,What a place so lovely for a long weekend away for a couple,Perfect stay for a busy couple getting some much needed rest!,I would recommend this place to any couple with a dog to hire if you want a peaceful weekend away,Myself and my partner had an amazing time.,
21863,Best for Couples,4,9.5,10,9.75,25,0.16,8.871262487,9.272757492,09:29.2,58,84541,34:21.0,SykesPropertyID,SykesPark:0,SykesParkID,19062,1,78122,0,0,1,1,Friday,54.581591,-1.9284419,,The North East,Curlew Cottage,Current,Bungalow,4,Ticks 1 to 5,2,4,0,0,521500,405500,"Kinninvie, Durham",Other settlement,Durham,England,Kinninvie,Yorkshire Dales,05/01/2017,03/02/2017,,,Unknown,Unknown,Unknown,0,20,Full Income Maximisation,,No Option Assigned,1,0,1,0,1,0,0,0,1,1,0,0,0,0,0,1,0,1,0,1,0,0,0,0,0,0,0,0,0,1,0,0,1,0,0,0,0,1,1,0,1,0,0,1,0,0,0,0,0,1,criteria met,everything is ideal for two people,Curlew Cottage was a wonderful place for my wife and me during our stay,we celebrated our wedding anniversary during our holiday,Perfect getaway for two.,
1172377,Best for Couples,4,9.5,10,9.75,24,0.166666667,8.871262487,9.272757492,09:29.2,59,304380,23:21.0,SykesPropertyID,SykesPark:0,SykesParkID,288968,1,649382,0,0,1,1,Friday,53.673629,-0.3463147,,East Yorkshire,Sunnyside,Current,Cottage,4,Ticks 1 to 5,2,4,0,0,420500,509500,"The Hallands, North Lincolnshire",Other settlement,North Lincolnshire,England,The Hallands,East Anglia,14/03/2025,21/03/2025,,,Unknown,Unknown,Unknown,0,20,Super Income Maximisation,,No,1,0,1,0,1,1,0,0,1,0,0,0,0,0,0,0,0,1,1,0,0,0,0,0,0,1,0,0,0,1,0,1,1,0,0,0,1,1,1,0,0,0,0,1,0,0,1,0,0,1,criteria met,we would highly recommend it to couples looking for break together,upon hearing it was our anniversary. He put up banners and had a nice cold bottle of prosecco in the fridge.,"Coming here as a couple gave us the space to reflect, reconnect and find some calm in such a welcoming and peaceful setting.",A lovely touch from the owners of Prosecco and cupcakes,
1161787,Best for Couples,3,9.333333333,10,10,21,0.142857143,8.784436525,9.270661915,09:29.2,60,291435,55:13.0,SykesPropertyID,SykesPark:0,SykesParkID,278755,1,623768,1,1,1,1,Friday,50.3139123,-5.015174,,Cornwall,Moonshine,Current,Hut/Pod/Yurt,5,Ticks 1 to 5,2,5,0,0,50500,184500,"Trispen, Cornwall",Other settlement,Cornwall,England,Trispen,Cornwall,20/08/2024,20/08/2024,,,Unknown,Unknown,Unknown,0,18,Super Income Maximisation,,No,1,0,0,0,1,1,0,0,1,1,0,0,0,0,0,0,0,1,1,0,0,1,0,0,0,1,0,0,0,1,0,0,1,0,0,0,1,1,1,0,0,0,1,1,0,0,1,0,0,1,criteria met,a little break away for our little UK honeymoon,"Me, my partner & our mini dachshund would definitely stay here again!",We recently stayed at moonshine as a couple,,
1153327,Best for Couples,3,9.333333333,10,10,19,0.157894737,8.784436525,9.270661915,09:29.2,61,280829,14:23.0,SykesPropertyID,SykesPark:0,SykesParkID,270545,437,595248,1,2,3,6,Friday,51.9633118,1.2013521,,HP Dedham Vale Essex,Knights Farm,Current,House detached,5,Ticks 1 to 5,12,5,1,0,234500,620500,"Shop Corner, Suffolk",Other settlement,Suffolk,England,Shop Corner,East Anglia,23/10/2024,08/11/2024,,,Unknown,Unknown,Unknown,0,13,Partial Plus Income Maximisation,,No,1,1,1,1,1,1,0,0,1,1,0,0,0,0,0,1,1,0,0,0,0,1,0,0,0,0,0,0,0,1,0,0,1,0,0,1,1,1,1,0,1,1,0,1,0,0,0,0,0,,review evidence only - manual review recommended,to celebrate my husbands 70th birthday,the perfect way to celebrate our parents 50th Wedding Anniversary,We stayed as a group of five couples and had a wonderful time.,,
1172233,Best for Couples,3,9.333333333,10,10,22,0.136363636,8.784436525,9.270661915,09:29.2,62,304253,05:50.0,SykesPropertyID,SykesPark:0,SykesParkID,288779,1,624461,0,0,1,1,Friday,52.8958489,-1.663555,,Peak District & Derbyshire,The Parlour,Current,Farm Stay,4,Ticks 1 to 5,2,4,0,0,333500,423500,"Sutton on the Hill, Derbyshire",Other settlement,Derbyshire,England,Sutton on the Hill,Peak District,14/03/2025,28/03/2025,,,Unknown,Unknown,Unknown,0,18,Partial Income Maximisation,,No,1,1,1,0,1,1,0,1,1,0,0,0,0,0,0,0,0,1,1,0,0,1,0,0,0,1,0,0,1,1,0,1,1,0,0,0,1,1,1,0,0,0,0,1,0,0,1,0,0,1,criteria met,recommended for a romantic/relaxing break,celebrate our 2 year wedding anniversary,I would highly recommend it for couples,,
1087064,Best for Couples,3,9.333333333,10,10,42,0.071428571,8.784436525,9.270661915,09:29.2,63,168708,36:09.0,SykesPropertyID,SykesPark:0,SykesParkID,206529,1,383036,0,0,1,1,Friday,50.8446247,-3.0699444,,Devon,The Shippon,Current,Cottage,4,Ticks 1 to 5,2,4,0,0,104500,324500,"Stockland, Devon",Other settlement,Devon,England,Stockland,Devon,23/05/2023,22/05/2023,,,Unknown,Unknown,Unknown,0,15,Partial Plus Income Maximisation,,No,1,1,0,0,1,1,0,0,0,1,0,0,0,0,0,1,0,0,0,0,1,0,0,0,0,1,0,0,0,1,0,1,1,0,0,1,1,0,1,0,0,0,0,1,0,0,1,0,0,1,criteria met,"The Shippon is spacious, well equipped and a delight for two people.",I would recommend to any couple wanting to recharge,Hot tub at night felt very private,,
983095,Best for Couples,3,9.333333333,10,10,13,0.230769231,8.784436525,9.270661915,09:29.2,64,102180,12:46.0,SykesPropertyID,SykesPark:0,SykesParkID,72837,1,180938,1,1,1,1,Friday,51.5639317,-3.5329368,,South Wales,Caner Bach Lodge,Current,Cottage,4,Ticks 1 to 5,2,4,0,0,186500,293500,"Blackmill, Bridgend",Other settlement,Bridgend,Wales,Blackmill,South Wales,14/06/2018,14/06/2018,,,Unknown,Unknown,Unknown,0,15,Super Income Maximisation,,No Option Assigned,1,0,1,0,1,0,0,1,1,0,0,0,0,0,0,1,0,1,1,1,0,0,0,0,0,1,0,0,0,1,0,0,1,0,0,1,1,1,1,0,1,1,1,0,0,0,1,0,0,1,criteria met,the beautiful touch added for valentines weekend ♥️,great couple,dog treats for our dog for our wedding anniversary,,
1174573,Best for Couples,2,9.5,10,10,19,0.105263158,8.766472902,9.259883741,09:29.2,65,307280,52:02.0,SykesPropertyID,SykesPark:0,SykesParkID,291037,1,653235,1,1,1,1,Saturday,52.7598419,-3.976434,,North Wales,Briallen,Current,Hut/Pod/Yurt,4,Ticks 1 to 5,2,4,0,0,319500,266500,"Llechfraith, Gwynedd",Other settlement,Gwynedd,Wales,Llechfraith,North Wales,24/04/2025,24/04/2025,,,Unknown,Unknown,Unknown,0,15,Super Income Maximisation,,No,1,0,0,0,1,1,0,0,1,0,0,0,0,0,0,0,0,1,0,0,1,0,0,0,0,1,0,0,0,1,0,0,1,0,0,0,1,1,1,0,1,0,0,1,0,0,1,0,0,1,criteria met,The perfect romantic getaway.,"peaceful, romantic spot",,,
1169478,Best for Couples,2,9.5,10,10,6,0.333333333,8.766472902,9.259883741,09:29.2,66,,,,,,,,,,,,,,,,,,,,,,,,,,,,,,,,,,,,,,,,,,,,,,,,,,,,,,,,,,,,,,,,,,,,,,,,,,,,,,,,,,,,,,,,,,,,,,,,,no property data - manual review recommended,Myself and my partner had the most amazing holiday at The Fossa.,We stayed here while attending a wedding nearby.,,,
1152543,Best for Couples,2,9.5,10,10,26,0.076923077,8.766472902,9.259883741,09:29.2,67,279900,01:35.0,SykesPropertyID,SykesPark:0,SykesParkID,269755,1,545360,1,2,1,2,Friday,53.8266058,-1.9514291,,West & South Yorkshire,Penny Cottage,Current,House,4,Ticks 1 to 5,3,4,0,0,436500,403500,"Hole, Bradford",Other settlement,Bradford,England,Hole,Yorkshire Dales,10/12/2024,21/12/2024,,,Unknown,Unknown,Unknown,0,17,Super Income Maximisation,,No,1,0,1,0,1,0,0,0,0,0,0,0,0,0,0,1,0,1,1,0,0,1,1,0,0,1,1,0,1,1,0,0,1,0,0,0,0,0,1,0,0,0,0,1,0,0,0,0,0,,review evidence only - manual review recommended,the most romantic getaway,made our anniversary very special,,,
1152208,Best for Couples,2,9.5,10,10,15,0.133333333,8.766472902,9.259883741,09:29.2,68,279488,03:25.0,SykesPropertyID,SykesPark:0,SykesParkID,269424,1,592917,1,1,1,1,Saturday,53.9122161,-2.1872799,,North West & Lancashire,Pear Tree Cottage at Hey Farm,Current,Annex,4,Ticks 1 to 5,2,4,0,0,446500,387500,"Barnoldswick, Lancashire",Town,Lancashire,England,Barnoldswick,Cumbria & The Lake District,15/03/2024,19/03/2024,,,Unknown,Unknown,Unknown,0,17,Partial Plus Income Maximisation,,No,0,0,0,0,1,0,0,0,1,0,0,0,0,0,0,0,0,0,1,0,0,0,1,1,0,1,0,0,1,1,0,0,1,0,0,0,0,1,1,0,0,0,0,1,0,0,1,0,0,1,criteria met,"Perfect size for a couple, cosy and comfortable.",Perfect for a 2 person stay.,,,
1079017,Best for Couples,2,9.5,10,10,11,0.181818182,8.766472902,9.259883741,09:29.2,69,158731,23:44.0,SykesPropertyID,SykesPark:0,SykesParkID,198688,1,65917,0,0,1,1,Friday,52.4146204,-2.8676067,,Shropshire & Telford,Meadow Barn,Current,House,4,Ticks 1 to 5,2,4,0,0,280500,340500,"Broome, Shropshire",Other settlement,Shropshire,England,Broome,Heart of England,03/09/2021,10/09/2021,,,Unknown,Unknown,Unknown,0,20,Super Income Maximisation,,No,1,1,0,0,1,1,0,0,0,0,0,0,0,0,0,1,0,1,0,0,0,0,0,0,0,1,0,0,0,0,0,1,1,0,0,0,1,1,1,0,1,0,0,1,0,0,0,0,0,1,criteria met,We had such a lovely time staying at Meadow Barn for our 30th Wedding Anniversary.,Would definitely recommend for a romantic retreat,,,
921221,Best for Couples,2,9.5,10,10,20,0.1,8.766472902,9.259883741,09:29.2,70,54097,45:52.0,SykesPropertyID,SykesPark:0,SykesParkID,36176,1,100967,0,0,1,1,Friday,54.0729927,-1.9967858,,HP Yorkshire Dales,Manna Cottage,Current,Terraced,3,Ticks 1 to 5,2,3,1,0,464500,400500,"Grassington, North Yorkshire",Other settlement,North Yorkshire,England,Grassington,Yorkshire Dales,20/02/2015,06/03/2015,,,Unknown,Unknown,Unknown,0,20,Full Income Maximisation,,No Option Assigned,1,0,0,0,0,0,0,0,0,0,0,0,0,0,0,1,0,0,0,0,0,0,1,1,0,0,0,0,0,1,0,1,1,0,0,0,0,1,1,0,1,0,0,0,0,0,1,0,0,,review evidence only - manual review recommended,Manna Cottage is ideal for a couple.,It was perfect for two,,,
1130239,Best for Couples,2,9.5,10,10,9,0.222222222,8.766472902,9.259883741,09:29.2,71,225673,43:40.0,SykesPropertyID,SykesPark:0,SykesParkID,248827,302,529548,0,0,1,1,Friday,50.185845,-5.379746,,Cornwall,Godrevy Shepherds Hut,Current,Hut/Pod/Yurt,4,Ticks 1 to 5,2,4,0,0,37500,159500,"Gwinear, Cornwall",Other settlement,Cornwall,England,Gwinear,Cornwall,02/05/2023,06/05/2023,,,Unknown,Unknown,Unknown,0,16.5,Super Income Maximisation,,No,1,0,0,0,1,1,0,0,1,1,0,0,0,0,0,0,1,1,1,1,0,1,0,0,0,1,1,1,0,1,0,0,1,0,0,0,1,1,1,0,0,0,0,1,0,0,1,0,0,1,criteria met,the hut is attractively furnished and very comfortable for two people,Very recommended for couples time away.,,,
1130779,Best for Couples,2,9.5,10,10,13,0.153846154,8.766472902,9.259883741,09:29.2,72,226390,50:44.0,SykesPropertyID,SykesPark:0,SykesParkID,249409,1,530761,1,2,1,1,Friday,52.859477,-3.310232,,North Wales,Cuckoo at Wild Valley Huts,Current,Hut/Pod/Yurt,3,Ticks 1 to 5,2,3,0,0,326500,312500,"Llanrhaeadr-ym-Mochnant, Powys",Other settlement,Powys,Wales,Llanrhaeadr-ym-Mochnant,Mid Wales,07/03/2024,07/03/2024,,,Unknown,Unknown,Unknown,0,17,Partial Plus Income Maximisation,,No,1,0,1,0,1,1,0,0,0,1,0,0,0,0,0,0,0,1,1,1,0,1,0,0,0,1,0,0,1,0,0,0,1,0,0,0,1,1,1,0,1,0,0,1,0,0,1,0,1,,review evidence only - manual review recommended,The shepherd's hut offered such a peaceful and relaxing escape for us as a couple.,the best stay as a little baby moon,,,
975891,Best for Couples,2,9.5,10,10,17,0.117647059,8.766472902,9.259883741,09:29.2,73,98192,05:54.0,SykesPropertyID,SykesPark:0,SykesParkID,98183,343,172925,0,0,1,1,Friday,50.5769538,-3.4698113,,HP Devon South Coast,Exe View,Current,Cottage,4,Ticks 1 to 5,2,4,1,0,76500,296500,"Dawlish, Devon",Town,Devon,England,Dawlish,Devon,02/06/2016,02/06/2016,,,Unknown,Unknown,Unknown,0,20.83,Super Income Maximisation,,No,1,0,0,0,1,0,0,0,1,0,0,0,0,0,0,0,1,0,1,0,0,0,0,0,0,1,0,1,0,1,0,1,0,0,0,0,0,0,1,0,0,0,0,0,0,0,1,0,0,1,criteria met,celebrate our Golden Wedding Anniversary,we were celebration out 50th wedding anniversary,,,
996204,Best for Couples,2,9.5,10,10,9,0.222222222,8.766472902,9.259883741,09:29.2,74,111443,03:57.0,SykesPropertyID,SykesPark:0,SykesParkID,109654,1,195424,0,0,1,1,Saturday,52.0703033,-2.1148952,,Worcestershire,The Hideaway,Current,Annex,4,Ticks 1 to 5,2,4,0,0,241500,392500,"Eckington, Worcestershire",Other settlement,Worcestershire,England,Eckington,Heart of England,21/12/2018,21/12/2018,,,Unknown,Unknown,Unknown,0,18,Super Income Maximisation,17/10/2024,No Option Assigned,1,0,1,0,1,0,0,0,0,0,0,0,0,0,0,0,0,1,0,0,0,1,1,1,0,0,0,0,1,0,0,0,0,0,0,0,1,0,1,0,0,0,0,0,0,0,1,0,0,1,criteria met,Perfect for a couple.,"If you only need room for two, this is perfect!",,,
1090476,Best for Couples,2,9.5,10,10,12,0.166666667,8.766472902,9.259883741,09:29.2,75,173143,31:19.0,SykesPropertyID,SykesPark:0,SykesParkID,210093,1,390630,0,0,1,1,Friday,51.1677551,-3.1054729,,Somerset,Little Knaplock,Current,Annex,4,Ticks 1 to 5,2,4,0,0,141500,322500,"Coultings, Somerset",Other settlement,Somerset,England,Coultings,Somerset,02/06/2022,10/06/2022,,,Unknown,Unknown,Unknown,0,18,Super Income Maximisation,,No,1,1,0,0,0,0,0,0,1,0,0,0,0,0,0,1,0,1,0,0,0,1,0,0,0,1,0,0,0,1,0,1,1,0,0,0,0,1,1,0,1,0,0,1,0,0,1,0,0,1,criteria met,going to book for our 1st anniversary next year,Perfect for a couples getaway.,,,
974621,Best for Couples,2,9.5,10,10,9,0.222222222,8.766472902,9.259883741,09:29.2,76,,,,,,,,,,,,,,,,,,,,,,,,,,,,,,,,,,,,,,,,,,,,,,,,,,,,,,,,,,,,,,,,,,,,,,,,,,,,,,,,,,,,,,,,,,,,,,,,,no property data - manual review recommended,"A lovely cottage in a lovely, romantic location.",The perfect place for a couple to 'get away from it all' for a few days.,,,
952337,Best for Couples,2,9.5,10,10,6,0.333333333,8.766472902,9.259883741,09:29.2,77,102512,58:09.0,SykesPropertyID,SykesPark:0,SykesParkID,119525,1,134564,0,0,2,1,Friday,53.8786005,-2.1081933,,North West & Lancashire,Shawclough Barn,Current,Cottage,5,Ticks 1 to 5,2,5,0,0,443500,393500,"Spring Green, Lancashire",Other settlement,Lancashire,England,Spring Green,Cumbria & The Lake District,25/05/2018,15/06/2018,,,Unknown,Unknown,Unknown,0,18,Fixed Prices,16/11/2021,No Option Assigned,1,1,1,0,1,1,0,0,1,0,0,0,0,0,0,1,0,0,0,0,0,0,0,0,0,0,0,0,0,1,0,0,1,0,0,0,0,0,1,0,0,0,0,0,0,0,0,0,0,1,criteria met,What a fantastic romantic retreat.,"All in all, nice relaxing weekend for two, would highly recommend.",,,
951606,Best for Couples,2,9.5,10,10,11,0.181818182,8.766472902,9.259883741,09:29.2,78,120522,10:54.0,SykesPropertyID,SykesPark:0,SykesParkID,79630,1,131669,0,0,1,1,Friday,53.2298607,-3.1125761,,North Wales,Ewe Two,Current,Hut/Pod/Yurt,4,Ticks 1 to 5,2,4,0,0,371500,326500,"Oakenholt, Flintshire",Other settlement,Flintshire,Wales,Oakenholt,North Wales,30/07/2019,02/08/2019,,,Unknown,Unknown,Unknown,0,18,Super Income Maximisation,,No Option Assigned,1,0,0,0,0,1,0,0,1,0,0,0,0,0,0,0,0,0,0,0,0,1,0,0,0,1,0,1,0,1,0,1,1,0,0,0,0,1,1,0,1,0,0,1,0,0,1,0,1,1,criteria met,"This was mine and my fiancé first trip just us with no kids, and such a great experience that as soon as we got home we booked for next year to come back as our honeymoon weekend.",My partner and I stayed at Ewe Two for a long weekend to celebrate her birthday,,,
1107439,Best for Couples,2,9.5,10,10,15,0.133333333,8.766472902,9.259883741,09:29.2,79,194757,03:06.0,SykesPropertyID,SykesPark:0,SykesParkID,225753,402,169507,1,1,1,1,Friday,54.8803438,-2.7628472,,Cumbria East of M6,High Rigg Shepherd's Sunrise,Current,Hut/Pod/Yurt,5,Ticks 1 to 5,2,5,0,0,555500,350500,"Faugh, Cumbria",Other settlement,Cumbria,England,Faugh,Cumbria & The Lake District,08/06/2022,10/06/2022,,,Unknown,Unknown,Unknown,0,15,Super Income Maximisation,,No,1,0,1,0,1,1,0,0,1,1,0,0,0,0,0,0,0,1,0,0,0,1,0,0,0,1,1,0,0,1,0,0,1,0,0,0,1,1,1,0,1,0,0,1,0,0,1,0,0,1,criteria met,our monthly couple get away,I would absolutely recommend this to couples with dogs looking for an escape from it all.,,,
988934,Best for Couples,2,9.5,10,10,17,0.117647059,8.766472902,9.259883741,09:29.2,80,106441,54:48.0,SykesPropertyID,SykesPark:0,SykesParkID,85367,365,187793,1,2,1,1,Saturday,50.9927744,-1.7431622,,Wiltshire,Pop's Barn,Current,Cottage,4,Ticks 1 to 5,2,4,0,0,121500,418500,"Downton, Wiltshire",Other settlement,Wiltshire,England,Downton,Cotswolds,11/07/2017,11/07/2017,,,Unknown,Unknown,Unknown,0,18,Super Income Maximisation,29/09/2025,No Option Assigned,0,1,1,0,1,0,0,0,0,0,0,0,0,0,0,1,0,0,1,0,0,1,1,1,0,1,0,0,1,1,0,0,1,0,1,1,1,1,1,0,1,0,0,0,0,0,1,0,0,1,criteria met,My husband and I came here for our first wedding anniversary.,"A lovely little getaway for either a touring base, or romantic days in.",,,
983802,Best for Couples,2,9.5,10,10,5,0.4,8.766472902,9.259883741,09:29.2,81,102382,34:21.0,SykesPropertyID,SykesPark:0,SykesParkID,79770,343,173057,0,0,1,1,Friday,50.540672,-4.221038,,Devon,Rock View Shepherd's Hut,Current,Hut/Pod/Yurt,3,Ticks 1 to 5,2,3,0,0,72500,241500,"Chilsworthy, Cornwall",Other settlement,Cornwall,England,Chilsworthy,Cornwall,21/05/2018,21/05/2018,,,Unknown,Unknown,Unknown,0,18,Super Income Maximisation,,No,0,0,0,0,1,1,0,0,1,1,0,0,0,0,0,0,0,1,0,0,0,0,0,0,0,1,0,0,0,1,0,0,1,0,0,0,0,0,1,0,0,0,0,0,0,0,1,0,0,,review evidence only - manual review recommended,"Me and my partner had come for valentine's day and there was flowers, chocolates and some prosecco waiting for us!",Lovely space for 2,,,
1120972,Best for Couples,2,9.5,10,10,29,0.068965517,8.766472902,9.259883741,09:29.2,82,212231,11:02.0,SykesPropertyID,SykesPark:0,SykesParkID,239879,1,502581,1,3,10,8,Friday,52.7101937,-2.1071601,,Heart of England,Otherton Hall,Current,House detached,5,Ticks 1 to 5,16,5,0,0,312500,392500,"Otherton, Staffordshire",Other settlement,Staffordshire,England,Otherton,Peak District,26/10/2023,11/12/2023,,,Unknown,Unknown,Unknown,0,15,Super Income Maximisation,,No,1,1,1,1,1,0,1,0,0,0,1,1,0,0,1,1,0,1,1,0,0,1,0,0,0,1,0,1,0,1,0,0,1,0,0,0,0,1,1,0,1,1,0,1,0,0,0,0,0,,review evidence only - manual review recommended,We had a marvellous 50th anniversary with our family,the perfect girls getaway,,,
1164247,Best for Couples,2,9.5,10,10,26,0.076923077,8.766472902,9.259883741,09:29.2,83,294230,25:53.0,SykesPropertyID,SykesPark:0,SykesParkID,281100,1,486356,1,2,1,1,Saturday,53.1501222,-1.572296,,HP Peak District,Holbein,Current,Lodge,4,Ticks 1 to 5,2,4,1,0,362500,428500,"Two Dales, Derbyshire",Other settlement,Derbyshire,England,Two Dales,Peak District,02/04/2025,04/04/2025,,,Unknown,Unknown,Unknown,0,15,Super Income Maximisation,,No,0,0,1,0,1,1,0,0,1,1,0,0,0,0,0,0,0,0,1,1,0,1,0,0,0,1,0,1,1,1,0,0,1,0,0,0,1,1,1,0,1,0,0,1,1,0,1,0,0,1,criteria met,It was also where my now fiancé proposed to me.,Me and my partner have stayed in many cottages and cabins and this is definitely one of our favourites.,,,
1164740,Best for Couples,2,9.5,10,10,22,0.090909091,8.766472902,9.259883741,09:29.2,84,294954,14:46.0,SykesPropertyID,SykesPark:0,SykesParkID,281625,1,548012,1,2,5,6,Friday,53.7784398,-2.1986619,,North West & Lancashire,Laithe House,Current,House detached,5,Ticks 1 to 5,12,5,0,0,430500,386500,"Walk Mill, Lancashire",Other settlement,Lancashire,England,Walk Mill,Cumbria & The Lake District,20/06/2025,04/07/2025,,,Unknown,Unknown,Unknown,0,15,Super Income Maximisation,,No,1,1,1,0,1,1,0,0,1,0,0,0,0,0,0,1,0,1,1,0,0,1,0,0,0,1,0,0,0,1,0,0,1,0,0,1,0,1,1,0,1,1,0,1,0,1,0,0,0,,review evidence only - manual review recommended,to celebrate my husbands 50th & our 25th anniversary,It was perfect for a special celebration.,,,
1045850,Best for Couples,2,9.5,10,10,19,0.105263158,8.766472902,9.259883741,09:29.2,85,130632,34:21.0,SykesPropertyID,SykesPark:0,SykesParkID,166419,1,208874,0,0,2,2,Friday,53.83962,-1.9272834,,West & South Yorkshire,Little Barn,Current,Cottage,4,Ticks 1 to 5,4,4,0,0,438500,404500,"Cackleshaw, Bradford",Other settlement,Bradford,England,Cackleshaw,Yorkshire Dales,05/12/2020,16/12/2020,,,Unknown,Unknown,Unknown,0,18,Super Income Maximisation,,No,1,1,1,0,1,1,0,0,1,1,0,0,0,0,0,1,0,1,0,0,0,0,0,0,0,1,0,1,1,1,0,1,1,0,0,1,1,1,1,0,0,1,0,0,0,0,0,0,0,,review evidence only - manual review recommended,we couldn't of asked for a more romantic break,The bath in the bedroom is big enough for two as well!,,,
1138687,Best for Couples,2,9.5,10,10,27,0.074074074,8.766472902,9.259883741,09:29.2,86,235318,10:23.0,SykesPropertyID,SykesPark:0,SykesParkID,257043,437,552538,1,1,1,1,Friday,52.3847598,1.3707684,,Suffolk,Utopia,Current,Hut/Pod/Yurt,5,Ticks 1 to 5,2,5,0,0,280500,629500,"Metfield, Suffolk",Other settlement,Suffolk,England,Metfield,East Anglia,19/07/2023,28/07/2023,,,Unknown,Unknown,Unknown,0,18,Partial Income Maximisation,,Yes,1,0,0,0,1,0,0,0,1,0,0,0,0,0,0,0,0,0,0,0,0,0,0,0,0,1,0,0,0,1,0,0,1,0,0,0,0,1,1,0,0,0,0,0,0,1,0,0,1,1,criteria met,"If you are looking for a lovely, romantic getaway you would have to go a long way to better this.",especially for a romantic break,,,
1076229,Best for Couples,2,9.5,10,10,19,0.105263158,8.766472902,9.259883741,09:29.2,87,154989,27:32.0,SykesPropertyID,SykesPark:0,SykesParkID,195819,1,345026,1,2,1,1,Friday,51.9157813,-2.6006559,,HP Herefordshire,Old Pump Cottage,Current,Cottage,4,Ticks 1 to 5,2,4,1,0,224500,358500,"Wilton, Herefordshire",Other settlement,Herefordshire,England,Wilton,Heart of England,24/09/2021,30/09/2021,,,Unknown,Unknown,Unknown,0,17,Super Income Maximisation,,No,1,1,1,0,1,0,0,0,0,0,0,0,0,0,0,1,0,1,1,0,0,1,1,1,0,1,0,0,0,1,0,0,1,0,0,0,0,1,1,0,1,0,0,1,0,0,1,0,0,1,criteria met,"Delightful, cosy and romantic.","Cosy, quirky and romantic.",,,
1024465,Best for Couples,2,9.5,10,10,13,0.153846154,8.766472902,9.259883741,09:29.2,88,,,,,,,,,,,,,,,,,,,,,,,,,,,,,,,,,,,,,,,,,,,,,,,,,,,,,,,,,,,,,,,,,,,,,,,,,,,,,,,,,,,,,,,,,,,,,,,,,no property data - manual review recommended,perfect for a couple and a dog wanting to relax,Perfect for 2 people,,,
1038202,Best for Couples,2,9.5,10,10,21,0.095238095,8.766472902,9.259883741,09:29.2,89,127360,39:12.0,SykesPropertyID,SykesPark:0,SykesParkID,158794,1,120627,1,2,1,1,Saturday,55.9011634,-2.160124,,Scottish Lowlands,Adams House,Current,Annex,4,Ticks 1 to 5,2,4,0,0,666500,390500,"Coldingham, Scottish Borders",Other settlement,Scottish Borders,Scotland,Coldingham,Southern Scotland,30/03/2020,06/06/2020,,,Unknown,Unknown,Unknown,0,18,Super Income Maximisation,,No,1,1,1,0,1,0,0,1,1,0,0,0,0,0,0,1,1,1,1,1,0,0,0,0,0,1,1,0,0,1,0,0,1,0,0,1,1,1,1,0,0,0,0,0,0,0,1,0,1,1,criteria met,perfect for a couple,Great as a couples retreat!!,,,
26406,Best for Couples,2,9.5,10,10,14,0.142857143,8.766472902,9.259883741,09:29.2,90,83371,24:48.0,SykesPropertyID,SykesPark:0,SykesParkID,25660,1,79480,0,0,1,1,Saturday,53.1453404,-2.3078235,,Peak District & Derbyshire,Chequer Stable,Current,Detached,4,Ticks 1 to 5,3,4,0,0,361500,378500,"Arclid Green, Cheshire",Other settlement,Cheshire,Wales,Arclid Green,North Wales,17/11/2016,05/12/2016,,,Unknown,Unknown,Unknown,0,20,Partial Plus Income Maximisation,,No Option Assigned,1,0,1,0,1,0,0,1,1,1,0,0,0,0,0,0,0,1,1,0,0,1,0,0,0,1,0,0,0,1,0,1,1,0,0,0,0,1,1,0,1,0,0,0,0,0,1,0,0,,review evidence only - manual review recommended,an ideal base for us as a couple,We would highly recommend this cottage for a couple!,,,
24339,Best for Couples,2,9.5,10,10,17,0.117647059,8.766472902,9.259883741,09:29.2,91,49235,34:21.0,SykesPropertyID,SykesPark:0,SykesParkID,16470,1,80490,0,0,1,2,Saturday,54.2495798,-0.777801,,HP North York Moors,Beck Cottage,Current,Semi detached,4,Ticks 1 to 5,4,4,1,0,484500,479500,"Pickering, North Yorkshire",Town,North Yorkshire,England,Pickering,North York Moors & Coast,17/12/2013,18/12/2013,,,Unknown,Unknown,Unknown,0,20,Full Income Maximisation,,No Option Assigned,1,1,0,0,1,0,0,0,1,0,0,0,0,0,0,1,0,0,0,0,0,1,1,1,0,0,0,1,0,1,0,1,1,0,0,0,0,0,1,0,1,1,0,0,0,0,0,0,0,,review evidence only - manual review recommended,we are already booked for August 26 for our silver wedding celebration,the cake was beautiful and the chocolates and wine and the card for our anniversary,,,
1181883,Best for Couples,2,9.5,10,10,21,0.095238095,8.766472902,9.259883741,09:29.2,92,317644,34:30.0,SykesPropertyID,SykesPark:537,SykesParkID,296903,1,664035,0,0,2,1,Friday,54.3575052,-1.6938725,Badgers Retreat Holiday Park,HP Yorkshire Dales,15 Badgers Retreat - Two Dales,Current,Lodge,4,Ticks 1 to 5,2,4,1,0,496500,418500,"Scotton, North Yorkshire",Other settlement,North Yorkshire,England,Scotton,Yorkshire Dales,04/08/2025,04/08/2025,,,Unknown,Unknown,Unknown,0,18,Super Income Maximisation,,No,1,1,1,0,1,1,0,0,0,0,0,0,0,0,0,1,0,1,1,0,0,0,0,0,0,1,0,0,0,1,0,1,1,0,0,0,1,1,1,0,0,0,0,1,1,0,0,0,0,1,criteria met,I recently spent three nights here with the wife for some peace and quiet and take time out to relax.,Perfect for 2 people and a lovely little surprise waiting for you.,,,
1182786,Best for Couples,2,9.5,10,10,11,0.181818182,8.766472902,9.259883741,09:29.2,93,318742,00:26.0,SykesPropertyID,SykesPark:0,SykesParkID,297760,400,546125,1,2,1,1,Friday,52.1365358,-4.1601414,,Mid Wales,Yr Awen - Inspiration,Current,Unique wow (Castle / lighthouse / thatched),5,Ticks 1 to 5,2,5,0,0,251500,252500,"Cribyn, Ceredigion",Other settlement,Ceredigion,Wales,Cribyn,Mid Wales,29/09/2025,29/09/2025,,,Unknown,Unknown,Unknown,0,15,Full Income Maximisation,,No,1,1,1,0,1,1,0,0,1,0,0,0,0,0,0,0,0,1,1,1,0,1,0,0,0,1,0,0,1,1,0,0,1,0,0,0,1,1,1,0,1,0,0,1,0,1,1,0,1,1,criteria met,it made for a prefect weekend away,the perfect place for a romantic getaway,,,
1050872,Best for Couples,2,9.5,10,10,13,0.153846154,8.766472902,9.259883741,09:29.2,94,135435,39:12.0,SykesPropertyID,SykesPark:0,SykesParkID,171278,1,68785,0,0,1,1,Saturday,56.32447,-5.483155,,Scottish Highlands,The River Lodge,Current,Lodge,4,Ticks 1 to 5,2,4,0,0,723500,185500,"Knipoch, Argyll and Bute",Other settlement,Argyll and Bute,Scotland,Knipoch,Central Scotland,09/12/2020,19/12/2020,,,Unknown,Unknown,Unknown,0,20,Super Income Maximisation,,No,1,1,1,0,1,1,0,0,1,1,0,0,0,0,0,0,0,1,0,1,0,0,0,0,0,0,1,1,0,1,0,1,1,0,0,0,1,1,1,0,0,0,0,0,1,0,1,0,0,1,criteria met,fantastic help from owner for our valentines weekend,The accommodation is ample for a couple,,,
1140450,Best for Couples,2,9.5,10,10,11,0.181818182,8.766472902,9.259883741,09:29.2,95,237418,05:18.0,SykesPropertyID,SykesPark:0,SykesParkID,258728,1,292971,0,0,1,1,Friday,53.3056105,-0.8958624,,Central England,Limetree Luxury Glamping Southdown,Current,Hut/Pod/Yurt,4,Ticks 1 to 5,2,4,0,0,379500,473500,"Grove, Nottinghamshire",Other settlement,Nottinghamshire,England,Grove,Peak District,10/04/2024,15/04/2024,,,Unknown,Unknown,Unknown,0,15,Super Income Maximisation,,No,1,0,0,0,1,1,0,1,1,0,0,0,0,0,0,0,0,1,1,1,0,1,0,0,0,1,0,1,0,1,0,1,1,0,0,0,1,1,1,0,0,0,0,1,0,0,1,0,1,1,criteria met,We had our honeymoon here,The shepherd's huts are geared towards couples,,,
1075625,Best for Couples,2,9.5,10,10,8,0.25,8.766472902,9.259883741,09:29.2,96,154211,09:40.0,SykesPropertyID,SykesPark:0,SykesParkID,195161,1,269463,1,1,1,1,Friday,54.272707,-0.4366831,,HP North York Coast,Kaitkyella Lodge,Current,Lodge,4,Ticks 1 to 5,4,4,1,0,487500,502500,"Falsgrave, North Yorkshire",Other settlement,North Yorkshire,England,Falsgrave,North York Moors & Coast,11/06/2021,11/06/2021,,,Unknown,Unknown,Unknown,0,18,Super Income Maximisation,,No,1,0,1,0,1,1,0,1,1,0,0,0,0,0,0,0,1,1,1,0,0,1,0,0,0,1,0,1,0,1,0,0,1,0,0,0,0,1,1,0,0,0,0,1,1,1,1,0,0,,review evidence only - manual review recommended,We got married here over the weekend,Highly recommend to couples.,,,
1070889,Best for Couples,2,9.5,10,10,31,0.064516129,8.766472902,9.259883741,09:29.2,97,148221,18:07.0,SykesPropertyID,SykesPark:0,SykesParkID,190584,1,332750,0,0,1,1,Friday,54.3932925,-1.7320923,,HP Yorkshire Dales,Woodland View,Current,Apartment,5,Ticks 1 to 5,2,5,1,0,500500,416500,"Holly Hill, North Yorkshire",Other settlement,North Yorkshire,England,Holly Hill,Yorkshire Dales,28/04/2021,30/04/2021,,,Unknown,Unknown,Unknown,0,18,Partial Plus Income Maximisation,,No,1,0,0,0,1,1,0,0,1,0,0,1,0,0,0,0,0,1,0,0,0,0,0,0,0,0,0,0,0,1,0,1,1,0,0,0,0,1,1,0,0,0,0,0,0,0,1,0,0,1,criteria met,perfect place for our couple getaway!,we arrived to a lovely welcoming surprise of flowers prosecco and chocolates,,,
1132741,Best for Couples,2,9.5,10,10,7,0.285714286,8.766472902,9.259883741,09:29.2,98,228448,25:53.0,SykesPropertyID,SykesPark:0,SykesParkID,251258,1,535834,0,0,1,1,Friday,53.269995,-3.413647,,North Wales,Cornelyn Bach,Current,House detached,5,Ticks 1 to 5,2,5,0,0,377500,306500,"Cwm, Denbighshire",Other settlement,Denbighshire,Wales,Cwm,North Wales,16/06/2023,16/06/2023,,,Unknown,Unknown,Unknown,0,15,Partial Plus Income Maximisation,,No,1,1,1,0,1,0,0,0,1,1,0,0,0,0,0,0,1,1,1,1,0,1,0,0,0,1,0,0,0,1,0,1,1,0,0,0,1,1,1,0,1,0,0,1,0,0,1,0,0,1,criteria met,Perfect bolthole for a couple.,It is lovely for two & cosy.,,,
1129189,Best for Couples,2,9.5,10,10,20,0.1,8.766472902,9.259883741,09:29.2,99,224511,01:07.0,SykesPropertyID,SykesPark:0,SykesParkID,247835,1,527368,0,0,1,1,Saturday,53.187406,-4.2044665,,HP - Wales North West Coast,Apartment 16,Current,Apartment,4,Ticks 1 to 5,2,4,1,0,367500,252500,"Y Felinheli, Gwynedd",Other settlement,Gwynedd,Wales,Y Felinheli,North Wales,29/06/2023,29/06/2023,,,Unknown,Unknown,Unknown,0,15,Super Income Maximisation,,Yes,1,1,0,0,0,0,0,0,1,0,0,0,0,0,0,1,1,0,1,0,0,0,0,1,0,1,0,0,1,1,0,1,1,0,0,0,0,1,1,0,0,0,0,1,0,0,1,0,0,1,criteria met,A great location for couples to explore Anglesey and Snowdonia.,great for couples or people with a baby like us,,,
1135420,Best for Couples,2,9.5,10,10,8,0.25,8.766472902,9.259883741,09:29.2,100,,,,,,,,,,,,,,,,,,,,,,,,,,,,,,,,,,,,,,,,,,,,,,,,,,,,,,,,,,,,,,,,,,,,,,,,,,,,,,,,,,,,,,,,,,,,,,,,,no property data - manual review recommended,The Lodge is perfect for a couple,perfect for myself and my husband,,,
1129683,Best for Large Groups,9,9.777777778,10,9.777777778,12,0.75,9.168298675,9.45653476,09:29.2,1,225052,18:07.0,SykesPropertyID,SykesPark:0,SykesParkID,248193,1,521834,1,4,9,10,Friday,54.89511153,-2.92104825,,Cumbria West of M6,Fern Lee,Current,House detached,4,Ticks 1 to 5,20,4,0,0,556500,341500,"Rickerby, Cumbria",Other settlement,Cumbria,England,Rickerby,Cumbria & The Lake District,15/07/2023,15/07/2023,,,Unknown,Unknown,Unknown,0,12,Super Income Maximisation,,No,1,0,0,0,1,1,0,0,0,0,0,0,0,0,0,1,0,0,1,0,0,1,1,1,0,1,0,1,1,1,0,0,1,0,0,1,1,1,1,0,0,1,0,1,0,0,0,0,0,1,criteria met,ideal for our family of 17 ( aged 7-87),We stayed at Fern Lee as a family of 20.,We celebrated my husbands birthday and renewal of our vows at Fern Lee with our family and friends.,This was our second visit to Fern Lee as a family of 20.,Just right for a group of 16 pensioners!!!
1022219,Best for Large Groups,17,9.411764706,10,9.882352941,23,0.739130435,9.118432401,9.447530029,09:29.2,2,130573,42:39.0,SykesPropertyID,SykesPark:0,SykesParkID,143695,1,227878,0,0,12,11,Friday,54.3200455,-2.5014472,,HP Yorkshire Dales,Oakdene Country House,Current,House,5,Ticks 1 to 5,23,5,1,0,491500,367500,"Hollins, Cumbria",Other settlement,Cumbria,England,Hollins,Cumbria & The Lake District,22/12/2020,01/03/2021,,,Unknown,Unknown,Unknown,0,15,Super Income Maximisation,,No,1,1,0,1,1,1,0,0,1,1,0,0,0,0,0,1,0,1,0,0,0,0,0,0,0,1,0,0,0,1,0,1,1,0,1,1,1,1,1,0,1,1,0,0,0,1,0,0,1,1,criteria met,We recently hosted a get together of a special occasion at Oakdene Country House for 23 people.,We had all of our family together for a Golden Wedding celebration,"This is the 4th time we have stayed at Oakdene, all 23 ladies, and we have booked for next year too.",The hot tubs and games room were the icing on the cake.,Our party of 16 ranging in age from 7 to 82 had a fabulous week.
1076512,Best for Large Groups,6,9.833333333,10,10,13,0.461538462,9.074854676,9.444912806,09:29.2,3,155191,54:42.0,SykesPropertyID,SykesPark:0,SykesParkID,196036,1,348612,1,2,3,6,Friday,54.6123392,-2.4811565,,Cumbria East of M6,Dudmire,Current,House,5,Ticks 1 to 5,12,5,0,0,524500,369500,"Town Head, Cumbria",Other settlement,Cumbria,England,Town Head,Cumbria & The Lake District,06/08/2021,07/08/2021,,,Unknown,Unknown,Unknown,0,20,Super Income Maximisation,28/07/2021,No,1,1,1,0,1,0,0,0,0,1,0,0,0,0,0,1,0,1,1,0,0,1,0,0,0,1,0,1,0,1,0,0,1,0,0,1,1,1,1,0,1,1,0,1,0,0,0,0,0,1,criteria met,just right for a family gathering where ages ranged from 70 years to 18 months,We were a party of 8,Multi generation family break.,Absolutely perfect for our family get-together!,12 Adults and 1 dog stayed for my Birthday weekend and we couldn't have asked for more!! The house is very roomy and comfortable. All bedrooms are a very good size. 12 of us had no problems at all and had plenty of room to ourselves.
922718,Best for Large Groups,4,10,10,10,11,0.363636364,9.01411963,9.408471778,09:29.2,4,56799,42:54.0,SykesPropertyID,SykesPark:0,SykesParkID,43300,1,102518,1,2,3,7,Friday,54.1468154,-2.0477905,,HP Yorkshire Dales,Fern House,Current,Detached,4,Ticks 1 to 5,12,4,1,0,472500,397500,"Kettlewell, North Yorkshire",Other settlement,North Yorkshire,England,Kettlewell,Yorkshire Dales,29/06/2015,03/07/2015,,,Unknown,Unknown,Unknown,0,17,Super Income Maximisation,,No Option Assigned,1,1,1,0,1,0,0,0,1,1,0,0,0,0,0,1,0,0,0,0,0,0,1,1,0,1,0,0,0,1,0,0,1,0,1,1,0,1,1,0,1,1,0,0,0,1,0,0,0,1,criteria met,this house is fantastic for a family get together.,great for our family get together,even for 11 people sitting down together in the dinning room,It is an excellent property for a large family group as the annexe is available for those who want some peace and quiet.,
1106632,Best for Large Groups,4,10,10,10,13,0.307692308,9.01411963,9.408471778,09:29.2,5,197947,53:36.0,SykesPropertyID,SykesPark:0,SykesParkID,228444,441,447951,0,0,3,4,Saturday,50.728192,-2.937191,,HP Devon South Coast,Lightkeepers Cottage,Current,House,4,Ticks 1 to 5,8,4,1,0,92500,334500,"Lyme Regis, Dorset",Town,Dorset,England,Lyme Regis,Dorset,06/09/2021,06/09/2021,,,Unknown,Unknown,Unknown,0,20,Super Income Maximisation,,Yes,1,1,1,0,1,0,0,0,1,0,0,0,0,0,0,1,1,0,1,0,0,0,1,1,0,0,0,0,0,1,0,0,1,0,0,0,0,1,1,0,0,1,0,0,0,0,0,0,0,,review evidence only - manual review recommended,suited our extended family very well,We were a group of two families of 4 staying at this property.,Perfect accommodation for large family group.,"It was perfect for three couples, who have been friends for a long time, to meet and catch up.",
1027356,Best for Large Groups,26,9.25,10,9.807692308,45,0.577777778,9.074935412,9.406499709,09:29.2,6,130322,00:35.0,SykesPropertyID,SykesPark:0,SykesParkID,147942,1,236658,1,4,6,11,Friday,52.4923028,-2.9978448,,HP Shropshire,The Boars Head Pub,Current,House detached,5,Ticks 1 to 5,25,5,1,0,288500,332500,"Bishop's Castle, Shropshire",Town,Shropshire,England,Bishop's Castle,Heart of England,22/04/2020,01/07/2020,,,Unknown,Unknown,Unknown,0,18,Super Income Maximisation,,No,1,1,0,1,1,1,0,0,0,0,1,1,0,0,0,1,0,1,0,0,0,0,1,1,0,1,0,0,0,1,0,0,1,0,0,1,1,0,1,0,1,1,0,0,0,0,0,0,1,1,criteria met,"we came here for my friends stag do and it didn’t disappoint. Great facilities, beers on tap easily sorted before the stay and turned up with everything ready to go. There’s something for everyone here.",the perfect place for a family gathering across all ages - ours was 3 years to 87,We had a fantastic stay at the boar's head with 20 of us there for a stag do.,"The house was spotlessly clean, spacious, and perfectly set up for a large group.","The accommodation is perfect for the size of our group and so much for everyone to do, children and adults all had the best time!"
947385,Best for Large Groups,8,9.777777778,10,9.555555556,10,0.8,9.134438725,9.391774346,09:29.2,7,86316,43:39.0,SykesPropertyID,SykesPark:0,SykesParkID,78021,1,69336,1,2,5,7,Friday,52.475784,-2.774464,,Shropshire & Telford,The Old Farmhouse,Current,Detached,5,Ticks 1 to 5,14,5,0,0,286500,347500,"Westhope, Shropshire",Other settlement,Shropshire,England,Westhope,Heart of England,05/07/2017,07/07/2017,,,Unknown,Unknown,Unknown,0,15,Full Income Maximisation,,No Option Assigned,1,1,0,1,1,1,0,0,1,1,1,0,1,1,0,1,0,0,0,0,0,0,0,0,0,1,0,0,0,1,0,0,1,0,1,1,0,0,1,0,0,1,0,1,0,0,0,0,0,1,criteria met,was perfect for 7 of us who all wanted our own room,the cottage was perfect for our family celebration with plenty of space for 14 of us,We went with a family of 14 and it was perfect,The Old Farm House was a perfect home for a large group.,Party of 14 stayed for a long weekend in the old farmhouse.
927149,Best for Large Groups,15,9.266666667,10,9.933333333,25,0.6,9.007906993,9.391410862,09:29.2,8,87154,58:09.0,SykesPropertyID,SykesPark:0,SykesParkID,38433,1,92047,0,0,7,7,Friday,54.6152492,-2.0082516,,The North East,Jacob's Lodge,Current,Detached,5,Ticks 1 to 5,16,5,0,0,524500,399500,"Hill Top, Durham",Other settlement,Durham,England,Hill Top,Yorkshire Dales,22/03/2017,26/05/2017,,,Unknown,Unknown,Unknown,0,16,Super Income Maximisation,,No Option Assigned,1,1,0,1,1,1,0,0,1,1,1,1,0,0,0,1,0,1,0,0,0,0,1,0,0,1,0,0,0,1,0,0,1,0,1,1,0,1,1,0,0,1,0,0,0,1,0,0,0,1,criteria met,the perfect place for our group of eleven friends meeting up for a short break,plenty of room for all the family to have their own space,perfect for family and friends to get together,Wonderful stay with all the family.,We would highly recommend this property for a large group get together.
1172267,Best for Large Groups,8,9.5,10,9.875,14,0.571428571,9.010981934,9.381589161,09:29.2,9,304233,37:20.0,SykesPropertyID,SykesPark:0,SykesParkID,288824,1,649109,1,2,7,8,Friday,57.0813096,-4.0560573,,HP Cairngorms,Old Distillery Lodge,Current,House detached,4,Ticks 1 to 5,19,4,1,0,800500,275500,"Kingussie, Highland",Town,Highland,Scotland,Kingussie,Highlands and Islands,30/05/2025,30/05/2025,,,Unknown,Unknown,Unknown,0,14,Full Income Maximisation,,No,1,1,1,1,1,1,0,0,1,0,1,0,0,0,0,1,0,1,1,0,1,0,1,0,0,1,0,1,1,0,0,0,1,0,0,0,1,1,1,0,1,1,0,1,0,0,0,0,0,1,criteria met,it’s the perfect place for big groups as there is so much space.,"We were a group of 8 adults and 8 children, ranging from 4years old to 75 years old. There was more than enough room in the house for us all and it never once felt crowded.",There were 14 of us in total and we spent it in comfort.,Perfect for a family get together celebrating a big birthday! Everywhere was spotless and there was a great amount of space for everyone.,Get together for family of 14 (all ages). Spacious plenty of room for all ages and children to play.
1097476,Best for Large Groups,11,9.454545455,10,9.727272727,13,0.846153846,9.057032134,9.379673826,09:29.2,10,182972,13:07.0,SykesPropertyID,SykesPark:0,SykesParkID,216887,1,416603,1,2,7,9,Friday,52.0832718,-4.6810787,,HP - Wales Mid Wales Coast,Teifi Villa,Current,House detached,4,Ticks 1 to 5,18,4,1,0,246500,216500,"Albro Castle, Ceredigion",Other settlement,Ceredigion,Wales,Albro Castle,Mid Wales,09/05/2023,26/05/2023,,,Unknown,Unknown,Unknown,0,15,Super Income Maximisation,,Yes,1,1,1,1,1,1,0,0,1,0,0,0,0,0,0,1,1,0,1,0,0,1,1,1,0,1,0,0,0,1,0,0,1,0,1,1,1,1,1,0,1,1,0,1,0,0,0,0,0,1,criteria met,suit our mixed generations family group perfectly,fabulous home that was amazing for our 3 families to enjoy,We were a large group but there was plenty of room for us all.,The owners have thought of everything a large group could need.,Excellent property for our party. 8 of us. We pushed the boat out as everyone wanted their own room and some luxury
1120972,Best for Large Groups,22,9.159090909,10,9.909090909,29,0.75862069,8.990552338,9.376149585,09:29.2,11,212231,11:02.0,SykesPropertyID,SykesPark:0,SykesParkID,239879,1,502581,1,3,10,8,Friday,52.7101937,-2.1071601,,Heart of England,Otherton Hall,Current,House detached,5,Ticks 1 to 5,16,5,0,0,312500,392500,"Otherton, Staffordshire",Other settlement,Staffordshire,England,Otherton,Peak District,26/10/2023,11/12/2023,,,Unknown,Unknown,Unknown,0,15,Super Income Maximisation,,No,1,1,1,1,1,0,1,0,0,0,1,1,0,0,1,1,0,1,1,0,0,1,0,0,0,1,0,1,0,1,0,0,1,0,0,0,0,1,1,0,1,1,0,1,0,0,0,0,0,1,criteria met,"the sheer size of the property, where our 14 family members had lots of space and different areas to relax as well as come together.",We couldn't fault the amenities and the kitchen facilities,Super accommodation for a family gathering of all ages.,Perfect house for family gatherings.,Perfect house for a large family gathering.
1121980,Best for Large Groups,9,9.333333333,10,10,20,0.45,8.957772359,9.374663415,09:29.2,12,217686,23:28.0,SykesPropertyID,SykesPark:0,SykesParkID,242978,438,505647,1,2,4,5,Friday,55.57845979,-1.659968534,,HP Northumberland,Marmalade Cottage,Current,House detached,5,Ticks 1 to 5,10,5,1,0,631500,421500,"North Sunderland, Northumberland",Other settlement,Northumberland,England,North Sunderland,Northumberland,09/09/2019,09/09/2019,,,Unknown,Unknown,Unknown,0,9,Super Income Maximisation,,No,1,1,1,0,1,0,0,0,1,1,0,0,0,0,0,1,1,0,0,0,0,0,1,1,0,0,0,0,0,0,0,0,1,0,0,1,0,1,1,0,0,1,0,0,0,0,0,0,0,1,criteria met,easily accommodating the needs of various generations,We were celebrating my husbands special birthday with our family,It was very well suited to a family get together and everyone was happy with their rooms and en-suite facilities.,Absolutely fantastic place for our big family group.,"perfect for 6 adults, 4 young children"
1125757,Best for Large Groups,6,9.666666667,10,9.833333333,7,0.857142857,9.012354676,9.374079472,09:29.2,13,220683,06:39.0,SykesPropertyID,SykesPark:0,SykesParkID,244472,1,518030,1,2,2,4,Friday,51.1508326,-2.8928281,,Somerset,Canny Croft,Current,House detached,4,Ticks 1 to 5,9,4,0,0,139500,337500,"Chilton Polden, Somerset",Other settlement,Somerset,England,Chilton Polden,Somerset,01/05/2024,24/05/2024,,,Unknown,Unknown,Unknown,0,18,Super Income Maximisation,,No,1,1,1,0,1,0,0,0,1,1,0,0,0,0,0,1,0,0,0,0,0,0,0,0,0,0,0,0,1,1,0,0,1,0,1,1,0,1,1,0,1,1,0,1,0,0,0,0,0,,review evidence only - manual review recommended,Perfect for our family reunion - parking for up to 4 cars and clear access via the huge back porch into the giant (and joined) kitchen and dining space.,Perfect cottage for our family of 7 adults and 2 children.,"It suited our family get together perfectly with a well equipped kitchen, stunning gardens, extremely comfortable beds and a lovely spacious lounge room",Accommodation was perfect for our group of 8 adults,plenty of space for everyone
935921,Best for Large Groups,14,9.357142857,10,9.714285714,21,0.666666667,9.049903118,9.372799013,09:29.2,14,78340,25:21.0,SykesPropertyID,SykesPark:0,SykesParkID,44357,1,96451,1,2,4,5,Friday,53.08572,-1.720751,,HP Peak District,The Old Shop,Current,Cottage,4,Ticks 1 to 5,11,4,1,0,354500,418500,"Parwich, Derbyshire",Other settlement,Derbyshire,England,Parwich,Peak District,19/04/2016,27/05/2016,,,Unknown,Unknown,Unknown,0,20,Partial Income Maximisation,,Yes,1,1,1,1,1,0,0,0,0,1,1,0,0,0,0,1,0,0,1,0,0,0,1,1,0,1,0,0,0,1,0,0,0,0,0,0,0,0,1,0,1,1,0,0,0,1,0,0,0,1,criteria met,the space worked well for the the 10 of us,perfect for our multigenerational holiday (2yrs-75yrs),It easily accommodates larger groups and was a great base for our family and friends,Group of 8 adults,An ideal cottage for a family break - we were ten.
1055592,Best for Large Groups,7,9.428571429,10,10,10,0.7,8.952804401,9.371682641,09:29.2,15,132437,34:21.0,SykesPropertyID,SykesPark:0,SykesParkID,175843,1,267786,0,0,6,6,Saturday,51.1103041,-4.168809,,HP Devon North Coast,The Old Coach House,Current,House detached,4,Ticks 1 to 5,12,4,1,0,136500,248500,"Braunton, Devon",Other settlement,Devon,England,Braunton,Devon,13/11/2020,05/12/2020,,,Unknown,Unknown,Unknown,0,17,Super Income Maximisation,,Yes,1,1,1,1,1,1,0,0,1,1,0,0,0,0,0,1,1,0,0,0,0,0,1,1,0,1,0,1,0,1,0,1,1,0,0,1,1,1,1,0,0,1,0,0,0,1,0,0,0,1,criteria met,all 12 of us thought it was perfect,There were 11 of us and the house was spacious enough for all - plenty of room to be together as well as enjoy some alone time!,11 of us stayed here and every single one of us can't wait to return!!,we were a group of 3 familles (11 people in total) and the house was perfect in every way,this was our favourite for our multi generational holiday
1171323,Best for Large Groups,6,9.5,10,10,11,0.545454546,8.949854676,9.369912806,09:29.2,16,302883,32:22.0,SykesPropertyID,SykesPark:0,SykesParkID,287951,1,647001,0,0,6,7,Friday,54.0105832,-0.4277568,,East Yorkshire,Ten Gables,Current,House detached,5,Ticks 1 to 5,16,5,0,0,458500,502500,"Driffield, East Riding of Yorkshire",Town,East Riding of Yorkshire,England,Driffield,North York Moors & Coast,30/09/2025,28/11/2025,,,Unknown,Unknown,Unknown,0,14,Full Income Maximisation,,No,1,1,1,0,1,1,0,0,1,0,0,0,0,0,0,1,0,1,1,0,0,1,0,0,0,1,0,1,1,1,0,1,1,0,0,0,1,1,1,0,0,0,0,1,0,1,0,0,0,1,criteria met,was perfect for a birthday weekend away for 16 people,comfortably accommodate 12 adults & 4 children celebrating a family milestone,a group of 16 of us stayed at Ten Gables for Christmas,a group of 14 girls celebrating my best friends hen weekend,"We stayed 4 nights, a family of 15."
953260,Best for Large Groups,5,9.6,10,10,13,0.384615385,8.946511655,9.367906993,09:29.2,17,96235,26:53.0,SykesPropertyID,SykesPark:0,SykesParkID,82168,1,135517,1,2,5,6,Friday,53.4399895,-1.9593766,,Peak District & Derbyshire,Willow Brook,Current,Detached,5,Ticks 1 to 5,12,5,0,0,393500,402500,"Hobroyd, Derbyshire",Other settlement,Derbyshire,England,Hobroyd,Peak District,24/01/2018,01/06/2018,,,Unknown,Unknown,Unknown,0,15,Partial Income Maximisation,,Yes,1,1,1,1,1,0,0,0,1,1,0,0,0,0,0,1,0,0,0,0,0,0,0,0,0,1,0,0,0,1,0,0,1,0,1,1,0,1,1,0,0,1,0,0,0,0,0,0,0,1,criteria met,We got together as a group of six couples and the house was perfect for us.,Perfect for a family gathering of 12.,A family of 12 stayed here and we all had enough room and space.,"even with 11 adults staying, as there were several areas that you were able to relax in",Great for a family reunion or other gathering of multiple families.
1110745,Best for Large Groups,5,9.6,10,10,11,0.454545455,8.946511655,9.367906993,09:29.2,18,202401,55:54.0,SykesPropertyID,SykesPark:0,SykesParkID,231644,1,464284,0,0,6,9,Saturday,56.453764,-5.319113,,Scottish Highlands,Achnacloich,Current,House detached,4,Ticks 1 to 5,18,4,0,0,734500,192500,"Black Crofts, Argyll and Bute",Other settlement,Argyll and Bute,Scotland,Black Crofts,Central Scotland,26/07/2014,26/07/2014,,,Unknown,Unknown,Unknown,0,15,Super Income Maximisation,,No,1,1,0,1,1,0,0,0,1,0,1,0,0,0,0,1,0,0,1,0,0,0,0,0,0,1,0,0,0,1,0,0,0,0,0,1,0,0,1,0,1,1,0,0,0,0,0,0,0,1,criteria met,House was perfect for a large family,Great stay with my whole family.,A wonderful place for a group like us,We hosted my daughter's autumn wedding for close family and friends,Perfect for our walking holiday group. Enough space for whole party to spread out and relax.
1164206,Best for Large Groups,5,9.6,10,10,14,0.357142857,8.946511655,9.367906993,09:29.2,19,294196,14:33.0,SykesPropertyID,SykesPark:0,SykesParkID,281088,1,632286,1,2,4,4,Saturday,52.6067558,-2.6368695,,Shropshire & Telford,1 Little Broomcroft,Current,House detached,5,Ticks 1 to 5,10,5,0,0,300500,356500,"Kenley, Shropshire",Other settlement,Shropshire,England,Kenley,Heart of England,05/12/2024,09/12/2024,,,Unknown,Unknown,Unknown,0,14,Partial Plus Income Maximisation,,No,1,1,1,0,1,0,0,0,1,0,0,0,1,0,0,1,0,1,1,0,0,1,0,0,0,1,0,0,0,1,0,0,1,0,0,0,0,1,1,0,0,1,0,1,0,1,0,0,0,,review evidence only - manual review recommended,"suitable for a multi generation holiday, the first time our daughters have been together for five years. Three daughters, partners plus baby. It was the perfect home for us all.",We had a very relaxed week with friends and family,As a family of 10 we found the property very comfortable,perfect venue for our family pre Christmas get together,"There was ample room for everyone, with every bedroom having ensuite facilities"
1171492,Best for Large Groups,4,9.75,10,10,13,0.307692308,8.942691059,9.365614635,09:29.2,20,,,,,,,,,,,,,,,,,,,,,,,,,,,,,,,,,,,,,,,,,,,,,,,,,,,,,,,,,,,,,,,,,,,,,,,,,,,,,,,,,,,,,,,,,,,,,,,,,no property data - manual review recommended,excellent facilities for 12 adults and plenty of space for us all,everything we needed for our party of 11,The property is great for a large group of family or friends.,Plenty of room for all 9 adults and 2 children,
1168464,Best for Large Groups,4,9.75,10,10,14,0.285714286,8.942691059,9.365614635,09:29.2,21,299432,24:13.0,SykesPropertyID,SykesPark:0,SykesParkID,285142,1,641046,1,2,3,5,Friday,54.2738947,-0.4033197,,HP North York Coast,Coronation House,Current,House,4,Ticks 1 to 5,12,4,1,0,488500,503500,"Scarborough, North Yorkshire",Town,North Yorkshire,England,Scarborough,North York Moors & Coast,24/12/2024,06/01/2025,,,Unknown,Unknown,Unknown,0,15,Super Income Maximisation,,No,1,1,1,0,1,1,0,0,0,1,0,0,0,0,0,1,1,1,1,0,0,1,1,1,0,1,0,1,0,1,0,0,1,0,0,1,0,1,1,0,1,1,0,1,0,0,0,0,0,1,criteria met,plenty of room for a stay with lots of people,perfect for our three families,It housed all 12 of us comfortably,We took the extended family for a weekend birthday celebration - six adults two children (7 & 3) bags of room for everyone,
986448,Best for Large Groups,4,9.75,10,10,13,0.307692308,8.942691059,9.365614635,09:29.2,22,107045,00:30.0,SykesPropertyID,SykesPark:0,SykesParkID,101380,302,184767,1,2,2,4,Saturday,50.1510444,-5.6638834,,HP Cornwall Coast,Myles View,Current,House,5,Ticks 1 to 5,7,5,1,0,34500,138500,"Pendeen, Cornwall",Other settlement,Cornwall,England,Pendeen,Cornwall,23/10/2018,05/01/2019,,,Unknown,Unknown,Unknown,0,15,Super Income Maximisation,,No,1,1,0,0,1,0,0,0,1,0,0,0,0,0,0,1,1,0,0,0,0,0,1,1,0,0,0,0,0,1,0,0,0,0,1,1,0,0,1,0,0,1,0,0,0,0,0,0,0,,review evidence only - manual review recommended,it was big enough for 6 of us and had everything that you could possibly need.,excellent week for 2x familes,"(6 adults, a teenager and a dog)",we rented Myles View and Charlottes House for us and 2 sons and their partners and 5 grandchildren,
1092963,Best for Large Groups,3,10,10,10,10,0.3,8.938282678,9.362969607,09:29.2,23,176403,59:22.0,SykesPropertyID,SykesPark:0,SykesParkID,212088,402,399006,1,2,3,4,Friday,54.2784792,-2.9574353,,HP Lake District,Beech Lea,Current,House detached,5,Ticks 1 to 5,8,5,1,0,487500,337500,"Lakeside, Cumbria",Other settlement,Cumbria,England,Lakeside,Cumbria & The Lake District,24/06/2023,24/07/2023,,,Unknown,Unknown,Unknown,0,18,Super Income Maximisation,,Yes,1,1,1,0,1,0,0,0,1,1,0,0,0,0,0,1,0,1,1,0,1,1,1,0,0,1,1,1,0,1,0,0,1,0,1,1,0,1,1,0,1,1,0,1,0,0,0,0,0,,review evidence only - manual review recommended,We had 3 generations of our family with us,Perfect place to spend my 60th birthday with family,Four family generations had wonderful time.,,
942517,Best for Large Groups,3,10,10,10,5,0.6,8.938282678,9.362969607,09:29.2,24,88008,58:32.0,SykesPropertyID,SykesPark:0,SykesParkID,43076,1,96008,0,0,4,5,Friday,54.35027,-2.91202,,HP Lake District,Hazel - Woodland Cottages,Current,Semi detached,4,Ticks 1 to 5,12,4,1,0,496500,340500,"Bowness-On-Windermere, Cumbria",Town,Cumbria,England,Bowness-On-Windermere,Cumbria & The Lake District,18/05/2017,28/07/2017,,,Unknown,Unknown,Unknown,0,12,Partial Plus Income Maximisation,,No Option Assigned,1,1,1,0,1,1,0,0,1,1,0,0,0,0,0,1,0,0,0,0,0,0,0,0,0,1,0,0,0,1,0,0,1,0,1,1,0,1,1,0,1,1,0,1,0,0,0,0,0,1,criteria met,we stayed as 3 families (6 adults/6 children) plenty of room for everyone,there was 12 ladies there for 2 nights and it was perfect for us all and so much space!!,This accommodation was the best equipped for a large family group.,,
1160804,Best for Large Groups,14,9.285714286,10,9.785714286,24,0.583333333,9.008236451,9.362084728,09:29.2,25,290219,28:55.0,SykesPropertyID,SykesPark:0,SykesParkID,277800,1,619482,1,3,4,8,Friday,54.0780191,-2.2792639,,HP Yorkshire Dales,The Old Sheep House,Current,House detached,5,Ticks 1 to 5,15,5,1,0,464500,381500,"Giggleswick, North Yorkshire",Other settlement,North Yorkshire,England,Giggleswick,Yorkshire Dales,25/10/2024,01/11/2024,,,Unknown,Unknown,Unknown,0,15,Super Income Maximisation,,No,1,1,1,0,1,1,0,0,1,0,0,0,0,0,0,1,0,1,0,0,1,1,0,0,0,1,0,0,0,1,0,0,1,0,1,1,1,1,1,0,0,0,0,1,0,1,0,0,0,1,criteria met,everything we needed for a family of 12,Would definitely recommend for large parties.,"This is a lovely property for large groups, fourteen of us covering three generations!",Our 2 night stay for 14 people was great,Fantastic stay for 70th birthday celebrations getting all the family under one roof.
1049697,Best for Large Groups,9,9.444444444,10,9.777777778,17,0.529411765,9.010403938,9.361797918,09:29.2,26,133433,07:26.0,SykesPropertyID,SykesPark:0,SykesParkID,170070,1,268827,1,2,5,5,Friday,54.2712262,-0.3990939,,HP North York Coast,39 West Street,Current,House terraced,5,Ticks 1 to 5,10,5,1,0,488500,503500,"Scarborough, North Yorkshire",Town,North Yorkshire,England,Scarborough,North York Moors & Coast,25/06/2021,01/08/2021,,,Unknown,Unknown,Unknown,0,20,Super Income Maximisation,,Yes,1,1,1,0,1,0,0,0,0,1,0,0,0,0,0,1,1,0,1,0,0,1,0,0,0,0,0,1,0,1,0,0,1,0,1,1,0,1,1,0,1,1,0,1,0,1,0,0,0,1,criteria met,perfect for our family get-together,perfect for our family get together,Seven adults and 1 dog. Everything we needed for a lovely catch up.,Perfect for all 8 of us,Ideal for getting together with sisters/in laws from all over the country.
1133504,Best for Large Groups,9,9.333333333,10,9.888888889,15,0.6,8.957772359,9.352441193,09:29.2,27,229372,46:40.0,SykesPropertyID,SykesPark:0,SykesParkID,252029,437,538054,1,1,5,5,Friday,52.3148511,1.6533737,,HP East Anglia,Little Chapter,Current,House detached,5,Ticks 1 to 5,10,5,1,0,274500,649500,"Walberswick, Suffolk",Other settlement,Suffolk,England,Walberswick,East Anglia,28/04/2023,26/05/2023,,,Unknown,Unknown,Unknown,0,15,Super Income Maximisation,,Yes,1,1,0,0,1,0,0,0,1,0,0,0,0,0,0,1,1,0,0,0,0,0,1,1,0,1,0,0,0,1,0,0,1,0,0,1,0,1,0,0,0,1,0,0,0,1,0,0,0,1,criteria met,room for all our family,We had a wonderful stay at Little Chapter for a family get together.,It was 10 of us on a long weekend break,Fantastic house for a family celebration.,We had a fantastic stay for an 80th birthday with a party of 8 at Litttle Chapter.
954386,Best for Large Groups,10,9.2,10,10,15,0.666666667,8.909883741,9.345930245,09:29.2,28,,,,,,,,,,,,,,,,,,,,,,,,,,,,,,,,,,,,,,,,,,,,,,,,,,,,,,,,,,,,,,,,,,,,,,,,,,,,,,,,,,,,,,,,,,,,,,,,,no property data - manual review recommended,the kitchen was the hub of the house for us with a big farmhouse table where we could all sit,ideal for our large family,"a family of 10,it was perfect for all ages, and all be together under one roof.",Three families with children.,"Easily accommodated 11 adults. Huge kitchen table for group meals, big hot tub on patio."
1132441,Best for Large Groups,14,9.133333333,10,9.933333333,31,0.451612903,8.919347562,9.338275204,09:29.2,29,228219,56:55.0,SykesPropertyID,SykesPark:0,SykesParkID,250966,1,371830,0,0,3,5,Friday,53.4139851,-4.3318613,,HP - Wales Anglesey Coastal,Hedd,Current,House,5,Ticks 1 to 5,10,5,1,0,393500,245500,"Amlwch Port, Isle of Anglesey",Other settlement,Isle of Anglesey,Wales,Amlwch Port,North Wales,11/10/2024,03/01/2025,,,Unknown,Unknown,Unknown,0,15,Fixed Prices,,No,1,1,1,0,1,1,0,0,1,0,0,0,0,0,0,1,1,1,1,0,0,0,1,0,0,1,0,0,0,1,0,1,1,0,0,1,1,1,1,0,0,1,0,1,0,0,0,0,0,1,criteria met,the hot tub makes it thank you,"We stayed for 3 nights and wow!!! What can I say, it was an absolute beautiful place to stay we all loved it",The house was perfect for our family stay of six adults and four children.,the perfect space for a ladies retirement weekend away,plenty of room for the seven adults and two Kids
1170592,Best for Large Groups,6,9.5,10,9.833333333,15,0.4,8.949854676,9.336579472,09:29.2,30,301930,58:26.0,SykesPropertyID,SykesPark:69,SykesParkID,287235,1,185072,1,2,3,8,Friday,55.5607564,-2.0706188,Akeld Manor & Cottages,Northumberland,Cheviot Manor,Current,House,3,Ticks 1 to 5,16,3,0,0,629500,395500,"Akeld, Northumberland",Other settlement,Northumberland,England,Akeld,Northumberland,11/03/2025,11/03/2025,,,Unknown,Unknown,Unknown,0,16,Full Income Maximisation,,No,1,1,1,1,1,0,1,0,1,1,1,1,0,0,1,1,0,1,1,0,1,1,1,0,0,1,0,0,0,1,0,0,1,0,0,1,0,1,1,0,1,1,0,1,0,0,0,0,0,1,criteria met,ideal for our group of friends,great for groups of friends and for families,We were a large group of 15 comprising 4 families.,"The use of pool room and a dartboard in the house is great for everyone too, All 10 Of us enjoyed a Darts knockout on the last night and a great laugh.","Lovely, large old house which is ideal for family groups."
1000186,Best for Large Groups,7,9.285714286,10,10,9,0.777777778,8.893980872,9.336388523,09:29.2,31,119091,39:18.0,SykesPropertyID,SykesPark:0,SykesParkID,110036,1,115269,1,2,4,6,Friday,54.0943561,-0.8062636,,North Yorkshire,Sykes Lodge,Current,House,5,Ticks 1 to 5,16,5,0,0,465500,478500,"Kennythorpe, North Yorkshire",Other settlement,North Yorkshire,England,Kennythorpe,North York Moors & Coast,31/07/2019,01/12/2019,,,Unknown,Unknown,Unknown,0,18,Fixed Prices,,No,1,1,0,0,1,1,0,0,1,1,0,0,0,0,0,1,0,1,0,0,0,0,0,0,0,1,0,0,0,1,0,0,1,0,0,0,1,0,1,0,1,1,0,0,0,1,0,0,0,1,criteria met,we had family aged 80 to 2 years,we as an extended family had a wonderful experience,room for 16 to relax in comfort,celebrating a family birthday with 3 generations,We stayed at Sykes Lodge this weekend for a 50th celebration with 15 ladies
1134531,Best for Large Groups,7,9.285714286,10,10,12,0.583333333,8.893980872,9.336388523,09:29.2,32,230453,04:38.0,SykesPropertyID,SykesPark:0,SykesParkID,252943,389,285273,1,2,5,5,Saturday,53.31913096,-4.241200615,,Anglesey,Ysgol Fawr (Big School),Current,House,4,Ticks 1 to 5,12,4,0,0,382500,251500,"Benllech, Isle of Anglesey",Other settlement,Isle of Anglesey,Wales,Benllech,North Wales,29/09/2023,17/11/2023,,,Unknown,Unknown,Unknown,0,17,Super Income Maximisation,,No,1,1,1,0,1,0,0,0,0,0,0,0,0,0,0,0,1,1,1,0,0,1,0,0,0,1,0,0,0,1,0,0,1,0,0,1,1,1,1,0,1,1,0,1,0,0,0,0,0,1,criteria met,perfect for spending time together as a group,ideal for our family celebration,This property had everything we could possibly need to facilitate a large group of people for a birthday.,perfect for the nine of us family & our friends,it hosted us all very comfortably
985494,Best for Large Groups,7,9.285714286,10,10,9,0.777777778,8.893980872,9.336388523,09:29.2,33,110147,13:39.0,SykesPropertyID,SykesPark:0,SykesParkID,100639,1,183736,0,0,4,7,Friday,52.321585,-3.1172196,,Mid Wales,The Stables,Current,Cottage,5,Ticks 1 to 5,16,5,0,0,268500,323500,"Monaughty, Powys",Other settlement,Powys,Wales,Monaughty,Mid Wales,21/12/2018,25/01/2019,,,Unknown,Unknown,Unknown,0,16,Super Income Maximisation,,No Option Assigned,1,1,0,1,1,1,0,1,1,0,1,0,0,0,0,1,0,1,0,0,0,0,0,0,0,1,0,0,0,1,0,1,1,0,1,1,0,1,1,0,0,1,1,1,0,1,0,0,0,1,criteria met,perfect for a big group of people,This house is absolutely incredible and perfect for a big group!!,For large family gatherings the accommodation is great.,we had a family group of 16 of us and we very comfortable in this house!,"there was plenty of space for us all to spread out but there is also the ability for us all to get together around the lovely sized dining spaces, both inside and out"
950084,Best for Large Groups,12,9.166666667,10,9.916666667,14,0.857142857,8.918076128,9.33417901,09:29.2,34,,,,,,,,,,,,,,,,,,,,,,,,,,,,,,,,,,,,,,,,,,,,,,,,,,,,,,,,,,,,,,,,,,,,,,,,,,,,,,,,,,,,,,,,,,,,,,,,,no property data - manual review recommended,plenty of space for younger ones to play,Great place to stay for large groups with all generations catered for.,Brilliant family/friends party house!,13 of us including 3 children for grandsons 21st birthday celebrations.,the main living room/kitchen is huge and fitted all 18 of us easily round the table for party games and drinks
1143154,Best for Large Groups,12,9.285714286,10,9.714285714,18,0.666666667,8.983011193,9.332663859,09:29.2,35,265990,13:13.0,SykesPropertyID,SykesPark:0,SykesParkID,261420,1,567416,1,2,9,9,Friday,53.1402022,0.3394196,,Lincolnshire,Chalfont Lodge,Current,House,4,Ticks 1 to 5,18,4,0,0,363500,556500,"Skegness, Lincolnshire",Town,Lincolnshire,England,Skegness,East Anglia,13/09/2023,02/10/2023,,,Unknown,Unknown,Unknown,0,14,Super Income Maximisation,,Yes,1,1,1,1,1,1,0,0,1,0,1,0,0,0,0,1,1,1,1,0,0,1,1,1,0,1,0,1,0,1,0,0,1,0,0,1,0,1,1,0,1,1,0,1,0,0,0,0,0,1,criteria met,did not feel cramped at all with so many people,This is a fabulous house that easily accommodates a large group.,Our age range was from a 2 year old right up to 80 and the house catered for everyone.,"Games room enjoyed, hot tub too",Excellent accommodation for large family group.
1054487,Best for Large Groups,6,9.333333333,10,10,11,0.545454546,8.887354676,9.332412806,09:29.2,36,238161,05:51.0,SykesPropertyID,SykesPark:0,SykesParkID,174785,1,283916,1,2,3,4,Friday,52.7573083,1.4334549,,HP East Anglia,The Barn,Current,House detached,5,Ticks 1 to 5,8,5,1,0,324500,631500,"Anchor Street, Norfolk",Other settlement,Norfolk,England,Anchor Street,East Anglia,31/08/2023,08/01/2024,,,Unknown,Unknown,Unknown,0,15,Super Income Maximisation,,No,1,1,1,0,1,0,0,0,1,1,0,0,0,0,1,1,0,1,1,0,0,1,0,0,0,1,0,0,0,1,0,0,1,0,0,1,0,1,1,0,1,1,0,1,0,0,0,0,0,,review evidence only - manual review recommended,We had a brilliant stay at The Barn with our family celebrating our daughter’s 40th birthday. It was a perfect place to spend time together.,Perfect for our annual reunion with old school friends. Plenty of space for us all,"We stayed for 5 nights in early June 2025 with our son and daughter, daughter in law, son in law and two grand daughters.",There was plenty of living space for the large group we had staying,The large dining tables both inside/outside are perfect for the whole family to squeeze round for various meals.
1000748,Best for Large Groups,13,9.307692308,10,9.615384615,15,0.866666667,9.008594557,9.328233658,09:29.2,37,119670,18:07.0,SykesPropertyID,SykesPark:0,SykesParkID,95556,1,86000,1,4,3,8,Friday,54.2655615,-0.3979882,,HP North York Coast,The Manor House,Current,House,4,Ticks 1 to 5,17,4,1,0,488500,503500,"Scarborough, North Yorkshire",Town,North Yorkshire,England,Scarborough,North York Moors & Coast,04/07/2019,16/08/2019,,,Unknown,Unknown,Unknown,0,12,Super Income Maximisation,,No,1,1,1,0,1,1,0,0,1,1,0,0,0,0,0,1,1,1,0,0,0,0,0,0,0,1,0,0,0,1,0,0,1,0,1,1,1,1,1,0,0,1,0,0,0,0,0,0,0,1,criteria met,to host my sisters 50th birthday gathering of 16 people and our family dogs,"there were 16 of us in total (10 adults, 2 teenagers and 4 young children) and the house was so spacious it let us spread out easily but also had multiple reception rooms that let us all get together for meals etc.","perfect for our multi-generation family holiday combining our families: grandparents, adult children, grandchildren",enabling us to get everyone together for the weekend,at no time did the property feel overcrowded despite 5 families co-habiting
930300,Best for Large Groups,5,9.6,10,9.8,11,0.454545455,8.946511655,9.327906993,09:29.2,38,83186,55:41.0,SykesPropertyID,SykesPark:0,SykesParkID,71685,1,80670,1,2,3,5,Friday,53.1657985,-4.3613487,,HP - Wales Anglesey Coastal,Minffordd,Current,Detached,3,Ticks 1 to 5,10,3,1,0,365500,242500,"Newborough/Niwbwrch, Isle of Anglesey",Other settlement,Isle of Anglesey,Wales,Newborough/Niwbwrch,North Wales,28/03/2017,28/03/2017,,,Unknown,Unknown,Unknown,0,20,Super Income Maximisation,,No Option Assigned,1,1,0,0,1,0,0,0,1,1,0,0,0,0,0,1,1,1,1,0,0,1,1,1,0,1,0,1,0,1,0,0,1,0,0,0,0,1,1,0,0,1,0,0,0,0,0,0,0,1,criteria met,"the house is spacious, suitable for large families",the flexibility of the space so we can spread out or come together as we please,Our 10 bodies and 2 dogs had plenty of space indoors to eat and relax.,There was more than ample space for 10 people.,"Our party consisted of nine adults and one child and the spacious, well equipped house was perfect for our needs."
957101,Best for Large Groups,5,9.6,10,9.8,8,0.625,8.946511655,9.327906993,09:29.2,39,96202,53:14.0,SykesPropertyID,SykesPark:0,SykesParkID,92108,1,138502,0,0,4,5,Friday,51.6739474,-4.7049481,,HP - Wales Pembrokeshire Coast,Hideaway House at The Hideaway,Current,House,4,Ticks 1 to 5,14,4,1,0,200500,213500,"Tenby/Dinbych-y-pysgod, Pembrokeshire",Town,Pembrokeshire,Wales,Tenby/Dinbych-y-pysgod,South Wales,19/01/2018,19/01/2018,,,Unknown,Unknown,Unknown,0,17,Super Income Maximisation,,No Option Assigned,1,1,1,1,1,0,0,0,1,0,0,0,0,0,0,1,1,0,0,0,0,0,1,1,0,1,0,0,0,1,0,0,1,0,1,1,0,1,1,0,1,1,0,1,0,0,0,0,0,1,criteria met,Plenty of room for a large group of ladies celebrating a birthday.,Perfect for large groups.,"13 in our party age range 2 up to 65, making wonderful family memories.",Stayed with a group of ladies at your beautiful house.,A large group of female friends stayed here over the weekend.
1112352,Best for Large Groups,5,9.6,10,9.8,6,0.833333333,8.946511655,9.327906993,09:29.2,40,202013,55:09.0,SykesPropertyID,SykesPark:0,SykesParkID,231283,1,443122,1,2,9,12,Friday,55.8414151,-5.0621398,,Scottish Highlands,Argyle House,Current,Unknown,4,Ticks 1 to 5,21,4,0,0,664500,208500,"Rothesay, Argyll and Bute",Town,Argyll and Bute,Scotland,Rothesay,Central Scotland,30/06/2022,29/07/2022,,,Unknown,Unknown,Unknown,0,13,Super Income Maximisation,,No,1,1,1,0,1,1,0,0,0,0,0,0,0,0,0,1,1,0,1,0,0,1,1,0,0,1,0,0,0,1,0,0,1,0,1,1,1,1,1,0,0,1,0,1,0,0,0,0,0,1,criteria met,as a large family gathering for a relaxing holiday we couldn’t have chose better. The house was very comfortable and large enough for everyone to have space for themselves,accommodation for 20 of us was superb,"It was lovely and plenty of room for us all, 10 adults, 4 children and one baby.",Argyle house is an amazing setting for large group gatherings.,"13 adults , 6 kids and our two dogs. The house is huge and has everything needed. ... if you wanted some quiet space"
1062002,Best for Large Groups,5,9.4,10,10,8,0.625,8.879844988,9.327906993,09:29.2,41,134688,15:50.0,SykesPropertyID,SykesPark:0,SykesParkID,182116,1,174892,1,2,3,6,Friday,53.7795426,-0.1666164,,East Yorkshire,Pheasant's Roost,Current,Barn conversion,5,Ticks 1 to 5,12,5,0,0,432500,520500,"Lelley, East Riding of Yorkshire",Other settlement,East Riding of Yorkshire,England,Lelley,North York Moors & Coast,02/03/2021,12/04/2021,,,Unknown,Unknown,Unknown,0,16,Full Income Maximisation,,No,1,1,1,0,1,1,0,0,1,0,0,0,0,0,0,1,1,1,0,0,0,0,1,0,0,1,0,0,0,1,0,0,0,0,0,1,1,0,1,0,1,1,0,1,0,0,0,0,0,1,criteria met,all the family had a fabulous time together.,This property was absolutely perfect for our family of 12 to enjoy a wonderful week away.,"everything we needed for a great week with extended family. All beds were really comfortable, great layout, loads of space.",accommodation which easily suited our mixed party of 9 including grandchildren,There was 11 of us and 1 dog and we all enjoyed our stay.
1102333,Best for Large Groups,5,9.4,10,10,12,0.416666667,8.879844988,9.327906993,09:29.2,42,189046,57:34.0,SykesPropertyID,SykesPark:0,SykesParkID,221525,1,416809,1,2,3,5,Friday,53.1487899,-1.6845706,,HP Peak District,The Old Cowsheds,Current,House,4,Ticks 1 to 5,10,4,1,0,361500,421500,"Dale End, Derbyshire",Other settlement,Derbyshire,England,Dale End,Peak District,21/03/2022,21/03/2022,,,Unknown,Unknown,Unknown,0,15,Super Income Maximisation,,No,1,1,0,0,1,1,0,0,1,0,0,0,0,0,0,1,0,0,0,0,1,1,0,0,0,1,0,0,0,1,0,0,1,0,0,1,1,1,1,0,1,1,0,1,0,0,0,0,0,1,criteria met,wonderful family get together,family of 10 ranging from 61 to 2 years old,We had a family reunion here and used both cottages.,The accommodation was fine for 10 of us.,loads of space for us all
1022531,Best for Large Groups,5,9.4,10,10,11,0.454545455,8.879844988,9.327906993,09:29.2,43,122486,56:55.0,SykesPropertyID,SykesPark:0,SykesParkID,144004,1,230974,0,0,3,6,Saturday,55.161423,-6.781741,,HP NI North Coast,SeaShells,Current,House,4,Ticks 1 to 5,13,4,1,0,,,"Castlerock, Northern Ireland",Other settlement,Northern Ireland,Northern Ireland,Castlerock,Ireland,20/09/2019,20/09/2019,,,Unknown,Unknown,Unknown,0,17,Partial Plus Income Maximisation,,No,1,1,1,0,1,0,0,0,1,1,0,0,0,0,0,1,1,1,1,0,0,0,0,0,0,1,0,0,0,1,0,1,1,0,1,1,1,1,1,0,0,1,0,0,0,0,0,0,0,1,criteria met,ideal for large family or friends group,a group of 13,there is loads of space even for large groups,lots of space for our extended family group of 8. Plenty of bedrooms/ bathrooms and different areas to relax,great for large families like ours or groups
954442,Best for Large Groups,8,9.375,10,9.75,11,0.727272727,8.955426379,9.323255827,09:29.2,44,100462,15:15.0,SykesPropertyID,SykesPark:0,SykesParkID,49662,1,136678,1,1,5,9,Friday,54.0775027,-0.2014378,,HP East Yorkshire Coast,Mayfield Sands,Current,Unknown,4,Ticks 1 to 5,12,4,1,0,465500,517500,"Hilderthorpe, East Riding of Yorkshire",Other settlement,East Riding of Yorkshire,England,Hilderthorpe,North York Moors & Coast,10/05/2018,10/05/2018,,,Unknown,Unknown,Unknown,0,20,Super Income Maximisation,,No Option Assigned,1,1,1,0,1,0,0,0,1,0,0,0,0,0,0,1,0,0,0,0,0,0,0,0,0,0,0,0,0,1,0,0,1,0,1,1,1,1,1,0,0,1,0,0,0,0,0,0,0,1,criteria met,so much room for the 12 of us,perfect for a group of 10,Great place for our group if 11 really nice to all stay together and share a the house. Plenty of bedrooms and bathrooms and accommodated everyone.,enough room for 11 of us to enjoy the stay without feeling we were on top of each other,Plenty of room for everyone to eat together and use the kitchen but also lots of space to chill out alone if required.
948174,Best for Large Groups,4,9.5,10,10,8,0.5,8.871262487,9.322757492,09:29.2,45,,,,,,,,,,,,,,,,,,,,,,,,,,,,,,,,,,,,,,,,,,,,,,,,,,,,,,,,,,,,,,,,,,,,,,,,,,,,,,,,,,,,,,,,,,,,,,,,,no property data - manual review recommended,it was perfect for a large group,Family of 20 aged from 3 to 75.,We were a large group of friends celebrating a special birthday,It was so lovely to have all the family together having fun.,
1168188,Best for Large Groups,4,9.5,10,10,8,0.5,8.871262487,9.322757492,09:29.2,46,299075,24:41.0,SykesPropertyID,SykesPark:0,SykesParkID,284886,389,640475,1,2,8,10,Friday,53.227734,-4.5186513,,HP - Wales Anglesey Coastal,Plas Gwylan,Current,Executive Rental,4,Ticks 1 to 5,20,4,1,0,373500,231500,"Rhosneigr, Isle of Anglesey",Other settlement,Isle of Anglesey,Wales,Rhosneigr,North Wales,19/02/2025,19/02/2025,,,Unknown,Unknown,Unknown,0,10,Partial Income Maximisation,,No,1,1,1,1,1,0,0,0,1,0,1,0,0,0,0,1,1,1,1,0,0,1,1,1,0,1,0,1,0,1,0,0,1,0,0,1,1,1,1,0,0,1,0,1,0,0,0,0,0,1,criteria met,"Excellent property for large group. Very spacious, much bigger than portrayed in pictures and well equipped kitchen.",Excellent accommodation with all needs catered for our party of 16.,finding a property to accommodate so many of us,"The house was very clean, comfortable, spacious and well equipped for a large group.",
1089301,Best for Large Groups,4,9.5,10,10,9,0.444444444,8.871262487,9.322757492,09:29.2,47,171561,59:39.0,SykesPropertyID,SykesPark:0,SykesParkID,208719,1,389059,1,2,3,5,Saturday,52.9351065,-4.5275375,,HP - Wales North West Coast,Farmhouse,Current,House,4,Ticks 1 to 5,10,4,1,0,340500,230500,"Nefyn, Gwynedd",Other settlement,Gwynedd,Wales,Nefyn,North Wales,14/11/2022,01/07/2023,,,Unknown,Unknown,Unknown,0,18,Partial Plus Income Maximisation,,Part - Cleaning Only,1,1,1,0,1,0,0,0,1,1,0,0,0,0,0,1,1,1,1,0,0,1,0,0,0,1,0,1,0,1,0,0,0,0,0,0,1,0,1,0,0,1,0,1,0,0,0,0,0,1,criteria met,Our family of 6 adults and two children couldn’t have been better accommodated.,"As a family group, all ages from 4 to 88 were all enjoyed the stay.","A great place to stay, especially with two families",Would definitely recommend for a family or friends get together.,
1102388,Best for Large Groups,9,9.222222222,10,9.888888889,17,0.529411765,8.90514078,9.320862246,09:29.2,48,189158,55:27.0,SykesPropertyID,SykesPark:0,SykesParkID,221709,1,432716,0,0,4,5,Friday,53.2091463,-3.6791274,,North Wales,Plas Glan Yr Afon,Current,House detached,5,Ticks 1 to 5,10,5,0,0,368500,287500,"Pentre Isaf, Conwy",Other settlement,Conwy,Wales,Pentre Isaf,North Wales,06/02/2023,31/03/2023,,,Unknown,Unknown,Unknown,0,14,Super Income Maximisation,,No,1,1,1,0,1,1,0,1,1,1,0,0,0,0,0,1,0,1,1,1,0,1,0,0,0,1,0,0,1,1,0,1,1,0,0,0,1,1,1,0,1,1,0,1,0,1,0,0,0,1,criteria met,We were three couples and five children.,We had a perfect stay for ten people including grandchildren.,"We go away every year as a group of girlfriends, and this has been the best accommodation so far.",Our party of 8 celebrating a 60th birthday party felt chilled out from the moment we drove up the drive to the cottage.,We were a party of 8 women and it was perfect for us.
1162690,Best for Large Groups,11,9.090909091,10,10,17,0.647058824,8.866555944,9.319933566,09:29.2,49,292536,01:36.0,SykesPropertyID,SykesPark:0,SykesParkID,279627,1,627226,1,2,3,6,Friday,53.3795254,-0.5767692,,Lincolnshire,The Old Chapel,Current,Cottage,5,Ticks 1 to 5,11,5,0,0,388500,494500,"Glentworth, Lincolnshire",Other settlement,Lincolnshire,England,Glentworth,East Anglia,22/11/2024,22/11/2024,,,Unknown,Unknown,Unknown,0,14,Super Income Maximisation,,No,1,1,1,1,1,1,0,0,1,1,1,0,0,0,0,0,0,1,1,0,0,1,0,0,0,1,0,1,0,0,0,0,1,0,0,1,0,1,1,0,1,1,0,1,0,0,0,0,1,1,criteria met,the house was perfect for a group stay,my grandson wants me to buy it so we can all live there together,The space was great for our large group.,perfect for a group with stunning rooms and bathrooms,"it was the perfect space for socialising, being big enough to have you own space but also enjoying that time together - the most perfect layout!"
29872,Best for Large Groups,6,9.5,10,9.75,9,0.666666667,8.949854676,9.319912806,09:29.2,50,48374,03:07.0,SykesPropertyID,SykesPark:0,SykesParkID,35027,1,59617,1,4,5,6,Friday,54.5645962,-0.9006667,,The North East,The Power House,Current,Unknown,4,Ticks 1 to 5,17,4,0,0,519500,471500,"Skinningrove, Redcar & Cleveland",Other settlement,Redcar and Cleveland,England,Skinningrove,North York Moors & Coast,19/09/2013,06/01/2014,,,Unknown,Unknown,Unknown,0,16,Super Income Maximisation,,No Option Assigned,1,1,1,0,1,1,0,0,1,0,0,1,0,0,0,1,1,0,1,0,0,0,1,1,0,0,0,0,0,0,0,0,1,0,1,1,0,1,1,0,1,1,0,0,0,0,0,0,0,1,criteria met,"ideal for our family celebration, comfortable, spacious","Twelve adults and eight children/babies, the house was perfect.","A group of 14 friends, the house is perfect very clean and spacious",the property was perfect for a large family gathering.,Great place to stay for our family get together - plenty of room and lots to do.
1067011,Best for Large Groups,3,9.666666667,10,10,14,0.214285714,8.861359602,9.316815761,09:29.2,51,143213,57:43.0,SykesPropertyID,SykesPark:0,SykesParkID,186917,1,321736,1,2,5,6,Friday,52.2128825,-4.365208,,HP - Wales Mid Wales Coast,Ty Ni,Current,House,5,Ticks 1 to 5,14,5,1,0,259500,238500,"New Quay/Ceinewydd, Ceredigion",Town,Ceredigion,Wales,New Quay/Ceinewydd,Mid Wales,21/07/2022,14/08/2022,,,Unknown,Unknown,Unknown,0,17,Super Income Maximisation,,Yes,1,1,1,0,1,1,0,0,1,1,0,0,0,0,0,1,1,0,1,0,0,1,1,0,0,1,0,0,0,0,0,0,1,0,1,1,0,0,1,0,0,1,0,1,0,1,0,0,0,1,criteria met,"home which caters for large groups, so much space and everything thought of","We stayed as a large family group of grandparents, adult children and grandchildren, with our dogs too.",It is the best large property we have stayed in.,,
1134934,Best for Large Groups,3,9.666666667,10,10,7,0.428571429,8.861359602,9.316815761,09:29.2,52,230865,13:35.0,SykesPropertyID,SykesPark:0,SykesParkID,253385,1,542016,1,2,3,5,Friday,54.2376923,-2.921891,,Cumbria West of M6,Horse and Farrier Barn,Current,House detached,4,Ticks 1 to 5,9,4,0,0,482500,339500,"Barber Green, Cumbria",Other settlement,Cumbria,England,Barber Green,Cumbria & The Lake District,18/10/2024,07/02/2025,,,Unknown,Unknown,Unknown,0,15,Full Income Maximisation,,No,1,1,1,0,1,0,0,0,0,0,0,0,0,0,0,1,1,0,0,0,0,0,0,0,0,0,1,0,0,1,0,0,1,0,0,0,0,1,0,0,0,1,0,1,0,0,0,0,0,,review evidence only - manual review recommended,We are a family of 3 generations.,The property was ideal for an extended family.,Had an amazing stay for 3 nights over Christmas with a big family get-together.,,
963354,Best for Large Groups,3,9.666666667,10,10,5,0.6,8.861359602,9.316815761,09:29.2,53,129231,58:09.0,SykesPropertyID,SykesPark:0,SykesParkID,69676,1,89254,0,0,4,5,Friday,53.0016559,-3.5365365,,North Wales,Granar,Current,House,5,Ticks 1 to 5,12,5,0,0,344500,296500,"Llangwm, Conwy",Other settlement,Conwy,Wales,Llangwm,North Wales,26/08/2020,04/09/2020,,,Unknown,Unknown,Unknown,0,17,Full Income Maximisation,,Part - Cleaning Only,1,1,1,1,1,1,0,0,1,0,1,0,0,0,0,1,0,1,1,0,0,1,0,0,0,1,0,0,0,1,0,1,1,0,0,0,1,1,1,0,1,0,0,1,0,1,0,0,0,1,criteria met,there was twelve of us and every room was spacious and light,Overall 10/10 stay for the whole Hen Party,Eleven of us spanning three generations and the house provided all we needed.,,
1049463,Best for Large Groups,3,9.666666667,10,10,8,0.375,8.861359602,9.316815761,09:29.2,54,130702,13:09.0,SykesPropertyID,SykesPark:0,SykesParkID,169854,1,268378,1,2,6,5,Friday,55.495912,-1.634193,,HP Northumberland,Jubilee House,Current,House,4,Ticks 1 to 5,12,4,1,0,622500,423500,"Embleton, Northumberland",Other settlement,Northumberland,England,Embleton,Northumberland,31/07/2020,31/07/2020,,,Unknown,Unknown,Unknown,0,16,Partial Income Maximisation,,No,1,0,0,0,1,0,0,0,1,0,0,0,0,0,0,0,1,1,1,0,0,1,1,1,0,1,0,0,0,1,0,0,1,0,0,0,0,0,1,0,0,1,0,0,0,0,0,0,0,1,criteria met,Great house for large family get together.,"8 Adults and 3 Children and a dog were all accommodated easily, In the five bedrooms, all on suite and underflow heating.",We're a group of twelve friends who were staying to celebrate a birthday and enjoy a weekend together.,,
1027058,Best for Large Groups,3,9.666666667,10,10,12,0.25,8.861359602,9.316815761,09:29.2,55,124928,02:08.0,SykesPropertyID,SykesPark:0,SykesParkID,147624,1,236038,0,0,3,4,Friday,54.2497055,-2.9865072,,Cumbria West of M6,Bishop Fell,Current,House,5,Ticks 1 to 5,8,5,0,0,484500,335500,"Brow Edge, Cumbria",Other settlement,Cumbria,England,Brow Edge,Cumbria & The Lake District,03/12/2019,12/12/2019,,,Unknown,Unknown,Unknown,0,15,Full Income Maximisation,,No,1,1,1,0,1,0,0,0,1,1,0,0,0,0,0,1,0,1,0,0,1,1,0,0,0,1,0,0,1,1,0,1,1,0,1,1,1,0,1,0,1,1,0,1,0,1,0,0,1,,review evidence only - manual review recommended,three generations of family,We were a family of three generations and it was an ideal property for us all.,the house was extremely comfortable and furnished to a high quality... sofa large enough for everyone to sit together,,
1164747,Best for Large Groups,3,9.666666667,10,10,5,0.6,8.861359602,9.316815761,09:29.2,56,294949,59:24.0,SykesPropertyID,SykesPark:0,SykesParkID,281631,1,59264,1,3,4,6,Friday,52.5658185,-2.6978789,,Shropshire & Telford,Upper Home Farm,Current,House detached,4,Ticks 1 to 5,16,4,0,0,296500,352500,"Plaish, Shropshire",Other settlement,Shropshire,England,Plaish,Heart of England,20/11/2025,01/12/2025,,,Unknown,Unknown,Unknown,0,14,Super Income Maximisation,,No,1,1,0,0,1,0,1,0,1,1,0,0,0,0,1,1,0,1,1,1,0,1,0,0,0,1,0,0,0,1,0,0,0,0,0,1,1,0,1,0,1,1,0,1,0,0,0,0,0,1,criteria met,the range of our 15 party was 70years to 6 years,"Finding a venue that comfortably accommodates a group of 16 (8 adults and 8 children) is no small feat, but this property ticked every single box for us.",We were 3 generations of a family - 9 in total - ranging from 9 - 75 years booking for a Christmas get together.,,
1085380,Best for Large Groups,3,9.666666667,10,10,7,0.428571429,8.861359602,9.316815761,09:29.2,57,166845,00:32.0,SykesPropertyID,SykesPark:0,SykesParkID,204997,402,250306,0,0,6,6,Friday,54.3756615,-2.9048111,,HP Lake District,Hollywood,Current,House terraced,4,Ticks 1 to 5,11,4,1,0,498500,341500,"Windermere, Cumbria",Town,Cumbria,England,Windermere,Cumbria & The Lake District,14/03/2022,08/04/2022,,,Unknown,Unknown,Unknown,0,18,Partial Income Maximisation,,No,1,1,1,0,1,0,0,0,0,0,0,0,0,0,0,0,0,1,1,0,1,1,1,1,0,1,1,1,0,1,0,1,1,0,0,0,0,1,1,0,1,0,0,1,0,0,0,0,0,1,criteria met,ideal for our group of 11 adults,Myself and 10 family members stayed at this property to celebrate a birthday,it was great we all had our own space and bathroom. And the living and dining room had enough seats for all guests which a lot of properties don't.,,
1026269,Best for Large Groups,3,9.666666667,10,10,15,0.2,8.861359602,9.316815761,09:29.2,58,124778,26:44.0,SykesPropertyID,SykesPark:0,SykesParkID,146853,1,179957,0,0,3,4,Friday,53.0280927,-1.9240938,,HP Peak District,The Long Barn,Current,House,5,Ticks 1 to 5,8,5,1,0,347500,405500,"Upper Cotton, Staffordshire",Other settlement,Staffordshire,England,Upper Cotton,Peak District,16/04/2025,16/04/2025,,,Unknown,Unknown,Unknown,0,15,Super Income Maximisation,,No,1,1,1,0,1,0,0,0,1,0,0,0,0,0,0,0,0,1,1,0,0,1,0,0,0,1,0,0,0,1,0,1,1,0,0,1,1,1,1,0,1,1,1,1,0,0,0,0,0,,review evidence only - manual review recommended,catered for 3 generations,accommodation was perfect for 8 of us,there was plenty of room for us,,
973741,Best for Large Groups,3,9.666666667,10,10,5,0.6,8.861359602,9.316815761,09:29.2,59,96288,43:39.0,SykesPropertyID,SykesPark:0,SykesParkID,72040,1,170615,1,2,5,7,Saturday,53.4155757,-4.4549664,,HP - Wales Anglesey Coastal,Angorfa,Current,Unknown,4,Ticks 1 to 5,14,4,1,0,393500,236500,"Cemaes, Isle of Anglesey",Other settlement,Isle of Anglesey,Wales,Cemaes,North Wales,12/01/2018,12/01/2018,,,Unknown,Unknown,Unknown,0,20,Partial Plus Income Maximisation,09/05/2023,No Option Assigned,1,1,1,0,1,0,0,0,1,0,0,0,0,0,0,1,1,0,1,0,0,0,1,1,0,1,0,0,0,1,0,0,0,0,1,1,0,0,1,0,0,1,0,0,0,0,0,0,0,1,criteria met,"The house is perfect for us - 2 families with 4 couples and singles aswell, aging from 20's to 80's in age and every single one of us loved every single minute.",In 24 years of organising a group of 10 plus adults this week rated the best.,"It's perfect for large groups, being so well equipped.",,
3756,Best for Large Groups,10,9.1,10,10,16,0.625,8.859883741,9.315930245,09:29.2,60,55987,06:02.0,SykesPropertyID,SykesPark:0,SykesParkID,5783,1,61073,1,2,3,5,Saturday,50.3203844,-4.820201,,Cornwall,Chapel Green,Current,House,4,Ticks 1 to 5,10,4,0,0,50500,199500,"Polgooth, Cornwall",Other settlement,Cornwall,England,Polgooth,Cornwall,30/12/2009,01/05/2010,,,Unknown,Unknown,Unknown,0,17,Super Income Maximisation,,No Option Assigned,1,1,0,1,1,1,0,0,1,0,1,0,1,0,1,1,1,0,0,0,0,0,1,1,0,0,0,0,0,0,0,0,1,0,0,1,0,1,1,0,1,1,0,1,0,0,0,0,0,1,criteria met,"we booked all 3 cottages to accommodate the Family of 16, 4 generations",the house was amazing and comfortable for the 10 of us,Lots of room for 4 generations of my family.,11 of us 3 generations and we all absolutely loved it,the house it’s self is huge plenty of room for a family of 9
1017628,Best for Large Groups,4,9.75,10,9.75,5,0.8,8.942691059,9.315614635,09:29.2,61,275177,27:42.0,SykesPropertyID,SykesPark:0,SykesParkID,139609,1,224487,1,2,3,6,Friday,51.72176,-5.140831,,HP - Wales Pembrokeshire Coast,Yr Hen Ardd,Current,Cottage,4,Ticks 1 to 5,12,4,1,0,207500,183500,"St Ishmael's, Pembrokeshire",Other settlement,Pembrokeshire,Wales,St Ishmael's,South Wales,09/01/2024,09/01/2024,,,Unknown,Unknown,Unknown,0,20,Super Income Maximisation,,No,1,1,1,0,1,0,0,0,0,0,0,0,0,0,0,1,1,0,1,0,0,0,1,0,0,1,0,0,0,1,0,0,1,0,0,1,1,1,1,0,0,1,0,1,0,0,0,0,0,1,criteria met,This property is ideal for a family gathering.,The property met the needs of our large group excellently.,"Plenty of space for 6 adults, 4 kids and a dog.",It accommodated our party of 8,
1124276,Best for Large Groups,8,9.25,10,9.875,13,0.615384615,8.899870823,9.314922494,09:29.2,62,217320,16:18.0,SykesPropertyID,SykesPark:0,SykesParkID,242599,1,511789,0,0,3,5,Friday,51.5794038,-2.6237607,,Bristol Region,Bilsham Meadows,Current,House detached,5,Ticks 1 to 5,10,5,0,0,186500,356500,"Northwick, South Gloucestershire",Other settlement,South Gloucestershire,England,Northwick,Cotswolds,18/01/2023,01/04/2023,,,Unknown,Unknown,Unknown,0,15,Super Income Maximisation,,Yes,1,1,1,0,1,1,0,0,1,0,0,0,0,0,0,1,1,1,0,0,0,1,0,0,0,1,0,1,0,1,0,1,1,0,1,1,1,1,1,0,0,1,0,1,0,1,0,0,0,1,criteria met,We visited as a friend group,Fantastic accommodation for our group of nine. Great facilities and fabulous living/dining/kitchen area for us all.,A perfect place to stay for our group of 10 ladies who wanted a weekend of catching up and kicking back.,the BBQ and hot tub areas were particular favourites! Exactly what we were looking for and everyone in the group was very impressed!,it was extremely well equipped and catered for all our needs as a large family
997890,Best for Large Groups,8,9.25,10,9.875,19,0.421052632,8.899870823,9.314922494,09:29.2,63,132830,34:21.0,SykesPropertyID,SykesPark:0,SykesParkID,105540,1,197559,0,0,5,5,Friday,51.8508779,-2.6509384,,HP Herefordshire,Tudor House,Current,House detached,4,Ticks 1 to 5,10,4,1,0,216500,355500,"Symonds Yat, Herefordshire",Other settlement,Herefordshire,England,Symonds Yat,Heart of England,27/10/2020,16/11/2020,,,Unknown,Unknown,Unknown,0,20,Super Income Maximisation,,Yes,1,1,1,0,1,0,0,0,1,1,0,0,0,0,0,1,0,1,0,0,1,1,1,0,0,1,0,0,1,1,0,1,0,0,0,1,0,0,1,0,0,1,0,0,0,0,0,0,0,1,criteria met,ideal for our three generational family holiday. Five ensuite bedrooms and two sitting rooms provided ample space for everyone to enjoy the stay.,"So perfect for our family of ten, with four double bedrooms at one side of the house and the other bedroom up a different staircase where the grandparents slept.",Plenty of room for our sized family of 8 adults and two children.,Five en-suite bedrooms were just right for our extended family.,Super property for our party of 10.
16526,Best for Large Groups,2,10,10,10,5,0.4,8.849806235,9.309883741,09:29.2,64,121266,58:09.0,SykesPropertyID,SykesPark:0,SykesParkID,14022,1,72873,1,2,3,4,Friday,54.5781945,-1.9756718,,The North East,Low Shipley Mill,Current,Semi detached,4,Ticks 1 to 5,8,4,0,0,519500,401500,"Cotherstone, Durham",Other settlement,Durham,England,Cotherstone,Yorkshire Dales,30/09/2022,30/09/2022,,,Unknown,Unknown,Unknown,0,17,Super Income Maximisation,,No Option Assigned,1,1,0,0,1,1,0,0,1,1,0,0,0,0,0,1,0,1,0,0,0,1,0,0,0,1,0,0,0,0,0,0,1,0,0,1,0,1,1,0,1,1,1,1,0,1,1,0,1,,review evidence only - manual review recommended,plenty of room for eight people,We had a lovely family get together in a wonderful location.,,,
3591,Best for Large Groups,2,10,10,10,11,0.181818182,8.849806235,9.309883741,09:29.2,65,48499,34:53.0,SykesPropertyID,SykesPark:0,SykesParkID,664,1,59264,1,2,3,4,Friday,52.56411,-2.6945263,,Shropshire & Telford,The Olde Cow House,Current,Semi detached,4,Ticks 1 to 5,11,4,0,0,296500,352500,"Plaish, Shropshire",Other settlement,Shropshire,England,Plaish,Heart of England,23/07/2009,08/08/2009,,,Unknown,Unknown,Unknown,0,15,Full Income Maximisation,,No Option Assigned,1,1,0,1,1,1,0,1,1,1,1,0,0,0,1,1,0,1,0,0,0,0,0,0,0,0,0,0,0,0,0,0,1,0,1,1,0,1,1,0,1,1,1,1,0,1,0,0,0,,review evidence only - manual review recommended,What a special place for our family of 11!,"We took our 3 adult children, partners and grandchildren and stayed for 3 nights",,,
958210,Best for Large Groups,2,10,10,10,8,0.25,8.849806235,9.309883741,09:29.2,66,113406,20:47.0,SykesPropertyID,SykesPark:0,SykesParkID,92201,1,140418,0,0,3,3,Friday,53.27603,-4.185942,,Anglesey,'Sgubor,Current,Cottage,4,Ticks 1 to 5,6,4,0,0,376500,253500,"Pen-y-garnedd, Isle of Anglesey",Other settlement,Isle of Anglesey,Wales,Pen-y-garnedd,North Wales,19/07/2019,02/08/2019,,,Unknown,Unknown,Unknown,0,15,Partial Income Maximisation,,No Option Assigned,1,0,1,0,1,1,0,1,1,1,0,0,0,0,0,1,1,1,1,0,0,0,0,0,0,1,0,0,0,1,0,1,1,0,0,0,1,0,1,0,1,1,0,1,0,0,0,0,0,,review evidence only - manual review recommended,"As a family of 8 (4 adults, 4 kids) the accommodation is perfect with loads of space",Accommodation was perfect for our family group,,,
928219,Best for Large Groups,2,10,10,10,6,0.333333333,8.849806235,9.309883741,09:29.2,67,,,,,,,,,,,,,,,,,,,,,,,,,,,,,,,,,,,,,,,,,,,,,,,,,,,,,,,,,,,,,,,,,,,,,,,,,,,,,,,,,,,,,,,,,,,,,,,,,no property data - manual review recommended,the perfect country house for our multi generational family,plenty of room for all members of our party to spread out,,,
954967,Best for Large Groups,2,10,10,10,28,0.071428571,8.849806235,9.309883741,09:29.2,68,211190,53:41.0,SykesPropertyID,SykesPark:0,SykesParkID,64171,1,137409,1,2,2,3,Friday,53.113903,-3.367335,,North Wales,Lady Bagots Cabin,Current,Lodge,5,Ticks 1 to 5,6,5,0,0,358500,308500,"Hengoed, Denbighshire",Other settlement,Denbighshire,Wales,Hengoed,North Wales,02/12/2022,02/12/2022,,,Unknown,Unknown,Unknown,0,17,Super Income Maximisation,,No Option Assigned,1,1,1,0,1,1,0,0,0,1,0,0,0,0,0,0,0,1,0,1,0,0,0,0,0,1,0,0,1,1,0,0,1,0,0,1,1,1,1,0,1,1,0,1,1,0,0,0,0,,review evidence only - manual review recommended,We stayed at Lady Bagot’s for a long weekend on a Girls weekend,Was very comfortable for 6 adults plus dogs,,,
9984,Best for Large Groups,2,10,10,10,5,0.4,8.849806235,9.309883741,09:29.2,69,48946,34:21.0,SykesPropertyID,SykesPark:0,SykesParkID,10577,1,66419,0,0,3,5,Friday,54.74800945,-2.960064411,,Cumbria West of M6,Chimney Gill,Current,Detached,5,Ticks 1 to 5,12,5,0,0,540500,337500,"Sour Nook, Cumbria",Other settlement,Cumbria,England,Sour Nook,Cumbria & The Lake District,26/06/2012,06/07/2012,,,Unknown,Unknown,Unknown,0,20,Partial Income Maximisation,,No Option Assigned,1,1,0,0,1,0,0,1,1,1,0,0,0,0,0,1,0,1,0,1,0,0,0,0,0,0,0,0,0,0,0,1,1,0,0,1,0,1,1,0,1,1,1,0,0,0,0,0,0,1,criteria met,"ideal for our family: 3 couples and 3 small children, with room to spare",Nice and spacious even with 10 adults and a toddler in the house!,,,
1122299,Best for Large Groups,2,10,10,10,6,0.333333333,8.849806235,9.309883741,09:29.2,70,218000,43:41.0,SykesPropertyID,SykesPark:0,SykesParkID,243191,438,505419,1,2,3,3,Saturday,55.5653666,-1.7595172,,HP Northumberland,Millstone,Current,Cottage,5,Ticks 1 to 5,6,5,1,0,630500,415500,"Lucker, Northumberland",Other settlement,Northumberland,England,Lucker,Northumberland,04/08/2014,04/08/2014,,,Unknown,Unknown,Unknown,0,10,Super Income Maximisation,,No,1,1,0,0,0,0,0,0,1,0,0,0,0,0,0,1,1,0,0,0,0,0,1,0,0,0,0,0,0,1,0,0,1,0,0,1,0,1,1,0,0,1,0,1,0,0,0,0,0,,review evidence only - manual review recommended,perfect for our requirements with three generations,catered ideally for six adults,,,
1161189,Best for Large Groups,2,10,10,10,5,0.4,8.849806235,9.309883741,09:29.2,71,290702,06:23.0,SykesPropertyID,SykesPark:0,SykesParkID,278230,437,621575,1,2,2,4,Friday,52.3239537,1.6786314,,HP East Anglia,Iona Cottage,Current,House semi-detached,4,Ticks 1 to 5,9,4,1,0,276500,650500,"Southwold, Suffolk",Town,Suffolk,England,Southwold,East Anglia,27/11/2024,29/11/2024,,,Unknown,Unknown,Unknown,0,15,Super Income Maximisation,,No,1,1,1,0,1,0,0,0,0,0,0,0,0,0,0,1,1,0,0,0,0,0,1,1,0,0,0,0,0,1,0,0,1,0,0,1,0,1,1,0,0,1,0,0,0,0,0,0,0,,review evidence only - manual review recommended,especially as we are a larger family,It is perfect for our large family,,,
1161140,Best for Large Groups,2,10,10,10,16,0.125,8.849806235,9.309883741,09:29.2,72,290594,21:13.0,SykesPropertyID,SykesPark:0,SykesParkID,278128,1,620868,1,1,2,3,Friday,54.5722717,-3.4198825,,Cumbria West of M6,The Elterwater Barn,Current,House semi-detached,4,Ticks 1 to 5,4,4,0,0,520500,308500,"Lamplugh, Cumbria",Other settlement,Cumbria,England,Lamplugh,Cumbria & The Lake District,20/12/2024,22/12/2024,,,Unknown,Unknown,Unknown,0,20,Super Income Maximisation,,Yes,1,1,0,0,1,0,0,0,1,0,0,0,0,0,0,1,0,1,1,0,1,1,0,0,0,1,0,0,1,1,0,0,1,0,0,1,0,1,1,0,0,1,0,1,0,0,0,0,0,,review evidence only - manual review recommended,"We stayed as a family of five adults, and the house accommodated us perfectly.","Lovely layout, perfect for our group",,,
1162557,Best for Large Groups,2,10,10,10,6,0.333333333,8.849806235,9.309883741,09:29.2,73,292317,17:06.0,SykesPropertyID,SykesPark:0,SykesParkID,279525,1,276027,1,3,2,5,Friday,52.7294164,1.2894068,,Norfolk,Cedar View,Current,House semi-detached,3,Ticks 1 to 5,9,3,0,0,319500,622500,"Waterloo, Norfolk",Other settlement,Norfolk,England,Waterloo,East Anglia,23/04/2025,01/05/2025,,,Unknown,Unknown,Unknown,0,16,Super Income Maximisation,,No,1,1,1,0,1,0,0,0,1,0,0,0,0,0,0,1,0,0,1,0,0,1,1,0,0,1,0,0,0,0,0,0,1,0,0,1,0,1,1,0,0,1,0,1,0,0,0,0,0,,review evidence only - manual review recommended,The house was ideal for a large gathering. We were three families together and all enjoyed our stay.,Excellent accomodation for a large group.,,,
1046697,Best for Large Groups,2,10,10,10,7,0.285714286,8.849806235,9.309883741,09:29.2,74,,,,,,,,,,,,,,,,,,,,,,,,,,,,,,,,,,,,,,,,,,,,,,,,,,,,,,,,,,,,,,,,,,,,,,,,,,,,,,,,,,,,,,,,,,,,,,,,,no property data - manual review recommended,Perfect for the 10 of us - 3 generations!,Great for a large group.,,,
1132863,Best for Large Groups,2,10,10,10,9,0.222222222,8.849806235,9.309883741,09:29.2,75,228720,19:35.0,SykesPropertyID,SykesPark:0,SykesParkID,251368,1,536184,1,2,2,3,Friday,52.8375279,1.3938466,,Norfolk,Squirrel Lodge,Current,Lodge,4,Ticks 1 to 5,6,4,0,0,332500,628500,"Swafield, Norfolk",Other settlement,Norfolk,England,Swafield,East Anglia,22/02/2024,15/03/2024,,,Unknown,Unknown,Unknown,0,17,Super Income Maximisation,,No,1,1,1,0,1,0,0,0,0,0,0,0,0,0,0,1,1,1,0,0,0,1,0,0,0,1,0,0,0,1,0,0,1,0,0,0,1,1,1,0,0,0,0,0,1,0,0,0,0,,review evidence only - manual review recommended,should six people stay,my family were 4 adults 2 teenagers,,,
997547,Best for Large Groups,2,10,10,10,7,0.285714286,8.849806235,9.309883741,09:29.2,76,120870,47:40.0,SykesPropertyID,SykesPark:0,SykesParkID,111933,1,197064,0,0,3,4,Friday,51.28118,-2.951009,,HP Somerset Coast,The Retreat,Current,Cottage,5,Ticks 1 to 5,10,5,1,0,154500,333500,"Lympsham, Somerset",Other settlement,Somerset,England,Lympsham,Somerset,13/08/2019,30/08/2019,,,Unknown,Unknown,Unknown,0,18,Super Income Maximisation,,No Option Assigned,1,1,1,0,1,0,0,0,1,1,0,0,0,0,0,1,1,1,1,0,0,1,0,0,0,1,0,0,0,1,0,1,1,0,0,1,0,1,1,0,0,1,0,0,0,1,0,0,0,,review evidence only - manual review recommended,We travelled as 3 families and we all had lots of space.,"This was the perfect property for our family group. Lots of space to spread out, and large communal areas to come together.",,,
976039,Best for Large Groups,14,9.214285714,10,9.642857143,15,0.933333333,8.966569784,9.308513299,09:29.2,77,98316,03:03.0,SykesPropertyID,SykesPark:0,SykesParkID,98194,343,173020,1,3,7,8,Friday,50.815451,-3.194086,,Devon,Abbots Manor,Current,Cottage,5,Ticks 1 to 5,18,5,0,0,102500,315500,"Combe Raleigh, Devon",Other settlement,Devon,England,Combe Raleigh,Devon,09/01/2012,09/01/2012,,,Unknown,Unknown,Unknown,0,17.5,Super Income Maximisation,,No,1,1,1,1,1,0,0,0,1,1,0,0,0,0,0,1,1,1,1,0,0,0,0,1,0,1,0,0,0,1,0,0,1,0,1,1,0,1,1,0,0,1,0,0,0,1,0,0,0,1,criteria met,We are a singing group of sixteen and this beautiful house suits our needs perfectly.,This was a great holiday for all 15 in our family.,Perfect for our family get together,It absolutely suits as a singing group,the perfect house for our group of 17. Plenty of space for us all with great facilities.
1054274,Best for Large Groups,7,9.285714286,10,9.857142857,13,0.538461539,8.893980872,9.307817095,09:29.2,78,186685,13:24.0,SykesPropertyID,SykesPark:0,SykesParkID,174520,1,282125,0,0,5,6,Friday,54.1490974,-2.4744665,,HP Yorkshire Dales,The Oakroyd,Current,House,5,Ticks 1 to 5,12,5,1,0,473500,368500,"Thornton in Lonsdale, North Yorkshire",Other settlement,North Yorkshire,England,Thornton in Lonsdale,Yorkshire Dales,03/07/2024,15/07/2024,,,Unknown,Unknown,Unknown,0,17,Partial Plus Income Maximisation,,No,1,1,1,0,1,0,0,0,1,0,0,0,0,0,0,1,0,0,0,0,0,1,1,0,0,1,0,0,1,1,0,1,1,0,1,1,0,1,1,0,1,1,0,1,0,1,0,0,0,1,criteria met,the perfect place for six siblings plus partners to celebrate a 60th birthday,it was perfect for our family get together despite an age range of 6 months to 67 years,has to be the best property we have stayed in over the last 15 years as a group.,"We were a family party ,ranging from 13 to 84.","There were 9 of us, ages ranged from 14 to 85."
953118,Best for Large Groups,13,9.153846154,10,9.769230769,19,0.684210526,8.921638036,9.306828975,09:29.2,79,172837,53:29.0,SykesPropertyID,SykesPark:0,SykesParkID,56610,1,70940,0,0,7,8,Friday,54.1487637,-2.4982865,,Yorkshire Dales,Coppa Hill Barn,Current,Barn conversion,5,Ticks 1 to 5,18,5,0,0,473500,367500,"Lower Westhouse, North Yorkshire",Other settlement,North Yorkshire,England,Lower Westhouse,Yorkshire Dales,08/11/2021,05/08/2022,,,Unknown,Unknown,Unknown,0,15,Super Income Maximisation,,No Option Assigned,1,1,0,1,1,1,0,0,1,1,1,0,0,0,0,1,0,1,0,0,0,1,0,0,0,1,0,0,0,1,0,1,1,0,0,1,1,1,1,0,1,1,0,1,0,1,0,0,0,1,criteria met,had everything we needed for large extended family,We would highly recommend it for a large gathering.,It has all you would ever need for a large family gathering,we were celebrating 2 big birthdays and had a big age range from 4 to 70 and everyone thoroughly enjoyed their stay,we were a party 13 adults and 4 children so used the attached cottage for the extra rooms
1169400,Best for Large Groups,8,9.125,10,10,9,0.888888889,8.844315268,9.306589161,09:29.2,80,300653,24:15.0,SykesPropertyID,SykesPark:0,SykesParkID,286059,1,272116,1,3,9,9,Saturday,57.0793753,-4.0552761,,HP Cairngorms,Glenspey,Current,House,5,Ticks 1 to 5,23,5,1,0,800500,275500,"Kingussie, Highland",Town,Highland,Scotland,Kingussie,Highlands and Islands,27/02/2025,31/03/2025,,,Unknown,Unknown,Unknown,0,15,Super Income Maximisation,,No,1,1,1,1,1,0,0,0,1,0,0,0,0,0,0,1,0,1,1,0,1,1,1,1,0,1,0,1,1,1,0,0,1,0,1,1,0,1,1,0,1,1,0,1,0,0,0,0,0,1,criteria met,Brilliant accommodation for large groups.,the house is great for gathering as a group but also has a few spaces where you can have some quiet time,"We stayed at this beautiful property in Kingussie from 6th to 8th June as a group of 7 families — 18 adults, 5 children, and 2 dogs","We stayed at Glenspey Cottage as a big family of nine—three kids and six adults, and it honestly couldn’t have been more perfect for us. The house is huge (it sleeps 22!), so we had loads of space to spread out.","We had a large group aging from 3 - 61. All members of the family loved the house! There was more than enough space everywhere, bedrooms were comfy and the whole place was well stocked with things for a larger group of people."
1110308,Best for Large Groups,12,9.333333333,10,9.5,17,0.705882353,9.008985219,9.305391131,09:29.2,81,199473,25:32.0,SykesPropertyID,SykesPark:0,SykesParkID,229394,402,462251,1,1,7,8,Friday,54.466824,-3.032324,,HP Lake District,Thorney How,Current,House,4,Ticks 1 to 5,16,4,1,0,507500,333500,"Grasmere, Cumbria",Other settlement,Cumbria,England,Grasmere,Cumbria & The Lake District,20/07/2022,05/09/2022,,,Unknown,Unknown,Unknown,0,16,Partial Plus Income Maximisation,,No,1,1,0,0,1,0,0,0,1,1,0,0,0,0,0,0,0,0,1,0,1,1,0,0,0,1,0,0,0,1,0,0,1,0,0,0,1,1,1,0,1,1,0,1,0,0,0,0,0,1,criteria met,The property was comfortable n spacious so we felt we were not on top of each other!,It was the perfect house for our groups needs.,Great place for the 16 members of our family to meet.,"Great place for a group to stay, plenty of space",Great for large families
3878,Best for Large Groups,11,9.090909091,10,9.909090909,18,0.611111111,8.866555944,9.301751748,09:29.2,82,58053,25:24.0,SykesPropertyID,SykesPark:0,SykesParkID,5183,1,61205,1,2,2,4,Friday,54.2288719,-0.6560702,,North Yorkshire,Boundcliffe Farm,Current,Semi detached,4,Ticks 1 to 5,10,4,0,0,482500,487500,"Allerston, North Yorkshire",Other settlement,North Yorkshire,England,Allerston,North York Moors & Coast,12/04/2010,12/04/2010,,,Unknown,Unknown,Unknown,0,20,Super Income Maximisation,,No Option Assigned,1,1,1,1,1,0,0,1,1,1,1,0,0,0,0,1,0,0,0,0,0,0,0,0,0,0,0,0,0,0,0,0,1,0,0,1,0,1,1,0,1,1,1,1,0,0,0,0,0,,review evidence only - manual review recommended,we stayed with all our family,an ideal accommodation for a multi generational stay,Fantastic spacious cottage with everything you could need for a large family /party to enjoy,We were a family group of 7 with ages from 21 to 88.,"There were nine of us plus two dogs, and there was plenty of space for everyone."
1146081,Best for Large Groups,11,9.090909091,10,9.909090909,29,0.379310345,8.866555944,9.301751748,09:29.2,83,272025,28:20.0,SykesPropertyID,SykesPark:0,SykesParkID,264260,1,496649,1,5,4,6,Saturday,54.1369078,-1.3418072,,North Yorkshire,The Barn,Current,House,5,Ticks 1 to 5,15,5,0,0,470500,443500,"Brafferton, North Yorkshire",Other settlement,North Yorkshire,England,Brafferton,North York Moors & Coast,22/04/2025,23/04/2025,,,Unknown,Unknown,Unknown,0,15,Super Income Maximisation,,No,1,1,1,1,1,1,0,0,1,0,1,0,0,0,0,1,0,1,1,0,0,1,0,0,0,1,1,0,1,1,0,0,1,0,0,1,1,1,1,0,1,1,1,1,0,1,0,0,0,1,criteria met,plenty of living and sleeping space for all of us,all 11 of us have said we certainly be returning,a party of 11,"we were a party of 6 adults, 4 children under 8 a baby and a small dog. Loads of indoor space to play, eat, chill","we were a group of mixed ages, from 68 to 4"
1131721,Best for Large Groups,7,9.142857143,10,10,15,0.466666667,8.835157342,9.301094405,09:29.2,84,227318,18:55.0,SykesPropertyID,SykesPark:0,SykesParkID,250239,1,500156,1,2,3,4,Friday,54.6077123,-2.785963,,Cumbria West of M6,High Winder House,Current,Cottage,4,Ticks 1 to 5,8,4,0,0,526500,349500,"Thorpe, Cumbria",Other settlement,Cumbria,England,Thorpe,Cumbria & The Lake District,23/10/2024,01/11/2024,,,Unknown,Unknown,Unknown,0,15,Super Income Maximisation,,Yes,1,1,0,1,0,0,0,0,1,1,1,0,0,0,0,1,0,1,1,0,1,1,0,0,0,1,0,0,1,1,0,0,1,0,0,1,0,1,1,0,1,1,1,1,0,0,0,0,0,,review evidence only - manual review recommended,whole family (7 + dog) thoroughly enjoyed the pool table,plenty of room inside and outside,It is large enough to be extremely comfortable for 8 guests to all have their own space,So much space for 2 families to share comfortably.,An amazing house which was perfect for our family gathering.
1118794,Best for Large Groups,7,9.142857143,10,10,22,0.318181818,8.835157342,9.301094405,09:29.2,85,209081,43:03.0,SykesPropertyID,SykesPark:0,SykesParkID,236929,1,495246,1,1,3,4,Friday,52.146253,-3.362072,,Mid Wales,Pen Y Banc,Current,House semi-detached,4,Ticks 1 to 5,8,4,0,0,250500,306500,"Llanfaredd, Powys",Other settlement,Powys,Wales,Llanfaredd,Mid Wales,20/12/2022,20/12/2022,,,Unknown,Unknown,Unknown,0,15,Super Income Maximisation,,Yes,1,1,1,0,1,1,0,0,1,0,0,0,0,0,0,1,0,1,0,0,0,1,0,0,0,0,0,0,1,1,0,0,1,0,1,1,1,1,1,0,0,0,0,1,0,0,0,0,0,,review evidence only - manual review recommended,very spacious,catered extremely well for the three generations staying there,We stayed at the property as a group of family/friends to celebrate a birthday. We were all pleasantly surprised by how spacious the property was. It was really easy to sit and socialise together which was really important to us.,Very spacious for x2 families of 4.,The bungalow accommodated 3 generations (and dog!) more than comfortably.
999414,Best for Large Groups,12,9.166666667,10,9.75,16,0.75,8.918076128,9.300845677,09:29.2,86,231576,34:30.0,SykesPropertyID,SykesPark:0,SykesParkID,85739,1,199289,1,2,7,7,Friday,50.7349317,-3.3580425,,Devon,Lower Marsh Barns,Current,Cottage,5,Ticks 1 to 5,14,5,0,0,93500,304500,"Marsh Green, Devon",Other settlement,Devon,England,Marsh Green,Devon,01/02/2024,24/02/2024,,,Unknown,Unknown,Unknown,0,15,Super Income Maximisation,,Yes,1,1,1,0,1,0,0,0,1,0,0,0,0,0,0,1,0,1,1,0,1,1,0,0,0,1,0,1,0,1,0,0,1,0,1,1,1,0,1,0,1,1,0,1,0,0,0,0,0,1,criteria met,gives us everything we need for our large extended family,accommodated our extended family beautifully,We stayed at Lower Marsh Barns with a party of 11 people,12 of us stayed and would highly recommend this property to anybody whether it's for a celebration,suited our multi generational family
1089093,Best for Large Groups,15,9.2,10,9.6,20,0.75,8.967906993,9.300744196,09:29.2,87,170873,00:10.0,SykesPropertyID,SykesPark:0,SykesParkID,208517,343,388160,1,1,3,6,Friday,50.666225,-3.493761,,Devon,Crablake Farmhouse,Current,House detached,4,Ticks 1 to 5,12,4,0,0,87500,294500,"Exminster, Devon",Other settlement,Devon,England,Exminster,Devon,13/05/2022,27/05/2022,,,Unknown,Unknown,Unknown,0,18,Super Income Maximisation,,No,1,1,0,1,1,0,0,1,1,1,0,0,0,0,0,1,1,1,1,0,0,1,0,0,0,1,0,0,0,1,0,0,1,0,0,1,1,1,1,0,0,1,1,1,0,0,0,0,0,1,criteria met,we were 12 adults and 5 children,"we are a three generation family of ten. The house is spacious, beautifully furnished and equipped with anything you would need. There is so much space for our family to be together and also to have space apart.",easily able to cope with a multi generational family,We were at party of 11 friends who came to celebrate my 70th birthday.,Fantastic house for a family and friends gathering with plenty of room to enjoy each other’s company.
1151124,Best for Large Groups,15,9.2,10,9.6,24,0.625,8.967906993,9.300744196,09:29.2,88,278182,53:55.0,SykesPropertyID,SykesPark:0,SykesParkID,268351,343,590479,1,2,3,5,Friday,51.3490214,-2.686168,,Bristol Region,Nempnett Farmhouse,Current,House semi-detached,4,Ticks 1 to 5,12,4,0,0,161500,351500,"Butcombe, North Somerset",Other settlement,North Somerset,England,Butcombe,Somerset,01/03/2024,09/03/2024,,,Unknown,Unknown,Unknown,0,18,Super Income Maximisation,,No,1,1,1,1,1,1,0,1,1,1,1,0,0,0,0,1,0,1,1,0,0,1,0,0,0,0,0,0,0,1,0,0,1,0,1,1,0,0,1,0,1,1,0,1,0,0,0,0,0,1,criteria met,was perfect for 11 of us,The house is perfect for a large family gathering,Lovely farmhouse slept all eleven of us comfortably.,Had a great time with our large family gathering.,"As a large family group with a wide range of ages, we spent most of the weekend complimenting the accommodation."
1169441,Best for Large Groups,6,9.333333333,10,9.833333333,22,0.272727273,8.887354676,9.299079472,09:29.2,89,300680,22:54.0,SykesPropertyID,SykesPark:0,SykesParkID,286106,1,641132,1,2,2,4,Friday,53.3033607,-3.5406671,,North Wales,Greenacres,Current,Cottage,4,Ticks 1 to 5,9,4,0,0,379500,297500,"Towyn, Conwy",Other settlement,Conwy,Wales,Towyn,North Wales,03/03/2025,03/03/2025,,,Unknown,Unknown,Unknown,0,18,Super Income Maximisation,,Yes,1,0,1,0,1,0,0,0,1,1,0,0,0,0,0,0,1,1,1,0,0,1,1,1,0,1,0,0,0,1,0,0,1,0,0,0,1,1,1,0,1,1,0,1,0,0,0,0,0,,review evidence only - manual review recommended,just the place for a large group of people . Spacious comfortable lots of room to spread out good for adults and children,"We were a party of 8 adults, a 1 year old and a dog and we never struggled for space or being together.",There was more than enough room for the family.,there were 9 of us. It's very spacious and has everything you need for a family stay,plenty big enough for 3 generations
1008740,Best for Large Groups,6,9.333333333,10,9.833333333,9,0.666666667,8.887354676,9.299079472,09:29.2,90,116517,34:00.0,SykesPropertyID,SykesPark:0,SykesParkID,130679,389,213323,1,2,3,5,Saturday,53.2839357,-4.6178892,,HP - Wales Anglesey Coastal,Bryn Dale,Current,House semi-detached,4,Ticks 1 to 5,10,4,1,0,379500,225500,"Trearddur, Isle of Anglesey",Other settlement,Isle of Anglesey,Wales,Trearddur,North Wales,06/02/2017,13/02/2017,,,Unknown,Unknown,Unknown,0,20,Super Income Maximisation,,No Option Assigned,1,1,1,0,1,0,0,0,1,1,0,0,0,0,0,1,1,0,1,0,0,0,1,1,0,1,0,0,0,1,0,0,1,0,0,1,0,0,1,0,0,1,0,0,0,0,0,0,0,1,criteria met,It was perfect for our family get together.,"Bryn Dale was a perfect house for our multi-generational family group - it was comfortable, spacious and very well equipped",the layout is fantastic for a large multi-generational family group,We were there to welcome in the New Year as a group of friends,The house was perfect for us all. Plenty of space
1120756,Best for Large Groups,6,9.333333333,10,9.833333333,7,0.857142857,8.887354676,9.299079472,09:29.2,91,212097,03:13.0,SykesPropertyID,SykesPark:0,SykesParkID,239719,437,501417,1,2,4,8,Friday,52.2613236,1.4685127,,Suffolk,South Grange House - Sleep 16,Current,House detached,5,Ticks 1 to 5,16,5,0,0,269500,636500,"Sibton, Suffolk",Other settlement,Suffolk,England,Sibton,East Anglia,21/02/2023,01/05/2023,,,Unknown,Unknown,Unknown,0,15,Super Income Maximisation,,Yes,1,1,0,1,1,1,0,1,1,0,1,1,0,0,0,1,0,1,0,0,0,0,0,0,0,1,0,0,0,1,0,0,1,0,0,0,0,1,1,0,1,1,1,0,0,0,0,0,1,1,criteria met,it was the perfect place for us all to stay together as a family,Ample space for all 16 of us.,plenty of room for our party of 13,big enough to satisfy our large family Xmas gathering,We were a party of 18 including 2 babies and there was plenty of space and facilities for all.
1052663,Best for Large Groups,14,9.133333333,10,9.733333333,17,0.823529412,8.919347562,9.298275204,09:29.2,92,154570,07:12.0,SykesPropertyID,SykesPark:0,SykesParkID,172967,1,277871,0,0,7,9,Friday,54.0059738,-2.0467279,,HP Yorkshire Dales,Scale House,Current,House detached,5,Ticks 1 to 5,22,5,1,0,458500,396500,"Hetton, North Yorkshire",Other settlement,North Yorkshire,England,Hetton,Yorkshire Dales,09/07/2021,13/08/2021,,,Unknown,Unknown,Unknown,0,15,Super Income Maximisation,22/05/2026,No,1,1,1,1,1,1,0,0,1,1,0,1,1,0,0,1,0,1,1,1,1,1,0,0,0,1,0,0,0,1,0,1,1,0,0,1,0,1,1,0,1,1,0,0,0,1,0,0,0,1,criteria met,fantastic grounds and facilities,We've stayed in many holiday homes (12 to 19 persons) over many years.,We had the most incredible stay at Scale House in Skipton with our family of 21,We attended as a large group family of 20,Outstanding house for our group of 17 friends
1029704,Best for Large Groups,8,9.375,10,9.625,11,0.727272727,8.955426379,9.298255827,09:29.2,93,,,,,,,,,,,,,,,,,,,,,,,,,,,,,,,,,,,,,,,,,,,,,,,,,,,,,,,,,,,,,,,,,,,,,,,,,,,,,,,,,,,,,,,,,,,,,,,,,no property data - manual review recommended,We hired The Croft Farm for my son’s wedding in Elton. I had my three sons and partners staying and all the ushers 14 altogether.,"This is our second visit as an extended family to Croft Farm and it just works for us, all of us!","Overall, was a lovely stay & would defo recommend for large group bookings.",Absolutely ideal for family get togethers.,We had 18 people stay across the 3 houses and it worked perfectly.
1004031,Best for Large Groups,7,9.125,10,10,12,0.583333333,8.827804401,9.296682641,09:29.2,94,119866,18:23.0,SykesPropertyID,SykesPark:0,SykesParkID,121837,1,205084,1,2,4,6,Friday,52.1485653,-3.4198363,,Mid Wales,The Pheasantry,Current,House detached,4,Ticks 1 to 5,10,4,0,0,250500,303500,"Builth Wells/Llanfair-Ym-Muallt, Powys",Town,Powys,Wales,Builth Wells/Llanfair-Ym-Muallt,Mid Wales,21/09/2019,27/09/2019,,,Unknown,Unknown,Unknown,0,15,Full Income Maximisation,01/08/2024,Yes,1,1,0,1,1,1,0,0,1,1,0,0,0,0,0,1,0,1,0,0,0,0,0,0,0,1,0,0,0,1,0,0,0,0,0,0,0,0,1,0,0,1,0,0,0,1,0,0,0,1,criteria met,ideal for our family of ten,We went as an extended family of 10 and loved it.,there was plenty of room for people to have their own space if wanted,it was a special planned birthday treat for our three generation family,"We are a party of four mature (in age but not particularly in personalities) sibling couples whose requirements in holiday rentals are predominately the necessity of at least four en-suite bedrooms, a pool table"
904429,Best for Large Groups,13,9.076923077,10,9.846153846,20,0.65,8.878159775,9.296126634,09:29.2,95,51608,57:24.0,SykesPropertyID,SykesPark:0,SykesParkID,26598,1,88477,0,0,5,5,Friday,53.2160541,-1.3985637,,Peak District & Derbyshire,Manor House,Current,Detached,5,Ticks 1 to 5,10,5,0,0,368500,440500,"Winsick, Derbyshire",Other settlement,Derbyshire,England,Winsick,Peak District,21/05/2014,21/05/2014,,,Unknown,Unknown,Unknown,0,15,Super Income Maximisation,,No Option Assigned,1,1,1,0,1,1,0,0,1,1,0,0,1,1,0,1,0,1,0,1,0,1,0,0,0,1,0,0,0,1,0,1,1,0,1,1,0,1,1,0,0,1,0,0,0,1,0,0,0,1,criteria met,perfect for our family get together,We were a group of 10 women that go away every year and this is by far the best place we have been to.,Perfect property to celebrate an 80th birthday. Ages ranged from. 13-80 & we all loved it.,Perfect for our pre Christmas family gettogether.,"As a group of 10 including a young child and someone with mobility issues, the property was perfect."
976245,Best for Large Groups,6,9.166666667,10,10,10,0.6,8.824854676,9.294912806,09:29.2,96,98484,25:16.0,SykesPropertyID,SykesPark:0,SykesParkID,63268,343,173168,1,2,5,6,Saturday,50.3409549,-3.575570476,,HP Devon South Coast,Woodlands,Current,Cottage,4,Ticks 1 to 5,13,4,1,0,50500,287500,"Warfleet, Devon",Other settlement,Devon,England,Warfleet,Devon,25/09/2017,25/09/2017,,,Unknown,Unknown,Unknown,0,15,Super Income Maximisation,09/09/2025,No,1,1,0,0,1,0,0,0,1,1,0,0,0,0,0,1,1,0,0,0,0,0,0,1,0,0,0,0,0,0,0,0,1,0,0,1,0,0,1,0,0,1,0,0,0,0,0,0,0,1,criteria met,"we weren't tripping over each other, very important with 3 generations on holiday together.",Accommodation suited the needs of our extended family perfectly. Plenty of space and bathrooms.,"to accommodate my wife and I, our three sons and their families to celebrate my 70th birthday",plenty of room for our party of 9 adults and 1 baby,Woodlands is large and comfortable with plenty of space to accommodate our party.
1003016,Best for Large Groups,13,9.153846154,10,9.692307692,24,0.541666667,8.921638036,9.29144436,09:29.2,97,113175,25:28.0,SykesPropertyID,SykesPark:0,SykesParkID,122561,1,101759,0,0,5,6,Friday,53.8950622,-2.9466635,,North West & Lancashire,Moor End Manor,Current,House detached,5,Ticks 1 to 5,14,5,0,0,444500,337500,"Cold Row, Lancashire",Other settlement,Lancashire,England,Cold Row,Cumbria & The Lake District,15/03/2022,15/03/2022,,,Unknown,Unknown,Unknown,0,18,Super Income Maximisation,,No,1,1,1,1,1,1,0,0,1,1,0,0,0,0,0,1,0,1,1,0,0,1,0,0,0,1,0,0,0,1,0,1,1,0,1,1,0,1,1,0,1,1,0,1,0,1,0,0,0,1,criteria met,everything we needed for a brilliant family gathering,We were a party of x10 adults and x3 children and Moor End Manor was the perfect choice.,"We booked for Christmas 25, for 14 of us.",Booked here for my sister’s 40th just us girls.,"we went for my cousins hen do, had a slip and slide in the garden and played games and hosted bongos bingo with a live singer"
1112629,Best for Large Groups,9,9.111111111,10,9.888888889,25,0.36,8.852509201,9.289283298,09:29.2,98,202329,46:50.0,SykesPropertyID,SykesPark:0,SykesParkID,231571,1,470203,1,2,4,5,Friday,52.92248,-3.08196,,Shropshire & Telford,Pentre Hall,Current,House semi-detached,4,Ticks 1 to 5,10,4,0,0,336500,327500,"Pont-Faen, Shropshire",Other settlement,Shropshire,England,Pont-Faen,Heart of England,21/11/2023,01/12/2023,,,Unknown,Unknown,Unknown,0,17,Super Income Maximisation,,No,1,1,1,0,1,1,0,0,1,1,0,0,0,0,0,1,0,1,1,0,0,1,0,0,0,1,0,1,0,1,0,0,1,0,1,1,0,1,1,0,1,1,0,1,0,0,0,0,0,1,criteria met,we all had a great time at the property for a family get together,the house itself was very clean and comfortable for 10 of us and a dog,We had a lovely stay at Pentre House with our group of 10 (6 adults and 4 children).,It is well equipped for large groups. Our group ages ranged from fifteen to eighty five and everyone had a wonderful time!,we came with a group of friends and it was comfortable to share between 10 as there 3 en suites and are 2 bathrooms.
1169659,Best for Large Groups,5,9.2,10,10,19,0.263157895,8.813178321,9.287906993,09:29.2,99,300879,31:09.0,SykesPropertyID,SykesPark:0,SykesParkID,286360,1,619132,1,2,2,4,Friday,53.3185325,-3.4067047,,North Wales,Ty Blodau,Current,House detached,5,Ticks 1 to 5,10,5,0,0,380500,306500,"Bryniau, Denbighshire",Other settlement,Denbighshire,Wales,Bryniau,North Wales,22/04/2025,22/04/2025,,,Unknown,Unknown,Unknown,0,15,Super Income Maximisation,,No,1,1,1,0,1,1,0,0,1,0,0,0,0,0,0,1,1,0,1,0,0,1,1,1,0,1,0,1,0,1,0,0,1,0,0,0,1,1,1,0,0,1,0,1,0,0,0,0,0,,review evidence only - manual review recommended,plenty of space for a group of 10 people,Fantastic place to stay for a large family.,the cottage felt spacious even with everyone in the lounge,"We had a large group, and the layout of the home was ideal for entertaining—plenty of communal space to gather, yet enough room for everyone to have their own privacy.",We were able to cook perfectly we found enough crocks/pots etc enough for all in our party.
4587,Best for Large Groups,5,9.2,10,10,10,0.5,8.813178321,9.287906993,09:29.2,100,48672,58:00.0,SykesPropertyID,SykesPark:0,SykesParkID,6400,1,61797,0,0,4,6,Friday,54.6506421,-3.4867941,,Cumbria West of M6,White Gables,Current,Detached,4,Ticks 1 to 5,12,4,0,0,529500,304500,"Great Clifton, Cumbria",Other settlement,Cumbria,England,Great Clifton,Cumbria & The Lake District,28/03/2011,16/04/2011,,,Unknown,Unknown,Unknown,0,20,Partial Income Maximisation,,No Option Assigned,1,1,0,0,1,0,0,0,1,0,0,0,0,0,0,1,0,0,0,0,0,1,1,0,0,0,0,0,0,0,0,1,1,0,1,1,0,1,1,0,0,1,0,0,0,0,0,0,0,1,criteria met,I would recommend this property to a large group wanting to explore this lovely area.,well equipped for a family get together,an inter-generational family group of 9,We went as a large family 9 of us and we all felt very comfortable in this lovely house.,There was plenty of room for a party of 9
1142817,Best for Views,7,10,10,10,9,0.777777778,9.188098519,9.512859111,09:29.2,1,,,,,,,,,,,,,,,,,,,,,,,,,,,,,,,,,,,,,,,,,,,,,,,,,,,,,,,,,,,,,,,,,,,,,,,,,,,,,,,,,,,,,,,,,,,,,,,,1,criteria met,the view from the window was to die for,the most fabulous view,from the view out of the lounge,The view is spectacular and you could just spend hours sat watching the boats and trains go by from the living room window.,Lovely view
1098838,Best for Views,11,9.636363636,10,10,19,0.578947368,9.15227023,9.491362138,09:29.2,2,184667,22:37.0,SykesPropertyID,SykesPark:0,SykesParkID,218199,1,421259,1,2,2,3,Saturday,57.4160268,-1.8558207,,Scottish Lowlands,Craigievar,Current,House detached,4,Ticks 1 to 5,6,4,0,0,836500,409500,"Cruden Bay, Aberdeenshire",Other settlement,Aberdeenshire,Scotland,Cruden Bay,Highlands and Islands,29/04/2022,29/04/2022,,,Unknown,Unknown,Unknown,0,17,Super Income Maximisation,,Yes,1,1,0,0,1,0,0,0,1,0,0,0,0,0,0,1,1,0,0,0,0,1,1,1,0,1,0,0,0,1,0,0,1,0,0,1,1,1,1,0,0,1,0,1,0,0,0,0,0,1,criteria met,lovely views across the golf course and beyond,amazing views from the property,Views overlook the most picturesque scenes: sea/rolling mounds (golf course) and changing sky (weather) -just so relaxing and quiet,The view was amazing.,The fantastic views over the golf course to the sea beyond can be seen from the dining kitchen and the lounge.
998607,Best for Views,11,9.636363636,10,10,15,0.733333333,9.15227023,9.491362138,09:29.2,3,167327,43:30.0,SykesPropertyID,SykesPark:0,SykesParkID,109263,1,123580,1,2,2,2,Saturday,52.9702491,-3.259263,,North Wales,Tyn Llwyn Barn,Current,House detached,5,Ticks 1 to 5,4,5,0,0,342500,314500,"Glyndyfrdwy, Denbighshire",Other settlement,Denbighshire,Wales,Glyndyfrdwy,North Wales,17/01/2022,17/01/2022,,,Unknown,Unknown,Unknown,0,20,Super Income Maximisation,,No Option Assigned,1,1,1,0,1,1,0,0,1,0,0,0,0,0,0,1,0,1,0,1,0,0,0,0,0,1,0,0,1,1,0,0,1,0,0,1,1,1,1,0,1,0,0,1,0,1,0,0,0,1,criteria met,amazing views,Views were amazing.,Tyn Llwyn Barn is a fabulous cottage with spectacular views!,The views are to die for.,The views are spectacular
1051902,Best for Views,11,9.636363636,10,10,14,0.785714286,9.15227023,9.491362138,09:29.2,4,160482,43:16.0,SykesPropertyID,SykesPark:0,SykesParkID,172198,1,132069,1,1,1,2,Friday,52.564691,-3.745772,,Mid Wales,Bacheiddon Log Cabin,Current,Lodge,5,Ticks 1 to 5,4,5,0,0,298500,281500,"Melinbyrhedyn, Powys",Other settlement,Powys,Wales,Melinbyrhedyn,Mid Wales,14/09/2021,20/09/2021,,,Unknown,Unknown,Unknown,0,15,Super Income Maximisation,,No,1,1,1,0,1,1,0,1,1,1,0,0,0,0,0,1,0,1,1,1,0,1,0,0,0,1,0,0,0,1,0,0,1,0,0,0,1,1,1,0,0,1,0,1,1,0,1,0,0,1,criteria met,spectacular 360 degree views,perfect views,Views from every spot in the cabin.,"The views, Wow!!",The views were amazing.
1112438,Best for Views,14,9.571428571,10,9.928571429,22,0.636363636,9.174903118,9.490656156,09:29.2,5,202150,56:28.0,SykesPropertyID,SykesPark:0,SykesParkID,231379,1,124846,0,0,1,1,Friday,50.8618901,-4.5236697,,HP Cornwall Coast,Northcott Hut,Current,Hut/Pod/Yurt,5,Ticks 1 to 5,2,5,1,0,110500,222500,"Stibb, Cornwall",Other settlement,Cornwall,England,Stibb,Cornwall,20/03/2024,20/03/2024,,,Unknown,Unknown,Unknown,0,16,Partial Plus Income Maximisation,,No,1,0,0,0,1,1,0,0,1,1,0,0,0,0,0,0,1,1,1,1,0,1,0,0,0,1,0,0,0,1,0,1,1,0,0,0,1,1,1,0,1,0,0,1,0,0,1,0,1,1,criteria met,the view of this getaway was astonishing never seen a more beautiful view like that before,the view from the Hut was gorgeous in all Cornish weather we had in our stay,"the amazing view , totally private surrounded by open fields",perfect views of the sea and countryside,incredible sunset views
1007857,Best for Views,14,9.571428571,10,9.928571429,21,0.666666667,9.174903118,9.490656156,09:29.2,6,155310,58:09.0,SykesPropertyID,SykesPark:0,SykesParkID,128851,1,160766,0,0,2,3,Friday,54.354236,-3.4107084,,Cumbria West of M6,Waterside,Current,House semi-detached,4,Ticks 1 to 5,5,4,0,0,496500,308500,"Ravenglass, Cumbria",Other settlement,Cumbria,England,Ravenglass,Cumbria & The Lake District,23/09/2021,22/10/2021,,,Unknown,Unknown,Unknown,0,18,Super Income Maximisation,,No,1,1,0,0,0,0,0,0,0,1,0,0,0,0,0,1,1,0,0,0,0,1,1,0,0,1,0,1,0,0,0,1,1,0,0,0,0,1,1,0,0,1,0,1,0,0,0,0,0,1,criteria met,wow- that view from the living room was windows was just breathtaking-I miss it!!,wonderful panoramic views of the estuary from both downstairs and the master bedroom,with amazing views,the stunning views are nothing short of spectacular,the most spectacular views over the estuary
1095863,Best for Views,16,9.5,10,9.9375,24,0.666666667,9.161449032,9.484369419,09:29.2,7,181144,18:04.0,SykesPropertyID,SykesPark:0,SykesParkID,215284,1,251384,1,1,1,1,Saturday,54.41664314,-0.744298141,,HP North York Moors,Foxglove,Current,Lodge,4,Ticks 1 to 5,2,4,1,0,504500,480500,"Key Green, North Yorkshire",Other settlement,North Yorkshire,England,Key Green,North York Moors & Coast,01/07/2022,30/07/2022,,,Unknown,Unknown,Unknown,0,18,Super Income Maximisation,,No,1,1,0,0,1,1,0,0,1,1,0,0,0,0,0,1,0,1,0,1,0,0,0,0,0,1,0,0,0,0,0,0,1,0,0,0,1,1,1,0,0,0,1,0,1,0,0,0,0,1,criteria met,views are amazing,the scenery and wildlife are truly amazing,such great views for a really relaxing break!,"fantastic views over the fields, including sights of the NYR Heritage Railway",beautiful views made extra special with the Barn owl
1173578,Best for Views,12,9.666666667,10,9.833333333,17,0.705882353,9.190803401,9.481148707,09:29.2,8,305838,01:21.0,SykesPropertyID,SykesPark:0,SykesParkID,290074,441,651398,1,2,2,2,Saturday,50.7011812,-3.0955381,,HP Devon South Coast,Seascape Cottage,Current,Cottage,4,Ticks 1 to 5,4,4,1,0,89500,322500,"Beer, Devon",Other settlement,Devon,England,Beer,Devon,08/04/2025,26/04/2025,,,Unknown,Unknown,Unknown,0,14,Partial Plus Income Maximisation,,Part - Cleaning Only,1,0,0,0,1,0,0,0,1,0,0,0,0,0,0,1,1,1,1,0,0,1,1,1,0,1,0,0,1,1,0,0,1,0,0,1,0,0,1,0,0,1,0,1,0,0,0,0,0,1,criteria met,"the cottage itself is beautiful, sitting on a great spot with cracking views down to the sea, lovely gardens and countryside views all around",stunning views from the balcony looking over the village towards the sea,spectacular views over Beer,amazing views over Beer,a view from every window
1063961,Best for Views,14,9.5,10,10,17,0.823529412,9.133236451,9.479941871,09:29.2,9,,,,,,,,,,,,,,,,,,,,,,,,,,,,,,,,,,,,,,,,,,,,,,,,,,,,,,,,,,,,,,,,,,,,,,,,,,,,,,,,,,,,,,,,,,,,,,,,1,criteria met,stunning views,overlooking the Conwy River and mountains of Snowdonia from the sun lounge at the rear,great views to the rear,"fantastic views of the valley, hills, river and animals that we never got tired of looking at and watching.",beautiful views over the Conwy estuary
1076723,Best for Views,13,9.615384615,10,9.846153846,20,0.65,9.182507601,9.47873533,09:29.2,10,155412,51:09.0,SykesPropertyID,SykesPark:0,SykesParkID,196297,389,349198,0,0,1,2,Saturday,52.8798061,-4.4259695,,HP - Wales North West Coast,Gwel Y Mor,Current,Apartment,3,Ticks 1 to 5,5,3,1,0,334500,236500,"West End/Marian-y-mor, Gwynedd",Other settlement,Gwynedd,Wales,West End/Marian-y-mor,North Wales,24/06/2021,03/07/2021,,,Unknown,Unknown,Unknown,0,18,Super Income Maximisation,09/09/2022,No,1,1,0,0,0,0,0,0,1,0,0,0,0,0,0,0,1,0,1,0,0,0,0,0,0,0,0,1,0,1,0,1,1,0,0,0,0,1,1,0,0,1,0,1,0,0,0,0,0,1,criteria met,you could sit there all day and take in,the Sea and the Sky would be lovely to look at,overlooking the bay,great sea view,absolute breathtaking view straight across from the beach
1128026,Best for Views,7,9.857142857,10,10,8,0.875,9.129274989,9.477564994,09:29.2,11,223215,55:34.0,SykesPropertyID,SykesPark:0,SykesParkID,246677,417,341402,0,0,3,3,Saturday,50.19634586,-5.462651785,,HP Cornwall Coast,Sandsifters II,Current,House terraced,5,Ticks 1 to 5,6,5,1,0,38500,152500,"Carbis Bay, Cornwall",Other settlement,Cornwall,England,Carbis Bay,Cornwall,19/05/2023,30/09/2023,,,Unknown,Unknown,Unknown,0,15,Partial Income Maximisation,,Yes,1,1,1,0,1,0,0,0,0,0,0,0,0,0,0,1,1,0,0,0,0,0,1,0,0,1,0,1,0,1,0,1,1,0,0,1,1,0,1,0,0,1,0,1,0,0,0,0,0,1,criteria met,stunning views over Carbis Bay,magnificent views,lovely view,gorgeous view,View fantastic
1056524,Best for Views,12,9.583333333,10,9.916666667,19,0.631578947,9.145348855,9.470542647,09:29.2,12,194140,49:33.0,SykesPropertyID,SykesPark:0,SykesParkID,176757,1,290557,0,0,1,2,Friday,53.346184,-4.2466975,,HP - Wales Anglesey Coastal,Y Gorlan,Current,Barn conversion,5,Ticks 1 to 5,4,5,1,0,384500,250500,"Marian-glas, Isle of Anglesey",Other settlement,Isle of Anglesey,Wales,Marian-glas,North Wales,30/12/2022,30/12/2022,,,Unknown,Unknown,Unknown,0,15,Super Income Maximisation,,No,1,1,1,0,1,1,0,0,1,1,0,0,0,0,0,1,1,1,1,0,0,1,0,0,0,1,0,0,0,0,0,1,1,0,0,1,1,1,1,0,1,1,0,1,0,1,1,0,0,1,criteria met,the stunning sea views from both the cottage itself,fabulous views,Y Gorlan is a beautiful cottage with a stunning view.,WOW this property is ABSOLUTELY incredible with views to die for.,Absolutely beautiful property with amazing views.
1039409,Best for Views,9,9.666666667,10,10,13,0.692307692,9.115667096,9.469400258,09:29.2,13,168998,23:54.0,SykesPropertyID,SykesPark:0,SykesParkID,159986,1,251675,1,2,1,3,Saturday,57.1064263,-5.8584244,,HP Isle of Skye,The Lookout,Current,House detached,4,Ticks 1 to 5,6,4,1,0,808500,166500,"S�saig, Highland",Other settlement,Highland,Scotland,S�saig,Highlands and Islands,06/02/2023,06/02/2023,,,Unknown,Unknown,Unknown,0,17,Super Income Maximisation,,No,1,1,1,0,1,0,0,0,1,1,0,0,0,0,0,0,1,1,1,1,0,0,0,0,0,1,0,1,0,1,0,0,0,0,0,0,1,0,1,0,1,1,0,1,0,0,0,0,0,1,criteria met,fantastic views,brilliant sea and mountain views,breathtaking views,What a view!,Location was amazing looking over Sleat Sound.
1156975,Best for Views,14,9.5,10,9.928571429,24,0.583333333,9.133236451,9.465656156,09:29.2,14,285465,49:00.0,SykesPropertyID,SykesPark:0,SykesParkID,274065,1,596488,0,0,1,1,Saturday,52.7277555,-3.7111764,,North Wales,Caban Tirion,Current,Hut/Pod/Yurt,4,Ticks 1 to 5,2,4,0,0,314500,285500,"Minllyn, Gwynedd",Other settlement,Gwynedd,Wales,Minllyn,North Wales,09/09/2024,18/09/2024,,,Unknown,Unknown,Unknown,0,18,Super Income Maximisation,,No,1,0,1,0,1,1,0,0,1,0,0,0,0,0,0,0,0,1,1,1,0,1,0,0,0,1,0,0,1,1,0,1,1,0,0,0,1,1,1,0,0,0,1,1,0,0,1,0,0,1,criteria met,stunning views all around,breathtaking views,beautiful views,absolutely stunning scenery,The views were spectacular
1130672,Best for Views,16,9.4375,10,9.875,22,0.727272727,9.122987493,9.448792496,09:29.2,15,226213,12:41.0,SykesPropertyID,SykesPark:0,SykesParkID,249263,1,530486,0,0,2,4,Friday,54.18747,-0.279439,,North Yorkshire,Seapoint,Current,House detached,4,Ticks 1 to 5,8,4,0,0,478500,511500,"Primrose Valley, North Yorkshire",Other settlement,North Yorkshire,England,Primrose Valley,North York Moors & Coast,05/04/2024,01/05/2024,,,Unknown,Unknown,Unknown,0,18,Super Income Maximisation,,No,1,1,1,0,1,0,0,0,0,0,0,0,0,0,0,1,1,0,1,0,0,0,1,1,0,1,0,1,0,1,0,0,1,0,0,0,1,1,1,0,0,0,0,1,0,0,0,0,1,1,criteria met,with fanatic views out to sea,the views were just amazing,sea views,a stunning view across the bay,Stunning views
1131310,Best for Views,9,9.666666667,10,9.888888889,10,0.9,9.115667096,9.447178035,09:29.2,16,226916,03:49.0,SykesPropertyID,SykesPark:0,SykesParkID,249866,370,532361,0,0,2,3,Saturday,50.2325703,-3.7750351,,HP Devon South Coast,2 Channel View,Current,House,4,Ticks 1 to 5,6,4,1,0,39500,273500,"Salcombe, Devon",Town,Devon,England,Salcombe,Devon,23/03/2023,25/03/2023,,,Unknown,Unknown,Unknown,0,20,Fixed Prices,,Yes,1,1,1,0,1,0,0,0,1,0,0,0,0,0,0,1,1,0,0,0,0,0,0,1,0,0,0,0,0,0,0,1,0,0,1,1,0,0,1,0,0,1,0,1,0,0,0,0,0,1,criteria met,the views and area is perfect,the spectacular view across the sea,The views were really lovely whether it was sunny or raining.,The views from the balcony were spectacular,A beautiful property with stunning views of the Salcombe estuary.
1000773,Best for Views,10,9.6,10,9.9,11,0.909090909,9.109883741,9.445930245,09:29.2,17,111987,49:56.0,SykesPropertyID,SykesPark:0,SykesParkID,113046,1,200863,0,0,2,3,Friday,53.2900251,-3.6835129,,North Wales,Sea-Prize View,Current,House,4,Ticks 1 to 5,6,4,0,0,378500,287500,"Penmaen Rh�s, Conwy",Other settlement,Conwy,Wales,Penmaen Rh�s,North Wales,11/06/2019,11/06/2019,,,Unknown,Unknown,Unknown,0,15,Super Income Maximisation,,Part - Cleaning Only,1,1,1,0,1,0,0,0,1,0,0,0,0,0,0,1,1,0,0,0,0,0,0,0,0,1,0,0,0,1,0,1,1,0,1,1,0,0,1,0,0,1,0,0,0,0,0,0,0,1,criteria met,views to die for,stunning views at the rear,amazing views of the bay and sea,The view over Colwyn Bay on its own was worth the cost of the week's holiday.,"Spectacular view from the lovely decked, outside area and conservatory."
1015811,Best for Views,6,9.833333333,10,10,11,0.545454546,9.074854676,9.444912806,09:29.2,18,121000,34:21.0,SykesPropertyID,SykesPark:0,SykesParkID,137766,392,222184,0,0,1,2,Friday,54.4868215,-0.6219649,,HP North York Coast,Abbey View Apartment,Current,Unknown,4,Ticks 1 to 5,4,4,1,0,510500,489500,"Whitby, North Yorkshire",Town,North Yorkshire,England,Whitby,North York Moors & Coast,04/04/2013,04/04/2013,,,Unknown,Unknown,Unknown,0,18,Super Income Maximisation,,Yes,1,1,0,0,0,0,0,0,0,0,0,0,0,0,0,1,1,0,0,0,0,0,1,1,0,0,0,1,0,1,0,1,1,0,0,0,0,1,1,0,0,1,0,0,0,0,0,0,0,1,criteria met,the ability to sit and stare out of the window at the view!,stunning view of the Abbey,Wonderful view across to the Abbey.,Great view of the Abbey.,GREAT VIEWS
995007,Best for Views,7,9.714285714,10,10,11,0.636363636,9.07045146,9.442270876,09:29.2,19,108580,56:56.0,SykesPropertyID,SykesPark:0,SykesParkID,111060,370,194314,0,0,1,1,Friday,50.348179,-3.578165,,HP Devon South Coast,3 Dartview,Current,Unknown,0,Ticks 1 to 5,2,,1,0,51500,287500,"Dartmouth, Devon",Town,Devon,England,Dartmouth,Devon,15/05/2009,15/05/2009,,,Unknown,Unknown,Unknown,0,20,Partial Income Maximisation,,Part - Property Management Only,1,0,0,0,0,0,0,0,0,0,0,0,0,0,0,0,1,0,0,0,0,0,0,1,0,0,0,0,0,0,0,1,0,0,0,0,0,0,1,0,0,0,0,0,0,0,0,0,0,1,criteria met,wonderful views,unrivalled views,the VIEW was magnificent,an amazing view,Wonderful view
1143344,Best for Views,13,9.461538462,10,9.923076923,18,0.722222222,9.095551079,9.441946032,09:29.2,20,266172,46:15.0,SykesPropertyID,SykesPark:0,SykesParkID,261577,1,567789,0,0,2,3,Saturday,51.2019983,-4.0247571,,HP Devon North Coast,Linden View,Current,Cottage,4,Ticks 1 to 5,6,4,1,0,146500,258500,"Combe Martin, Devon",Other settlement,Devon,England,Combe Martin,Devon,25/10/2023,01/11/2023,,,Unknown,Unknown,Unknown,0,15,Partial Income Maximisation,,Yes,1,1,0,0,1,0,0,0,1,0,0,0,0,0,0,1,1,1,1,0,0,1,1,0,0,1,0,0,1,1,0,1,1,0,0,0,1,1,1,0,0,1,0,1,0,1,0,0,0,1,criteria met,situated in an outstanding position overlooking the Bay,great sea views and great views and seating on the outside area,a lovey view of the sea,Wonderful views.,Spectacular views.
1066575,Best for Views,9,9.555555556,10,10,19,0.473684211,9.063035517,9.43782131,09:29.2,21,142737,22:05.0,SykesPropertyID,SykesPark:0,SykesParkID,186517,1,320015,0,0,3,4,Saturday,52.9219991,-4.2208155,,HP - Wales North West Coast,Haul A Gwynt,Current,House,5,Ticks 1 to 5,8,5,1,0,338500,250500,"Criccieth, Gwynedd",Town,Gwynedd,Wales,Criccieth,North Wales,07/07/2023,07/07/2023,,,Unknown,Unknown,Unknown,0,15,Partial Plus Income Maximisation,,No,1,1,0,0,1,1,0,0,1,1,0,0,0,0,0,1,1,1,0,0,0,1,0,0,0,1,0,0,0,1,0,1,1,0,0,1,0,0,1,0,1,1,0,1,0,1,0,0,0,1,criteria met,views from every room,all the four bedrooms have sea views,absolutely sensational views,"The views are outstanding. Even on a very stormy day Criccieth was beautiful to look at with a roaring fire, views to die for",Beautiful views of the sea and castle
960823,Best for Views,10,9.5,10,10,15,0.666666667,9.059883741,9.435930245,09:29.2,22,89835,26:23.0,SykesPropertyID,SykesPark:0,SykesParkID,84536,1,119950,1,1,2,2,Saturday,50.123529,-5.4725705,,HP Cornwall Coast,Star House,Current,Unknown,4,Ticks 1 to 5,6,4,1,0,30500,151500,"Marazion, Cornwall",Other settlement,Cornwall,England,Marazion,Cornwall,06/06/2017,06/06/2017,,,Unknown,Unknown,Unknown,0,18,Super Income Maximisation,,No Option Assigned,1,1,0,0,0,0,0,0,0,1,0,0,0,0,0,0,1,0,1,0,0,0,1,1,0,0,0,0,0,1,0,0,0,0,0,1,0,0,1,0,1,1,0,0,0,0,1,0,1,1,criteria met,the views!!!,the most spectacular views,fantastic sea views,"The views are beautiful from both bedrooms and the balcony area, changing daily with the different sunlights and tides with spectacular sunsets and night skies.",Incredible views from the balcony and bedroom of St Michaels Mount.
1139800,Best for Views,11,9.454545455,10,10,14,0.785714286,9.057032134,9.434219281,09:29.2,23,236681,11:11.0,SykesPropertyID,SykesPark:0,SykesParkID,258148,1,556028,0,0,4,5,Friday,53.2265717,-3.8699768,,North Wales,Ysgubor Maen Y Bardd,Current,House detached,5,Ticks 1 to 5,10,5,0,0,371500,275500,"Rowen, Conwy",Other settlement,Conwy,Wales,Rowen,North Wales,21/12/2023,05/01/2024,,,Unknown,Unknown,Unknown,0,15,Partial Plus Income Maximisation,,No,1,1,1,0,1,1,0,0,1,1,0,0,0,0,0,1,0,1,0,0,1,1,0,0,0,1,0,0,0,1,0,1,1,0,1,1,1,1,1,0,1,1,0,1,0,0,0,0,0,1,criteria met,the views to die for,the views are the best I've ever woken up to,the views are simply breathtaking,the views across the valley are breath taking,the most beautiful views I've ever had in a holiday cottage
30014,Best for Views,11,9.454545455,10,10,16,0.6875,9.057032134,9.434219281,09:29.2,24,53362,34:21.0,SykesPropertyID,SykesPark:0,SykesParkID,23865,1,86283,1,3,2,4,Saturday,54.5198133,-1.0001995,,North Yorkshire,Tidkinhow Farm,Current,Detached,4,Ticks 1 to 5,8,4,0,0,515500,464500,"Charlton, Redcar & Cleveland",Other settlement,Redcar and Cleveland,England,Charlton,North York Moors & Coast,12/02/2014,18/01/2014,,,Unknown,Unknown,Unknown,0,20,Partial Income Maximisation,,No Option Assigned,1,1,1,1,1,0,0,0,1,1,1,0,0,0,0,1,0,1,0,1,1,0,1,1,0,1,0,0,0,1,0,0,1,0,1,1,0,1,1,0,1,1,0,0,0,0,0,0,0,1,criteria met,"views to die for including seeing the sea, watching boats pass by",the views where Amazing,amazing views from all of the rooms,Lovely views from all windows,Great views.
1140040,Best for Views,15,9.4,10,9.866666667,23,0.652173913,9.087906993,9.426077529,09:29.2,25,236908,10:30.0,SykesPropertyID,SykesPark:0,SykesParkID,258372,1,61365,1,1,2,2,Friday,52.8342725,-4.1090668,,HP - Wales North West Coast,Gaerau Bach,Current,House detached,5,Ticks 1 to 5,4,5,1,0,329500,257500,"Llanfair, Gwynedd",Other settlement,Gwynedd,Wales,Llanfair,North Wales,24/02/2025,28/02/2025,,,Unknown,Unknown,Unknown,0,15,Super Income Maximisation,,No,1,1,1,0,1,1,0,0,1,1,0,0,0,0,0,1,1,1,1,1,1,1,0,0,0,1,0,1,0,1,0,0,1,0,1,1,1,1,1,0,1,1,0,1,0,1,0,0,0,1,criteria met,splendid views,especially the view!,a lovely cosy cottage surrounded by amazing views,The views are magnificent,The views alone are worth the visit—truly breathtaking and something we never got tired of.
1171254,Best for Views,23,9.391304348,10,9.652173913,28,0.821428571,9.157505298,9.424937961,09:29.2,26,302792,07:22.0,SykesPropertyID,SykesPark:0,SykesParkID,287867,1,646820,1,1,1,1,Friday,54.3743465,-0.477605,,HP North York Coast,Meadow Cottage,Current,Annex,4,Ticks 1 to 5,2,4,1,0,498500,499500,"Staintondale, North Yorkshire",Other settlement,North Yorkshire,England,Staintondale,North York Moors & Coast,07/03/2025,28/03/2025,,,Unknown,Unknown,Unknown,0,18,Super Income Maximisation,,No,1,0,0,0,1,0,0,0,1,0,0,0,0,0,0,0,1,1,1,0,1,1,0,0,0,1,0,0,1,1,0,0,1,0,0,0,1,1,1,0,0,0,0,1,0,0,0,0,0,1,criteria met,with an absolutely stunning sea view,we enjoyed the views out to the sea,view from the patio doors is superb,outstanding views to the sea across a valley,it's exceptional views
1090879,Best for Views,11,9.642857143,10,9.642857143,13,0.846153846,9.15567159,9.421974383,09:29.2,27,173692,04:58.0,SykesPropertyID,SykesPark:0,SykesParkID,210363,389,394721,1,1,1,2,Saturday,52.8391162,-4.1223439,,HP - Wales North West Coast,Bramble Bank,Current,House,4,Ticks 1 to 5,4,4,1,0,329500,257500,"Llanfair, Gwynedd",Other settlement,Gwynedd,Wales,Llanfair,North Wales,29/12/2022,04/02/2023,,,Unknown,Unknown,Unknown,0,18,Super Income Maximisation,,No,1,0,1,0,1,0,0,0,0,0,0,0,0,0,0,0,1,1,0,0,1,1,0,0,0,1,0,1,0,1,0,0,1,0,0,0,1,0,1,0,0,0,0,1,0,0,0,0,0,1,criteria met,unspoilt views of the bay,the views were out of this world!,the sunsets are absolutely stunning,"the sky is filled with stars, making it even more magical","the property itself, along with its incredible view, truly does the rest"
1133961,Best for Views,13,9.538461539,10,9.692307692,16,0.8125,9.13902934,9.421879142,09:29.2,28,229876,25:25.0,SykesPropertyID,SykesPark:0,SykesParkID,252448,382,539132,0,0,1,2,Friday,50.6158883,-2.4523309,,HP Dorset Coast,123 On The Sea,Current,Apartment,4,Ticks 1 to 5,4,4,1,0,79500,367500,"Weymouth, Dorset",Town,Dorset,England,Weymouth,Dorset,17/08/2023,25/08/2023,,,Unknown,Unknown,Unknown,0,16,Super Income Maximisation,,Yes,1,1,0,0,0,0,0,0,1,0,0,0,0,0,0,0,1,0,1,0,0,1,1,1,0,1,0,1,0,1,0,1,1,0,1,1,0,1,1,0,1,1,0,1,0,0,1,0,0,1,criteria met,the view is just wonderful,the most beautiful sea view,outstanding view over the beach and bay,extremely well positioned over-looking the sea,The views were amazing!
1149849,Best for Views,11,9.636363636,10,9.636363636,15,0.733333333,9.15227023,9.418634865,09:29.2,29,276808,40:27.0,SykesPropertyID,SykesPark:0,SykesParkID,267157,1,213975,0,0,1,2,Friday,57.7240077,-3.2817711,,HP Lowlands North Coast,Spinnaker,Current,House semi-detached,4,Ticks 1 to 5,4,4,1,0,871500,323500,"Branderburgh, Moray",Other settlement,Moray,Scotland,Branderburgh,Highlands and Islands,08/04/2024,01/10/2024,,,Unknown,Unknown,Unknown,0,15,Super Income Maximisation,,No,1,1,0,0,0,0,0,0,1,0,0,0,0,0,0,1,1,0,1,0,0,0,1,1,0,1,0,0,1,1,0,1,1,0,0,0,0,0,1,0,1,1,0,1,0,0,1,0,0,1,criteria met,in a prime position for views across the harbour and the Moray Firth,fantastic views,"We’ve seen dolphins and seals, Cruise liners and fishing boats Airplanes and RAF planes all through the picture window.",Stunning apartment with fantastic views of the harbour and the open sea beyond.,Spinnaker is in a great location with stunning views of the harbour and beyond.
1128072,Best for Views,6,9.714285714,10,10,12,0.5,9.030211819,9.418127091,09:29.2,30,223324,52:28.0,SykesPropertyID,SykesPark:0,SykesParkID,246754,1,524182,0,0,1,1,Saturday,52.893532,-3.606484,,HP - Wales Snowdonia,Tegid Lakeside - Bala Lake,Current,Apartment,4,Ticks 1 to 5,2,4,1,0,334500,291500,"Llanycil, Gwynedd",Other settlement,Gwynedd,Wales,Llanycil,North Wales,27/02/2023,06/04/2023,,,Unknown,Unknown,Unknown,0,15,Super Income Maximisation,,Yes,1,0,0,0,0,0,0,0,1,0,0,0,0,0,0,0,0,0,1,0,1,1,0,0,0,1,1,1,0,1,0,1,1,0,0,0,0,1,1,0,0,0,0,1,0,0,1,0,0,1,criteria met,the surrounding Mountain View’s were incredible,the lakeside view was incredible,it was the best views to wake up to,amazing views,The view of the lake is absolutely stunning
942586,Best for Views,10,9.5,10,9.9,15,0.666666667,9.059883741,9.415930245,09:29.2,31,107566,25:32.0,SykesPropertyID,SykesPark:0,SykesParkID,64779,1,123518,0,0,2,2,Saturday,54.1851694,-2.9193123,,Cumbria West of M6,Shore View,Current,House semi-detached,4,Ticks 1 to 5,4,4,0,0,476500,339500,"Kents Bank, Cumbria",Other settlement,Cumbria,England,Kents Bank,Cumbria & The Lake District,08/11/2018,04/01/2019,,,Unknown,Unknown,Unknown,0,20,Partial Plus Income Maximisation,,Yes,1,1,1,0,1,0,0,0,1,0,0,0,0,0,0,1,1,1,0,0,0,1,0,0,0,1,0,0,0,0,0,1,0,0,0,0,0,0,1,0,0,0,0,0,0,0,0,0,1,1,criteria met,view over Morecambe Bay,outstanding views of the bay,it's in a gorgeous area overlooking the bay,Superb views over Morecambe Bay.,"Absolutely love that view across the bay, whether it be sunny or raining!"
991797,Best for Views,10,9.5,10,9.9,13,0.769230769,9.059883741,9.415930245,09:29.2,32,107894,02:54.0,SykesPropertyID,SykesPark:0,SykesParkID,123953,1,71364,1,2,1,2,Saturday,52.9163542,-4.1367196,,HP - Wales North West Coast,Sea View apartment,Current,Apartment,3,Ticks 1 to 5,4,3,1,0,337500,256500,"Borth-y-Gest, Gwynedd",Other settlement,Gwynedd,Wales,Borth-y-Gest,North Wales,07/11/2018,02/03/2019,,,Unknown,Unknown,Unknown,0,15,Super Income Maximisation,,No,1,1,0,0,0,0,0,0,1,0,0,0,0,0,0,0,1,0,1,0,0,1,1,1,0,1,0,0,0,1,0,0,1,0,0,0,0,1,1,0,1,1,0,1,0,0,0,0,0,1,criteria met,the views were amazing,the most magnificent view across the Estuary,great views over the sea,absolutely loved the view,Even when watching TV you are constantly drawn to the amazing panoramic view that lies in front of you.
1109931,Best for Views,14,9.357142857,10,9.928571429,16,0.875,9.049903118,9.415656156,09:29.2,33,199198,58:09.0,SykesPropertyID,SykesPark:0,SykesParkID,229068,1,460521,0,0,1,1,Friday,54.43993,-0.542467,,HP North York Coast,The Shepherd's Rest,Current,Hut/Pod/Yurt,4,Ticks 1 to 5,2,4,1,0,504500,494500,"Fylingthorpe, North Yorkshire",Other settlement,North Yorkshire,England,Fylingthorpe,North York Moors & Coast,30/09/2022,01/01/2023,,,Unknown,Unknown,Unknown,0,19,Super Income Maximisation,,Yes,0,0,0,0,1,0,0,0,1,0,0,0,0,0,0,0,1,1,1,0,1,1,0,0,0,1,0,0,0,1,0,1,1,0,0,0,1,1,1,0,1,0,1,1,0,0,1,0,0,1,criteria met,the most amazing view,the hut flooded with the orange glow of the sun rising above the sea….priceless,"Wonderful views in a cosy, comfortable setting",Stunning views over the bay & moorland.,Probably the best view in Robin Hoods Bay! ... an incredible view of the bay
1085382,Best for Views,9,9.555555556,10,9.888888889,13,0.692307692,9.063035517,9.415599088,09:29.2,34,166765,50:44.0,SykesPropertyID,SykesPark:0,SykesParkID,205008,1,371497,1,2,3,4,Friday,53.1254804,-1.920443,,Peak District & Derbyshire,The Barn at Hill House,Current,House detached,4,Ticks 1 to 5,8,4,0,0,358500,405500,"Upper Elkstone, Staffordshire",Other settlement,Staffordshire,England,Upper Elkstone,Peak District,05/11/2021,12/11/2021,,,Unknown,Unknown,Unknown,0,20,Super Income Maximisation,,No,1,1,1,0,1,0,0,0,1,0,0,0,0,0,0,1,0,0,0,0,1,1,0,0,0,1,0,0,0,1,0,0,0,0,0,0,1,0,1,0,1,1,0,1,0,0,0,0,0,1,criteria met,with a spectacular view,fantastic views,The views were terrific,The Barn is a special property with the best view you could imagine.,I could have sat with a cuppa and looked out over the view for hours
1085751,Best for Views,8,9.625,10,9.875,13,0.615384615,9.06653749,9.414922494,09:29.2,35,167295,52:15.0,SykesPropertyID,SykesPark:0,SykesParkID,205302,1,379106,1,2,2,2,Friday,54.8843522,-4.8867284,,HP Dumfries & Galloway,The Lodge,Current,House detached,4,Ticks 1 to 5,6,4,1,0,557500,215500,"Dunragit, Dumfries and Galloway",Other settlement,Dumfries and Galloway,Scotland,Dunragit,Southern Scotland,28/10/2022,03/03/2023,,,Unknown,Unknown,Unknown,0,15,Super Income Maximisation,,No,1,1,1,0,1,0,0,0,1,0,0,0,0,0,0,1,1,1,0,0,0,1,0,0,0,1,0,0,0,1,0,0,1,0,0,0,1,1,1,0,1,1,0,1,0,0,0,0,0,1,criteria met,the views from the balcony outstanding,the view out to Luce bay from the property,"the panoramic views are glorious, full view of the sea, and being able to watch the sun rise and set",great views,fantastic views over the Luce Bay
932499,Best for Views,8,9.625,10,9.875,13,0.615384615,9.06653749,9.414922494,09:29.2,36,62864,52:32.0,SykesPropertyID,SykesPark:0,SykesParkID,55058,1,113725,0,0,2,2,Friday,52.6592758,-3.0611579,,Mid Wales,Valley View Lodge,Current,Log Cabin,4,Ticks 1 to 5,4,4,0,0,309500,328500,"Brunant, Powys",Other settlement,Powys,Wales,Brunant,Mid Wales,05/02/2016,12/02/2016,,,Unknown,Unknown,Unknown,0,18,Full Income Maximisation,,No Option Assigned,1,0,0,0,1,0,0,1,1,1,0,0,0,0,0,1,0,1,0,1,0,0,0,0,0,1,0,0,0,1,0,0,1,0,0,0,0,0,1,0,0,1,0,0,1,0,1,0,1,1,criteria met,the views are amazing,stunning view,situated in a peaceful location with stunning views,great views,fantastic views
1126901,Best for Views,6,9.833333333,10,9.833333333,6,1,9.074854676,9.411579472,09:29.2,37,,,,,,,,,,,,,,,,,,,,,,,,,,,,,,,,,,,,,,,,,,,,,,,,,,,,,,,,,,,,,,,,,,,,,,,,,,,,,,,,,,,,,,,,,,,,,,,,1,criteria met,the stunning view over the Bristol channel from its huge balcony,outstanding views over the Bristol channel,You wake up every morning with a lovely view of the sea from the bed.,You can see and listen to the sea from your bed. Lovely veranda over looking the sea.,The view from the lounge was to die for with stunning sunsets and sunrises.
1111500,Best for Views,4,10,10,10,6,0.666666667,9.01411963,9.408471778,09:29.2,38,200910,45:12.0,SykesPropertyID,SykesPark:0,SykesParkID,230557,343,466377,0,0,4,4,Saturday,50.4808819,-3.5173352,,HP Devon South Coast,Apartment at Morningside Hotel,Current,Apartment,4,Ticks 1 to 5,8,4,1,0,65500,292500,"Babbacombe, Torbay",Other settlement,Torbay,England,Babbacombe,Devon,05/08/2022,06/08/2022,,,Unknown,Unknown,Unknown,0,20,Super Income Maximisation,,No,1,1,0,0,1,0,0,0,1,0,0,0,0,0,0,1,1,1,1,0,0,0,1,1,0,1,0,0,0,1,0,1,1,0,0,0,0,1,1,0,1,1,0,0,0,0,0,0,0,1,criteria met,your amazing apartment overlooking the famous Babbacombe Bay,with fabulous sea and coastal views,the outstanding view from the terrace,Wonderful sea view,
1119882,Best for Views,4,10,10,10,9,0.444444444,9.01411963,9.408471778,09:29.2,39,211087,18:52.0,SykesPropertyID,SykesPark:0,SykesParkID,238858,402,255582,1,1,3,3,Friday,54.3633742,-2.9172929,,HP Lake District,Berkeley House,Current,Cottage,5,Ticks 1 to 5,6,5,1,0,496500,340500,"Bowness-On-Windermere, Cumbria",Town,Cumbria,England,Bowness-On-Windermere,Cumbria & The Lake District,12/02/2024,23/02/2024,,,Unknown,Unknown,Unknown,0,15,Full Income Maximisation,,No,1,1,1,0,1,0,0,0,1,1,0,0,0,0,0,1,0,1,1,0,1,1,1,1,0,1,1,0,0,1,0,0,0,0,0,0,1,0,1,0,0,1,0,1,0,1,0,0,0,1,criteria met,wonderful views from the balcony,the views of the lake are beautiful,The location and views of the lake was wonderful.,Excellent location and views.,
1148569,Best for Views,4,10,10,10,6,0.666666667,9.01411963,9.408471778,09:29.2,40,275101,02:24.0,SykesPropertyID,SykesPark:0,SykesParkID,265903,370,583983,1,1,2,3,Saturday,50.3457786,-3.5771501,,HP Devon South Coast,Flat 2 Beechcroft,Current,Apartment,4,Ticks 1 to 5,6,4,1,0,50500,287500,"Warfleet, Devon",Other settlement,Devon,England,Warfleet,Devon,21/05/2024,31/05/2024,,,Unknown,Unknown,Unknown,0,18,Super Income Maximisation,,Yes,1,1,0,0,0,0,0,0,0,0,0,0,0,0,0,1,1,1,0,0,0,1,1,1,0,0,0,0,1,1,0,0,1,0,0,0,1,1,1,0,0,1,0,1,0,0,0,0,0,1,criteria met,stunning views,stunning estuary views,absolutely stunning views across the estuary from the balcony,The view was absolutely awesome.,
947755,Best for Views,4,10,10,10,8,0.5,9.01411963,9.408471778,09:29.2,41,87155,58:09.0,SykesPropertyID,SykesPark:0,SykesParkID,65586,1,116804,0,0,1,2,Friday,54.8910061,-3.3656803,,Cumbria West of M6,Greenmantle,Current,Flat,4,Ticks 1 to 5,4,4,0,0,555500,312500,"Skinburness, Cumbria",Other settlement,Cumbria,England,Skinburness,Cumbria & The Lake District,21/07/2017,21/07/2017,,,Unknown,Unknown,Unknown,0,20,Super Income Maximisation,,No Option Assigned,1,0,0,0,0,0,0,0,1,0,0,0,0,0,0,0,1,0,1,0,0,0,0,0,0,1,0,0,0,0,0,0,1,0,0,0,1,1,1,0,1,1,0,0,0,0,0,0,0,1,criteria met,views to die for always changing as you look out the windows over the solway firth,superb views of an ever changing sea,fabulous view,The views from the windows at the back of the property are fantastic and the hosts even provide binoculars to make it even better.,
1144477,Best for Views,5,9.8,10,10,8,0.625,9.013178321,9.407906993,09:29.2,42,267507,12:16.0,SykesPropertyID,SykesPark:0,SykesParkID,262697,1,157181,1,1,1,1,Friday,54.0801866,-0.1955477,,HP East Yorkshire Coast,Apt 7 @ Hunter's Quay,Current,Apartment,4,Ticks 1 to 5,2,4,1,0,465500,517500,"Hilderthorpe, East Riding of Yorkshire",Other settlement,East Riding of Yorkshire,England,Hilderthorpe,North York Moors & Coast,28/03/2024,08/04/2024,,,Unknown,Unknown,Unknown,0,15,Super Income Maximisation,,No,1,0,0,0,0,0,0,0,0,0,0,0,0,0,0,1,1,0,1,0,0,0,1,1,0,1,0,1,0,1,0,0,1,0,0,1,0,1,1,0,0,0,0,1,0,0,0,0,0,1,criteria met,view from our main lounge was stunning,the view is amazing,stunning views of the beach and beyond,great sea view,wonderful views
1081972,Best for Views,5,9.8,10,10,10,0.5,9.013178321,9.407906993,09:29.2,43,162267,58:28.0,SykesPropertyID,SykesPark:0,SykesParkID,201602,389,213469,0,0,1,1,Saturday,53.1519845,-4.2442886,,North Wales,Ty Gwair (The Hayloft),Current,Farm Stay,5,Ticks 1 to 5,2,5,0,0,364500,248500,"Waterloo Port, Gwynedd",Other settlement,Gwynedd,Wales,Waterloo Port,North Wales,30/09/2021,06/11/2021,,,Unknown,Unknown,Unknown,0,17,Super Income Maximisation,,No,1,0,1,0,1,0,0,1,0,0,0,0,0,0,0,1,1,1,1,0,0,1,0,0,0,1,0,0,0,1,0,1,1,0,0,0,0,1,1,0,0,0,0,1,0,1,0,0,0,1,criteria met,what a view from the living room window,beautiful views,Incredible view from upstairs window.,Breathtaking views of Snowdonia from living room and bedroom.,Very comfortable with great views.
28035,Best for Views,5,9.8,10,10,8,0.625,9.013178321,9.407906993,09:29.2,44,54619,26:39.0,SykesPropertyID,SykesPark:0,SykesParkID,22994,1,84327,0,0,2,2,Saturday,53.4217772,-4.3703382,,HP - Wales Anglesey Coastal,Min Y Traeth,Current,Detached,4,Ticks 1 to 5,4,4,1,0,394500,242500,"Bull Bay/Porthllechog, Isle of Anglesey",Other settlement,Isle of Anglesey,Wales,Bull Bay/Porthllechog,North Wales,28/08/2013,29/08/2013,,,Unknown,Unknown,Unknown,0,20,Super Income Maximisation,,No Option Assigned,1,1,0,0,1,0,0,0,1,0,0,0,0,0,0,1,1,0,1,0,0,1,1,0,0,1,0,0,0,1,0,1,1,0,0,0,0,1,1,0,1,1,0,0,0,0,1,0,0,1,criteria met,views overlooking the sea,great sea view,amazing view,The views from the balcony are breathtaking.,Temptation is to sit and watch the sea all day and stars at night.
1121413,Best for Views,5,9.8,10,10,6,0.833333333,9.013178321,9.407906993,09:29.2,45,212747,36:09.0,SykesPropertyID,SykesPark:0,SykesParkID,240307,1,297844,1,2,2,3,Friday,52.9362392,-4.5092242,,HP - Wales North West Coast,Fron Olau,Current,House detached,5,Ticks 1 to 5,6,5,1,0,340500,230500,"Nefyn, Gwynedd",Other settlement,Gwynedd,Wales,Nefyn,North Wales,28/02/2023,26/05/2023,,,Unknown,Unknown,Unknown,0,16,Super Income Maximisation,23/09/2025,Yes,1,1,1,0,1,1,0,0,1,1,0,0,0,0,0,1,1,1,1,0,0,1,0,0,0,1,0,0,0,1,0,0,1,0,1,1,1,1,1,0,0,1,0,1,0,1,0,0,0,1,criteria met,the most magnificent views,fantastic views,Views to die for.,The view is absolutely spectacular across the bays & out to sea.,"The views are absolutely incredible, and we were lucky with the weather, so we enjoyed some of the most spectacular sunsets right from the cottage."
1056791,Best for Views,6,9.666666667,10,10,11,0.545454546,9.012354676,9.407412806,09:29.2,46,138572,24:21.0,SykesPropertyID,SykesPark:0,SykesParkID,177035,382,291364,0,0,6,6,Friday,50.608217,-2.4508431,,HP Dorset Coast,Seasides,Current,House terraced,5,Ticks 1 to 5,13,5,1,0,78500,367500,"Rodwell, Dorset",Other settlement,Dorset,England,Rodwell,Dorset,20/01/2021,20/01/2021,,,Unknown,Unknown,Unknown,0,20,Super Income Maximisation,,Yes,1,1,0,1,0,0,0,0,1,0,0,0,0,0,0,1,1,0,1,0,0,0,1,1,0,1,0,0,0,1,0,1,1,0,1,1,0,1,1,0,0,1,0,0,0,1,0,0,0,1,criteria met,the views are the real icing on the cake. There are lovely views from every window,the bedrooms were lovely and all had good views.,probably the best views in Weymouth,Views of the beach from every room at the front and the harbour from every room at the back.,the views from every window were amazing
944044,Best for Views,6,9.666666667,10,10,12,0.5,9.012354676,9.407412806,09:29.2,47,150167,11:00.0,SykesPropertyID,SykesPark:0,SykesParkID,61831,1,124890,1,2,2,3,Friday,55.3087546,-4.833715,,Scottish Lowlands,Ailsa Shores,Current,House semi-detached,5,Ticks 1 to 5,6,5,0,0,605500,220500,"Turnberry, South Ayrshire",Other settlement,South Ayrshire,Scotland,Turnberry,Southern Scotland,04/06/2021,26/06/2021,,,Unknown,Unknown,Unknown,0,18,Super Income Maximisation,,No Option Assigned,1,1,0,0,1,0,0,0,1,0,0,0,0,0,0,1,1,0,1,0,0,1,0,0,0,1,0,1,0,1,0,0,1,0,0,1,1,1,1,0,0,1,0,1,0,0,0,0,0,1,criteria met,with stunning views.,"idyllic for comfort, scenery and of course sea views",amazing views,"The front aspect overlooks Turnberry Bay, Ailsa Craig and the Lighthouse.",with stunning views
1073438,Best for Views,6,9.666666667,10,10,18,0.333333333,9.012354676,9.407412806,09:29.2,48,151524,02:50.0,SykesPropertyID,SykesPark:0,SykesParkID,193077,1,340372,0,0,4,4,Friday,54.4420991,-2.3610543,,Cumbria East of M6,Birkett Barn,Current,House detached,4,Ticks 1 to 5,8,4,0,0,506500,377500,"Nateby, Cumbria",Other settlement,Cumbria,England,Nateby,Cumbria & The Lake District,25/06/2021,02/07/2021,,,Unknown,Unknown,Unknown,0,18,Super Income Maximisation,,No,1,1,0,0,1,1,0,0,1,0,0,0,0,0,0,1,0,1,1,1,0,1,0,0,0,1,0,1,1,1,0,1,1,0,1,1,1,1,1,0,1,1,0,1,0,1,0,0,0,1,criteria met,the views from the hot tub are amazing,"set in the most glorious setting, with magnificent views",The house is fabulous with amazing views.,Beautiful views from the property,The setting and view from hot tub is just breathtaking
1118018,Best for Views,6,9.666666667,10,10,20,0.3,9.012354676,9.407412806,09:29.2,49,208285,25:08.0,SykesPropertyID,SykesPark:0,SykesParkID,236213,343,492347,1,2,1,1,Saturday,50.8986255,-3.7551923,,Devon,Orchard Retreat,Current,Hut/Pod/Yurt,4,Ticks 1 to 5,2,4,0,0,113500,276500,"West Worlington, Devon",Other settlement,Devon,England,West Worlington,Devon,14/09/2022,24/09/2022,,,Unknown,Unknown,Unknown,0,17,Partial Plus Income Maximisation,,No,1,0,0,1,1,1,0,0,1,0,0,0,0,0,0,0,0,1,1,0,0,1,0,0,0,1,0,0,0,1,0,0,1,0,0,0,0,1,1,0,1,0,0,1,0,0,1,0,0,1,criteria met,the views were incredible,great views across the countryside,gorgeous views,breathtaking views,The view and setting were very tranquil
1121914,Best for Views,7,9.571428571,10,10,21,0.333333333,9.011627931,9.406976758,09:29.2,50,217623,23:28.0,SykesPropertyID,SykesPark:0,SykesParkID,242937,438,505694,1,2,3,5,Friday,55.557803,-1.6309792,,HP Northumberland,Waters Edge Beadnell (Harbour Road),Current,House detached,5,Ticks 1 to 5,10,5,1,0,629500,423500,"Beadnell, Northumberland",Other settlement,Northumberland,England,Beadnell,Northumberland,29/05/2018,29/05/2018,,,Unknown,Unknown,Unknown,0,9,Super Income Maximisation,,No,1,1,1,0,1,0,0,0,1,1,0,0,0,0,0,1,1,0,0,0,0,0,1,0,0,0,0,0,0,1,0,0,1,0,1,1,0,1,1,0,0,1,0,0,0,0,0,0,1,1,criteria met,brilliant views from the living room and balcony,Stunning sea views,Perfect location facing the sea,Lovely property with a fantastic view.,the position is superb with a small beach opposite and great views
1159387,Best for Views,7,9.571428571,10,10,15,0.466666667,9.011627931,9.406976758,09:29.2,51,288519,12:55.0,SykesPropertyID,SykesPark:0,SykesParkID,276426,1,614619,1,1,1,1,Friday,53.0809046,-3.43836,,North Wales,Rhosydd,Current,Hut/Pod/Yurt,5,Ticks 1 to 5,2,5,0,0,357500,305500,"Cyffylliog, Denbighshire",Other settlement,Denbighshire,Wales,Cyffylliog,North Wales,28/06/2024,05/06/2024,,,Unknown,Unknown,Unknown,0,16,Super Income Maximisation,,No,1,0,1,1,1,1,0,1,1,1,1,0,0,0,0,1,0,1,1,0,0,1,0,0,0,1,0,0,1,1,0,1,1,0,0,0,1,1,1,0,1,0,1,1,0,0,1,0,0,1,criteria met,stunning views,The views across the fields are absolutely stunning,Lovely and rural with great views,Incredible views!,the view is amazing
988094,Best for Views,9,9.444444444,10,10,15,0.6,9.010403938,9.406242363,09:29.2,52,124381,49:17.0,SykesPropertyID,SykesPark:0,SykesParkID,106894,1,186907,1,2,1,1,Friday,52.5816359,-3.015714,,Shropshire & Telford,Stiperstones Pod,Current,Hut/Pod/Yurt,4,Ticks 1 to 5,2,4,0,0,298500,331500,"White Grit, Powys",Other settlement,Powys,Wales,White Grit,Mid Wales,01/11/2019,01/11/2019,,,Unknown,Unknown,Unknown,0,17,Super Income Maximisation,,No Option Assigned,1,0,1,0,1,1,0,0,1,0,0,0,0,0,0,0,0,0,1,1,0,1,0,0,0,1,0,0,0,1,0,0,1,0,1,1,1,1,1,0,1,0,0,1,0,0,1,0,1,1,criteria met,excellent views,The views were unreal from the pod!,The views that surround the pod are just stunning.,Location and views from the pods is beautiful.,How many places can you lie in a hot tub with such spectacular views
1138662,Best for Views,10,9.4,10,10,15,0.666666667,9.009883741,9.405930245,09:29.2,53,235358,03:13.0,SykesPropertyID,SykesPark:0,SykesParkID,257076,1,516627,1,2,4,4,Saturday,54.6080268,-2.4415369,,Cumbria East of M6,The Hayloft,Current,Farm Stay,4,Ticks 1 to 5,8,4,0,0,521500,372500,"Murton, Cumbria",Other settlement,Cumbria,England,Murton,Cumbria & The Lake District,22/04/2024,29/04/2024,,,Unknown,Unknown,Unknown,0,15,Super Income Maximisation,,No,1,1,1,0,1,0,0,0,1,0,0,0,0,0,0,1,0,1,1,0,1,1,0,0,0,1,0,0,1,1,0,0,1,0,0,1,0,0,1,0,1,1,0,1,0,0,0,0,0,1,criteria met,the thing that really makes The Hayloft special are the views - absolutely magnificent!,amazing views over the countryside,What a fantastic property situated in a gorgeous place with fantastic views!,The views from the cottage are breath taking.,we were struck by the serenity of the setting and the gorgeous views across the Valley
1122454,Best for Views,10,9.4,10,10,15,0.666666667,9.009883741,9.405930245,09:29.2,54,213406,10:38.0,SykesPropertyID,SykesPark:0,SykesParkID,240889,1,506247,1,2,3,3,Friday,52.5819651,-3.2271879,,Mid Wales,Bwncath,Current,Lodge,5,Ticks 1 to 5,6,5,0,0,297500,317500,"Fron, Powys",Other settlement,Powys,Wales,Fron,Mid Wales,23/04/2024,23/04/2024,,,Unknown,Unknown,Unknown,0,14,Partial Income Maximisation,,No,1,1,1,0,1,1,0,0,1,0,0,0,0,0,0,1,0,1,1,1,0,1,0,0,0,1,0,0,0,1,0,0,1,0,0,1,1,1,1,0,1,1,1,1,1,0,0,0,1,1,criteria met,stunning views,beautiful views,The views were absolutely breathtaking!,The views really outstanding.,the views are stunning especially from the veranda
1138292,Best for Views,21,9.238095238,10,9.857142857,28,0.75,9.038634672,9.394609374,09:29.2,55,234856,01:38.0,SykesPropertyID,SykesPark:0,SykesParkID,256631,1,551561,1,2,2,2,Friday,52.7977912,-3.2842043,,North Wales,Mynydd Y Glyn Lodge,Current,Lodge,4,Ticks 1 to 5,4,4,0,0,322500,313500,"Rhos-y-brithdir, Powys",Other settlement,Powys,Wales,Rhos-y-brithdir,Mid Wales,09/10/2023,24/10/2023,,,Unknown,Unknown,Unknown,0,16,Full Income Maximisation,,No,1,1,1,0,1,1,0,0,1,0,0,0,0,0,0,1,0,1,1,0,0,1,0,0,0,1,0,0,0,1,0,0,1,0,0,1,1,1,1,0,0,1,0,1,1,0,0,0,0,1,criteria met,the spectacular views from every side,the grounds the log cabin is on has the most amazing views what ever way you look,"stunning, panoramic views of the Welsh countryside outside",amazing views of the local countryside,The views from the deck were fantastic.
1151887,Best for Views,14,9.357142857,10,9.821428571,22,0.636363636,9.049903118,9.394227585,09:29.2,56,279076,24:17.0,SykesPropertyID,SykesPark:0,SykesParkID,269070,1,592246,0,0,2,3,Saturday,54.6497651,-5.5428774,,Northern Ireland,Rocklyn Lodge,Current,Beach House,4,Ticks 1 to 5,6,4,0,0,,,"Donaghadee, Northern Ireland",Other settlement,Northern Ireland,Northern Ireland,Donaghadee,Ireland,01/05/2024,01/06/2024,,,Unknown,Unknown,Unknown,0,22,Partial Plus Income Maximisation,,Yes,1,1,1,0,1,0,0,0,1,1,0,0,0,0,0,0,1,0,1,0,0,1,0,0,0,1,0,0,0,1,0,1,1,0,0,0,0,1,1,0,1,1,0,1,0,0,0,0,0,1,criteria met,the views are spectacular even during Storm Amy,stunning views every hour of the day,stunning views,spectacular sea views,"The views from the lounge, dining area and kitchen are fabulous, sitting on the veranda and looking out to sea is just great!!"
1155054,Best for Views,12,9.5,10,9.666666667,21,0.571428571,9.09989431,9.393269919,09:29.2,57,,,,,,,,,,,,,,,,,,,,,,,,,,,,,,,,,,,,,,,,,,,,,,,,,,,,,,,,,,,,,,,,,,,,,,,,,,,,,,,,,,,,,,,,,,,,,,,,1,criteria met,with the most amazing views of St Bees Head and the Isle of Man,views that are spectacular,brilliant views,beautiful views,The views from the enclosed back garden were beautiful. The spectacular sunsets over the sea and the views over to the Isle of Man and Dumfries and Galloway were magnificent.
1037085,Best for Views,16,9.25,10,9.9375,20,0.8,9.007602878,9.392061727,09:29.2,58,194139,43:39.0,SykesPropertyID,SykesPark:0,SykesParkID,157670,389,246964,0,0,1,1,Friday,53.3747865,-4.3239828,,Anglesey,Tyddyn Haidd,Current,Annex,4,Ticks 1 to 5,2,4,0,0,389500,245500,"Gadfa, Isle of Anglesey",Other settlement,Isle of Anglesey,Wales,Gadfa,North Wales,10/05/2022,10/05/2022,,,Unknown,Unknown,Unknown,0,20.5,Super Income Maximisation,,Yes,1,1,1,0,1,0,0,0,1,0,0,0,0,0,0,1,0,1,0,1,0,0,0,0,0,0,0,0,0,0,0,1,1,0,0,0,0,1,1,0,0,0,0,1,0,0,0,0,1,1,criteria met,the views are amazing,stunning views,lovely views,far reaching views of mountains and sea,with stunning views
1143188,Best for Views,18,9.333333333,10,9.722222222,24,0.75,9.078488386,9.391537476,09:29.2,59,266067,52:06.0,SykesPropertyID,SykesPark:0,SykesParkID,261475,1,538262,1,1,1,2,Saturday,57.6727973,-2.3367064,,Scottish Lowlands,Craignure,Current,Apartment,4,Ticks 1 to 5,4,4,0,0,864500,380500,"Gardenstown, Aberdeenshire",Other settlement,Aberdeenshire,Scotland,Gardenstown,Highlands and Islands,01/11/2023,23/03/2024,,,Unknown,Unknown,Unknown,0,15,Super Income Maximisation,,No,1,1,0,0,1,1,0,0,0,1,0,0,0,0,0,1,1,1,1,0,0,1,1,1,0,1,0,0,0,1,0,0,1,0,0,1,0,1,1,0,1,1,0,1,0,0,0,0,0,1,criteria met,tremendous views,stunning views to the bay,fabulous views,The views from the picture windows and balconies overlooking the sea and harbour are fabulous,The views from the balcony and the terrace are fantastic.
1129268,Best for Views,11,9.545454546,10,9.636363636,13,0.846153846,9.104651182,9.390063436,09:29.2,60,224480,47:40.0,SykesPropertyID,SykesPark:0,SykesParkID,247870,389,525582,0,0,1,2,Friday,52.9195959,-4.2339423,,HP - Wales North West Coast,Golygfa'r Gastell / Castle View,Current,Apartment,4,Ticks 1 to 5,4,4,1,0,338500,249500,"Pen-y-bryn, Gwynedd",Other settlement,Gwynedd,Wales,Pen-y-bryn,North Wales,26/05/2023,23/06/2023,,,Unknown,Unknown,Unknown,0,17,Super Income Maximisation,,No,1,1,0,0,0,0,0,0,0,0,0,0,0,0,0,0,1,0,1,0,0,0,1,1,0,1,0,1,0,1,0,0,1,0,0,0,0,0,1,0,0,0,0,1,0,0,0,0,0,1,criteria met,this appartment has glorious views from the outside balcony toward the castle and sea,great views,The views from the balcony are outstanding.,The most stunning views from the balcony - castle in front and water to both sides.,Such a beautiful apartment with fabulous views.
1058314,Best for Views,17,9.352941177,10,9.705882353,20,0.85,9.081395364,9.390013689,09:29.2,61,152651,07:04.0,SykesPropertyID,SykesPark:0,SykesParkID,178455,1,296542,0,0,1,2,Saturday,53.3257759,-3.8457901,,HP - Wales North Coast,4 Anglesey Road,Current,House semi-detached,4,Ticks 1 to 5,4,4,1,0,381500,278500,"Llandudno, Conwy",Town,Conwy,Wales,Llandudno,North Wales,14/05/2021,15/05/2021,,,Unknown,Unknown,Unknown,0,16,Full Income Maximisation,,No,1,1,1,0,1,0,0,0,1,1,0,0,0,0,0,1,1,1,1,0,0,0,0,0,0,1,0,0,0,1,0,1,0,0,0,1,0,0,1,0,1,0,0,1,0,0,0,0,0,1,criteria met,we loved waking up each morning to the sea view,"the views from the cottage are to die for, I spent hours just looking out of the window at the sea and coastline",the view is incredible!,the property itself is amazing with some of the best views in Llandudno (maybe even Wales!),The views from the window are amazing.
1069258,Best for Views,8,9.625,10,9.75,12,0.666666667,9.06653749,9.389922494,09:29.2,62,,,,,,,,,,,,,,,,,,,,,,,,,,,,,,,,,,,,,,,,,,,,,,,,,,,,,,,,,,,,,,,,,,,,,,,,,,,,,,,,,,,,,,,,,,,,,,,,1,criteria met,wonderful view,with a lovely view across the millpond to the impressive Pembroke Castle,a stunning view of the castle,The view over the Mill Pond towards the castle makes staying at this property feel special.,Excellent property with stunning view.
959300,Best for Views,8,9.625,10,9.75,10,0.8,9.06653749,9.389922494,09:29.2,63,88386,17:16.0,SykesPropertyID,SykesPark:0,SykesParkID,76534,302,141544,1,1,1,2,Friday,50.123861,-5.4753109,,HP Cornwall Coast,Mount View,Current,Studio,4,Ticks 1 to 5,4,4,1,0,30500,151500,"Marazion, Cornwall",Other settlement,Cornwall,England,Marazion,Cornwall,13/09/2014,13/09/2014,,,Unknown,Unknown,Unknown,0,15,Fixed Prices,,No,1,1,0,0,0,0,0,0,1,1,0,0,0,0,0,0,1,0,0,0,0,0,1,1,0,0,0,1,0,1,0,0,0,0,0,0,0,0,1,0,0,1,0,0,0,0,0,0,0,1,criteria met,a fantastic view of Saint Michael's Mount and the whole Bay from the lounge and bedroom windows,We loved watching the sea and tides.,The views are fantastic,Great position overlooking St Michael’s Mount,Couldn’t ask for a nicer view
1110748,Best for Views,8,9.625,10,9.75,12,0.666666667,9.06653749,9.389922494,09:29.2,64,202295,55:54.0,SykesPropertyID,SykesPark:0,SykesParkID,231686,1,464285,1,2,2,3,Saturday,57.750742,-6.996708,,Outer Hebridian Islands,Shalom Cottage,Current,Cottage,5,Ticks 1 to 5,6,5,0,0,884500,102500,"Cairminis, Na h-Eileanan an Iar",Other settlement,Na h-Eileanan an Iar,Scotland,Cairminis,Highlands and Islands,03/12/2021,03/12/2021,,,Unknown,Unknown,Unknown,0,15,Super Income Maximisation,,No,1,1,1,0,1,0,0,0,1,0,0,0,0,0,0,1,0,1,0,0,0,0,0,0,0,1,0,0,0,1,0,0,1,0,0,1,0,0,1,0,0,1,0,0,0,1,0,0,0,1,criteria met,situated in a stunning location with super views from Skye to North Uist,The views are breathtaking across the Sound of Harris,It is positioned by the sea with amazing view of the Harris Sound.,Excellent property with wonderful views.,Amazing views out to sea
1121880,Best for Views,8,9.625,10,9.75,13,0.615384615,9.06653749,9.389922494,09:29.2,65,217590,13:08.0,SykesPropertyID,SykesPark:0,SykesParkID,242974,438,505794,1,2,2,4,Friday,55.58185595,-1.651540948,,HP Northumberland,Lobster Lodge,Current,House detached,4,Ticks 1 to 5,7,4,1,0,632500,421500,"Seahouses, Northumberland",Other settlement,Northumberland,England,Seahouses,Northumberland,14/07/2017,14/07/2017,,,Unknown,Unknown,Unknown,0,18,Super Income Maximisation,,Part - Property Management Only,1,1,0,0,1,0,0,0,1,0,0,0,0,0,0,1,1,0,0,0,0,0,1,1,0,0,0,0,0,1,0,0,1,0,0,0,0,0,1,0,0,1,0,0,0,0,0,0,0,1,criteria met,the views over the harbour are incredible,the views are exceptional from the balcony and top floor,fantastic views over the harbour,fabulous views overlooking the harbour,Views over the harbour are wonderful
1159391,Best for Views,13,9.307692308,10,9.923076923,29,0.448275862,9.008594557,9.389772119,09:29.2,66,288490,02:02.0,SykesPropertyID,SykesPark:0,SykesParkID,276445,1,614585,1,1,1,1,Friday,53.0809046,-3.43836,,North Wales,Cae Bach,Current,Hut/Pod/Yurt,5,Ticks 1 to 5,2,5,0,0,357500,305500,"Cyffylliog, Denbighshire",Other settlement,Denbighshire,Wales,Cyffylliog,North Wales,28/06/2024,05/07/2024,,,Unknown,Unknown,Unknown,0,16,Super Income Maximisation,,No,1,0,1,1,1,1,0,1,1,1,1,0,0,0,0,1,0,1,1,0,0,1,0,0,0,1,0,0,1,1,0,0,1,0,0,0,1,1,1,0,1,0,1,0,0,0,1,0,0,1,criteria met,beautiful view,beautiful view,amazing views,The views are absolutely stunning,the views are insane
1150627,Best for Views,10,9.4,10,9.9,17,0.588235294,9.009883741,9.385930245,09:29.2,67,277535,01:28.0,SykesPropertyID,SykesPark:0,SykesParkID,267857,1,589197,1,2,2,3,Friday,53.1306856,-2.0821203,,Peak District & Derbyshire,The Sheiling,Current,House,5,Ticks 1 to 5,6,5,0,0,358500,394500,"Rudyard, Staffordshire",Other settlement,Staffordshire,England,Rudyard,Peak District,09/05/2024,24/05/2024,,,Unknown,Unknown,Unknown,0,15,Full Income Maximisation,,No,1,1,0,0,1,1,0,0,1,1,0,0,0,0,0,1,0,0,1,1,0,0,0,0,0,1,1,0,0,1,0,0,1,0,1,1,1,1,1,0,0,1,0,1,0,1,0,0,0,1,criteria met,the views were to die for.,the view from the garden was stunning,breathtaking views,Waking up to those views of the lake everyday were fantastic.,the views were amazing
980889,Best for Views,10,9.4,10,9.9,19,0.52631579,9.009883741,9.385930245,09:29.2,68,100580,12:24.0,SykesPropertyID,SykesPark:0,SykesParkID,98531,343,177686,1,1,1,2,Friday,50.6463796,-3.4323138,,HP Devon South Coast,Searles,Current,Detached,5,Ticks 1 to 5,4,5,1,0,84500,299500,"Lympstone, Devon",Other settlement,Devon,England,Lympstone,Devon,23/05/2018,25/05/2018,,,Unknown,Unknown,Unknown,0,15,Super Income Maximisation,,No,1,1,1,0,1,0,0,0,0,0,0,0,0,0,0,1,1,0,0,0,0,0,1,1,0,1,0,1,0,1,0,0,0,0,0,0,0,0,1,0,0,1,0,0,0,1,0,0,0,1,criteria met,with uninterrupted views of the tidal estuary,we whiled away many happy hours just watching the ever changing riverscape from the living room,the most superb position overlooking the ever changing Exe Estuary,Waking up to the sea view every morning is just wonderful.,with amazing views
1084320,Best for Views,7,9.714285714,10,9.714285714,12,0.583333333,9.07045146,9.385128019,09:29.2,69,165437,21:19.0,SykesPropertyID,SykesPark:0,SykesParkID,203890,1,374275,0,0,2,4,Saturday,53.2899865,-3.8225602,,HP - Wales North Coast,The Old Tywyn Post Office,Current,House detached,4,Ticks 1 to 5,8,4,1,0,378500,278500,"Tywyn, Conwy",Other settlement,Conwy,Wales,Tywyn,North Wales,09/08/2022,20/08/2022,,,Unknown,Unknown,Unknown,0,15,Super Income Maximisation,,No,1,1,1,0,1,0,0,0,1,0,0,0,0,0,0,1,1,0,1,0,0,1,1,1,0,1,0,1,0,1,0,1,1,0,0,0,1,1,1,0,1,1,0,1,0,0,0,0,0,1,criteria met,views to die for,the views are spectacular,Views are fantastic worth the money.,The views from upstairs were stunning,"The views from the 1st floor lounge, across the bay to Conwy, the town, harbour and castle, with the mountains beyond, was mesmerising."
1161279,Best for Views,9,9.444444444,10,9.888888889,12,0.75,9.010403938,9.384020141,09:29.2,70,290806,18:33.0,SykesPropertyID,SykesPark:0,SykesParkID,278268,1,331227,1,2,2,2,Friday,50.1687495,-5.0841469,,HP Cornwall Coast,The Crows Nest,Current,Annex,3,Ticks 1 to 5,4,3,1,0,34500,179500,"Bissom, Cornwall",Other settlement,Cornwall,England,Bissom,Cornwall,30/08/2024,30/08/2024,,,Unknown,Unknown,Unknown,0,18,Fixed Prices,22/07/2025,No,1,0,1,0,1,0,0,0,1,0,0,0,0,1,0,1,1,1,1,0,0,1,0,0,0,1,0,1,1,1,0,0,1,0,0,0,0,1,1,0,0,1,0,1,0,0,0,0,0,1,criteria met,the views were wonderful,The view from the balcony was amazing.,Brilliant view over falmouth harbour,Beautiful view,views to die for
1159799,Best for Views,9,9.444444444,10,9.888888889,15,0.6,9.010403938,9.384020141,09:29.2,71,288990,22:19.0,SykesPropertyID,SykesPark:0,SykesParkID,276827,1,614884,0,0,1,2,Friday,53.71772,-2.434719,,North West & Lancashire,Priestley�s Retreat,Current,House,5,Ticks 1 to 5,3,5,0,0,424500,371500,"Belthorn, Lancashire",Other settlement,Lancashire,England,Belthorn,Cumbria & The Lake District,13/08/2024,26/08/2024,,,Unknown,Unknown,Unknown,0,18,Super Income Maximisation,,No,1,1,0,0,1,0,0,0,1,0,0,0,0,0,0,0,0,0,1,0,0,0,1,0,0,1,0,0,0,1,0,1,1,0,0,0,1,1,1,0,0,0,0,1,0,0,0,0,0,1,criteria met,wonderful views and scenery,stunning views,fantastic views,The views from all the windows were amazing.,wonderful views
1125354,Best for Views,20,9.25,10,9.8,24,0.833333333,9.039922494,9.383953496,09:29.2,72,219975,10:38.0,SykesPropertyID,SykesPark:0,SykesParkID,244073,1,506247,1,2,3,4,Friday,52.581922,-3.229737,,Mid Wales,Barcud Coch - Red Kite,Current,Lodge,5,Ticks 1 to 5,8,5,0,0,297500,317500,"Fron, Powys",Other settlement,Powys,Wales,Fron,Mid Wales,21/12/2023,22/03/2024,,,Unknown,Unknown,Unknown,0,14,Partial Plus Income Maximisation,,No,1,1,1,0,1,1,0,0,1,0,0,0,0,0,0,1,0,1,1,1,0,1,0,0,0,1,0,0,0,1,0,0,1,0,1,1,1,1,1,0,0,1,0,1,1,0,0,0,0,1,criteria met,the view—absolutely breathtaking,the most peaceful stunning views,the most fabulous views,opening the curtains to stunning rolling hills,The views were breathtaking
1061984,Best for Views,8,9.5,10,9.875,15,0.533333333,9.010981934,9.381589161,09:29.2,73,,,,,,,,,,,,,,,,,,,,,,,,,,,,,,,,,,,,,,,,,,,,,,,,,,,,,,,,,,,,,,,,,,,,,,,,,,,,,,,,,,,,,,,,,,,,,,,,1,criteria met,with added bonus of a sea view,great views of the ocean,beautiful sea views from the living room and bedroom,Views of the sea and pier amazing.,An excellent apartment with a lovely sea view.
1018091,Best for Views,8,9.5,10,9.875,12,0.666666667,9.010981934,9.381589161,09:29.2,74,121217,18:09.0,SykesPropertyID,SykesPark:0,SykesParkID,140091,2,225207,1,2,3,3,Saturday,55.226114,-7.703083,,HP Donegal Coast,Ranny Roe,Current,House,4,Ticks 1 to 5,6,4,1,0,,,"Kindrum, County Donegal",Other settlement,County Donegal,Ireland,Kindrum,Ireland,08/08/2019,10/08/2019,,,Unknown,Unknown,Unknown,0,20,Super Income Maximisation,,No,1,1,1,0,1,0,0,0,1,1,0,0,0,0,0,1,0,1,0,0,0,0,0,0,0,1,0,0,0,1,0,0,1,0,0,1,1,1,1,0,1,1,0,0,0,0,0,0,0,1,criteria met,the view is amazing,stunning views,Beats House and views.,A beautiful view and a well equipped bungalow.,"great views from the main bedroom, living room and sun room over the bay"
953717,Best for Views,8,9.5,10,9.875,21,0.380952381,9.010981934,9.381589161,09:29.2,75,90504,44:32.0,SykesPropertyID,SykesPark:0,SykesParkID,53187,1,86285,1,2,1,2,Saturday,51.0073192,-3.7680506,,Devon,Elworthy View,Current,Semi detached,4,Ticks 1 to 5,4,4,0,0,125500,275500,"Garliford, Devon",Other settlement,Devon,England,Garliford,Devon,20/06/2017,20/06/2017,,,Unknown,Unknown,Unknown,0,18,Super Income Maximisation,,No Option Assigned,1,0,1,0,1,0,0,1,1,0,0,0,0,0,0,1,0,0,0,0,0,0,0,0,0,1,0,0,0,0,0,0,1,0,0,0,0,1,1,0,1,0,0,0,0,0,0,0,0,1,criteria met,wonderful views,unbelievable views,the view from the large dog friendly garden is beautiful,superb views across rolling hills,the views and all countryside is amazing
1139295,Best for Views,8,9.5,10,9.875,18,0.444444444,9.010981934,9.381589161,09:29.2,76,236021,10:48.0,SykesPropertyID,SykesPark:0,SykesParkID,257661,1,487223,1,2,3,4,Friday,54.642628,-1.9014671,,The North East,Forestside View,Current,House,5,Ticks 1 to 5,8,5,0,0,526500,407500,"Woodland, Durham",Other settlement,Durham,England,Woodland,Yorkshire Dales,21/07/2023,21/07/2023,,,Unknown,Unknown,Unknown,0,18,Super Income Maximisation,,No,1,1,1,0,1,0,0,1,0,0,0,0,0,0,0,1,0,1,1,0,0,1,0,0,0,1,0,0,0,1,0,0,1,0,0,1,1,1,1,0,0,1,0,1,0,0,0,0,0,1,criteria met,the views were amazing WOW,has spectacular countryside views,beautiful views,Beautiful location with 360 views of the unspoilt countryside,the views are sensational
1168762,Best for Views,8,9.5,10,9.875,16,0.5,9.010981934,9.381589161,09:29.2,77,299868,58:43.0,SykesPropertyID,SykesPark:0,SykesParkID,285449,1,236377,0,0,2,4,Friday,52.8613169,-4.1020209,,HP - Wales North West Coast,Bryn Awelon,Current,House detached,4,Ticks 1 to 5,8,4,1,0,331500,258500,"Harlech, Gwynedd",Other settlement,Gwynedd,Wales,Harlech,North Wales,07/02/2025,04/04/2025,,,Unknown,Unknown,Unknown,0,22,Super Income Maximisation,27/05/2026,No,1,1,1,0,1,0,0,0,1,1,0,0,0,0,0,1,1,0,1,0,1,1,1,1,0,1,0,1,0,1,0,1,1,0,1,1,0,1,1,0,1,0,0,1,0,0,0,0,1,1,criteria met,amazing views,Stunning views,It was absolutely beautiful with a stunning outlook over looking the castle and beach in the distance.,Beautiful views of the sea mountains and harlech castle,the views are stunning
976150,Best for Views,8,9.5,10,9.875,10,0.8,9.010981934,9.381589161,09:29.2,78,98403,43:16.0,SykesPropertyID,SykesPark:0,SykesParkID,72383,343,173098,0,0,2,3,Saturday,50.298436,-3.897608,,HP Devon South Coast,Ayrmer House,Current,Cottage,4,Ticks 1 to 5,6,4,1,0,45500,265500,"Ringmore, Devon",Other settlement,Devon,England,Ringmore,Devon,10/01/2012,10/01/2012,,,Unknown,Unknown,Unknown,0,20.83,Super Income Maximisation,,No,1,1,1,0,1,0,0,0,1,1,0,0,0,0,0,1,1,1,1,0,0,0,1,0,0,0,0,0,0,1,0,0,1,0,0,1,0,1,1,0,0,1,0,0,0,0,0,0,0,1,criteria met,the view is magnificent,the moment you walk into the house you're greeted by an absolutely stunning view,"Wow, the view from the property is amazing",The views were stunning,the views amazing
988091,Best for Views,8,9.5,10,9.875,17,0.470588235,9.010981934,9.381589161,09:29.2,79,124377,49:17.0,SykesPropertyID,SykesPark:0,SykesParkID,106156,1,186907,1,2,1,1,Friday,52.5816359,-3.015714,,Shropshire & Telford,Corndon Pod,Current,Hut/Pod/Yurt,4,Ticks 1 to 5,2,4,0,0,298500,331500,"White Grit, Powys",Other settlement,Powys,Wales,White Grit,Mid Wales,01/11/2019,01/11/2019,,,Unknown,Unknown,Unknown,0,17,Super Income Maximisation,,No Option Assigned,1,0,0,0,1,1,0,0,1,0,0,0,0,0,0,0,0,1,0,0,0,0,0,0,0,1,0,0,0,1,0,0,1,0,0,1,1,1,1,0,1,0,0,1,0,0,1,0,1,1,criteria met,the views were amazing,beautiful views all around,beautiful views,The view from the pod is incredible,Beautiful place and view's.
980071,Best for Views,11,9.454545455,10,9.727272727,13,0.846153846,9.057032134,9.379673826,09:29.2,80,102833,11:51.0,SykesPropertyID,SykesPark:0,SykesParkID,69762,1,101075,1,2,1,1,Saturday,55.4979912,-1.6316972,,HP Northumberland,Emblestones,Current,Flat,4,Ticks 1 to 5,2,4,1,0,622500,423500,"Embleton, Northumberland",Other settlement,Northumberland,England,Embleton,Northumberland,19/07/2018,20/07/2018,,,Unknown,Unknown,Unknown,0,17,Fixed Prices,,No Option Assigned,1,1,0,0,1,0,0,0,1,1,0,0,0,0,0,1,1,0,0,0,0,0,1,1,0,1,0,0,0,1,0,0,0,0,0,0,1,0,1,0,0,0,0,1,0,0,1,0,0,1,criteria met,we especially enjoyed the wonderful views.,stunning views,You could simply never tire of the beautiful views from the amazing balcony.,Fantastic views,Fabulous location with amazing views.
1164794,Best for Views,7,9.571428571,10,9.857142857,21,0.333333333,9.011627931,9.37840533,09:29.2,81,295007,12:31.0,SykesPropertyID,SykesPark:0,SykesParkID,281649,302,633753,1,1,1,1,Friday,50.2189889,-4.8921116,,HP Cornwall Coast,Suntrap House,Current,House detached,4,Ticks 1 to 5,2,4,1,0,39500,193500,"Portloe, Cornwall",Other settlement,Cornwall,England,Portloe,Cornwall,28/03/2025,25/04/2025,,,Unknown,Unknown,Unknown,0,20,Super Income Maximisation,,No,1,0,0,0,1,0,0,0,0,0,0,0,0,0,0,0,1,1,1,0,0,1,0,0,0,1,0,0,0,1,0,0,1,0,0,0,0,1,1,0,1,0,0,1,0,0,1,0,0,1,criteria met,views from the cottage are outstanding!,amazing views,The view is to die for,Stunning views,it was a joy to sit outside on the terrace and look down on the sea
1085379,Best for Views,7,9.571428571,10,9.857142857,14,0.5,9.011627931,9.37840533,09:29.2,82,,,,,,,,,,,,,,,,,,,,,,,,,,,,,,,,,,,,,,,,,,,,,,,,,,,,,,,,,,,,,,,,,,,,,,,,,,,,,,,,,,,,,,,,,,,,,,,,1,criteria met,with the stunning scenery it really made the week,unspoiled fantastic views of the countryside,"surrounded by beautiful nature, with lovely views",a beautiful property in a stunning location,hot tub with outstanding views
1096352,Best for Views,7,9.571428571,10,9.857142857,17,0.411764706,9.011627931,9.37840533,09:29.2,83,181782,59:05.0,SykesPropertyID,SykesPark:0,SykesParkID,215739,382,412102,1,2,1,2,Saturday,50.606509,-2.4548679,,HP Dorset Coast,6 The Terrace,Current,House,4,Ticks 1 to 5,4,4,1,0,78500,367500,"Rodwell, Dorset",Other settlement,Dorset,England,Rodwell,Dorset,30/06/2023,30/06/2023,,,Unknown,Unknown,Unknown,0,16,Super Income Maximisation,,Part - Property Management Only,1,1,1,0,1,0,0,0,0,1,0,0,0,0,0,1,1,0,0,0,0,1,1,1,0,1,0,0,0,1,0,0,1,0,0,1,0,1,1,0,1,1,0,1,0,0,0,0,0,1,criteria met,views over Weymouth harbour from the Georgian bow fronted bedroom window,the view over the harbour from the front bedroom,great view,Lovely views from the main bedroom,great harbour views from the front bedroom
1101112,Best for Views,7,9.571428571,10,9.857142857,10,0.7,9.011627931,9.37840533,09:29.2,84,187537,36:10.0,SykesPropertyID,SykesPark:0,SykesParkID,220448,1,236705,0,0,1,2,Friday,53.7332951,0.0318532,,HP East Yorkshire Coast,14 The Promenade,Current,House,4,Ticks 1 to 5,4,4,1,0,428500,533500,"Owthorne, East Riding of Yorkshire",Other settlement,East Riding of Yorkshire,England,Owthorne,North York Moors & Coast,01/04/2022,11/04/2022,,,Unknown,Unknown,Unknown,0,18,Super Income Maximisation,,Yes,1,0,1,0,1,0,0,0,0,0,0,0,0,0,0,1,1,0,1,0,0,1,1,1,0,1,0,0,0,1,0,1,1,0,0,0,0,1,1,0,1,0,0,1,0,0,1,0,0,1,criteria met,the views of the sea outside the windows was amazing,great sea view,amazing views,Amazing view.,sit in the chair reading and watching the sea
1130777,Best for Views,8,9.625,10,9.6875,15,0.533333333,9.06653749,9.377422494,09:29.2,85,226363,21:42.0,SykesPropertyID,SykesPark:0,SykesParkID,249350,1,530991,0,0,2,4,Friday,50.360281,-3.573223,,HP Devon South Coast,Britannia Crossings Cottage,Current,House detached,5,Ticks 1 to 5,8,5,1,0,51500,288500,"Kingswear, Devon",Other settlement,Devon,England,Kingswear,Devon,27/06/2024,12/07/2024,,,Unknown,Unknown,Unknown,0,15,Super Income Maximisation,,No,1,1,1,0,1,0,0,0,1,0,0,0,0,0,0,1,1,0,1,0,1,1,0,0,0,1,0,1,1,1,0,0,1,0,0,0,1,1,1,0,0,1,0,1,0,1,0,0,0,1,criteria met,the most incredible views,the most gorgeous views,beautiful views of the river from the house and garden,"The views of the River Dart, ferry, steam train, gardens, all very beautiful.",An idyllic location with a spectacular view - each rear window was just like a living oil painting and amazing to wake up to!
970842,Best for Views,10,9.5,10,9.7,16,0.625,9.059883741,9.375930245,09:29.2,86,105881,03:19.0,SykesPropertyID,SykesPark:0,SykesParkID,76278,1,122468,0,0,2,2,Saturday,50.3468,-5.152658,,HP Cornwall Coast,"Chapel Rock View, The Dunes",Current,Flat,5,Ticks 1 to 5,4,5,1,0,54500,175500,"Perranporth, Cornwall",Other settlement,Cornwall,England,Perranporth,Cornwall,07/11/2018,17/11/2018,,,Unknown,Unknown,Unknown,0,17,Super Income Maximisation,,No Option Assigned,1,1,0,0,1,0,0,0,1,0,0,0,0,0,0,1,1,0,1,0,0,1,0,0,0,1,0,0,0,1,0,0,1,0,0,0,1,1,1,0,0,0,0,0,0,0,0,0,0,1,criteria met,the view was amazing we could sit and watch the waves and the surfers from the apartment,amazing views over Perranporth beach,amazing views,I booked it for the amazing view and wasn’t disappointed.,Fantastic views
1004339,Best for Views,15,9.333333333,10,9.733333333,20,0.75,9.047906993,9.375410862,09:29.2,87,189737,39:18.0,SykesPropertyID,SykesPark:0,SykesParkID,122463,1,205509,1,2,1,1,Friday,53.2618998,-4.216906522,,Anglesey,Plas Marchog Annexe,Current,Wing,3,Ticks 1 to 5,2,3,0,0,376500,252500,"Rhoscefnhir, Isle of Anglesey",Other settlement,Isle of Anglesey,Wales,Rhoscefnhir,North Wales,29/03/2022,29/04/2022,,,Unknown,Unknown,Unknown,0,19,Super Income Maximisation,,No,1,0,1,0,1,0,0,0,1,0,0,0,0,0,0,0,1,1,1,0,0,1,0,0,0,1,0,0,0,1,0,0,1,0,0,1,1,1,1,0,0,0,0,1,0,0,1,0,0,1,criteria met,it’s the view from window that sold it,brilliant views of Snowdonia,The views from the living room were exceptional.,The view from the garden is glorious.,Beautiful view of the mountains through the patio windows in the lounge.
1161790,Best for Views,9,9.333333333,10,10,13,0.692307692,8.957772359,9.374663415,09:29.2,88,291462,05:44.0,SykesPropertyID,SykesPark:0,SykesParkID,278784,343,623778,1,2,1,1,Saturday,50.8746238,-3.0824811,,Devon,The Wheelhouse,Current,Cottage,4,Ticks 1 to 5,2,4,0,0,108500,323500,"Beacon, Devon",Other settlement,Devon,England,Beacon,Devon,20/09/2024,13/10/2024,,,Unknown,Unknown,Unknown,0,18,Super Income Maximisation,,No,1,0,0,0,1,0,0,0,1,0,0,0,0,0,0,1,0,1,1,0,0,1,0,0,0,1,0,0,0,1,0,0,1,0,0,1,0,1,1,0,0,0,0,1,0,0,1,0,0,1,criteria met,with the most amazing views,the views were amazing the best we have ever had,"enjoyed sitting on the sofa, looking out over the fields to the hills beyond",Superb views.,it was the amazing views across the valley
1021995,Best for Views,13,9.307692308,10,9.846153846,18,0.722222222,9.008594557,9.374387504,09:29.2,89,,,,,,,,,,,,,,,,,,,,,,,,,,,,,,,,,,,,,,,,,,,,,,,,,,,,,,,,,,,,,,,,,,,,,,,,,,,,,,,,,,,,,,,,,,,,,,,,1,criteria met,the views from the hottub were fantastic,the view from the hot tub is unbeatable,set in an idyllic location overlooking the countryside,The location is very scenic and it’s so peaceful.,the views were amazing
1177130,Best for Views,13,9.307692308,10,9.846153846,18,0.722222222,9.008594557,9.374387504,09:29.2,90,310274,26:08.0,SykesPropertyID,SykesPark:0,SykesParkID,293576,400,657609,1,2,1,2,Saturday,51.6760185,-4.7028605,,HP - Wales Pembrokeshire Coast,Lifeboat Lookout,Current,Apartment,4,Ticks 1 to 5,4,4,1,0,200500,213500,"Tenby/Dinbych-y-pysgod, Pembrokeshire",Town,Pembrokeshire,Wales,Tenby/Dinbych-y-pysgod,South Wales,21/07/2025,31/07/2025,,,Unknown,Unknown,Unknown,0,18,Partial Plus Income Maximisation,,No,1,1,0,0,0,0,0,0,0,0,0,0,0,0,0,0,1,0,1,0,1,1,1,0,0,1,0,0,0,1,0,0,1,0,0,1,0,1,1,0,0,1,0,1,0,0,0,0,0,1,criteria met,amazing views over North Beach,absolutely stunning views,Stunning views over the harbour,Still the best view in Tenby.,Fantastic views of the beach and lifeboat station.
1159722,Best for Views,6,9.666666667,10,9.833333333,14,0.428571429,9.012354676,9.374079472,09:29.2,91,288778,17:34.0,SykesPropertyID,SykesPark:0,SykesParkID,276757,1,546532,1,2,1,2,Friday,56.531982,-5.4722148,,Scottish Highlands,Tirlaggan House,Current,House detached,4,Ticks 1 to 5,4,4,0,0,743500,186500,"Clachan, Argyll and Bute",Other settlement,Argyll and Bute,Scotland,Clachan,Central Scotland,19/08/2024,30/08/2024,,,Unknown,Unknown,Unknown,0,15,Super Income Maximisation,,No,1,0,1,0,1,0,0,0,1,1,0,0,0,0,0,0,0,0,1,1,0,0,0,0,0,1,0,0,0,1,0,0,1,0,0,0,1,1,1,0,1,1,0,1,0,0,0,0,1,1,criteria met,fab views throughout the windowed walls,amazing views,a stunning view,"The view of this cottage is absolutely out of this world, together with the changing Scottish weather, the views never stop amaze us!","The views are stunning, so even on a rainy day we enjoyed relaxing and watching the clouds go by."
1105114,Best for Views,6,9.666666667,10,9.833333333,8,0.75,9.012354676,9.374079472,09:29.2,92,192960,54:14.0,SykesPropertyID,SykesPark:0,SykesParkID,224355,1,444588,1,2,1,3,Friday,52.556243,-4.04043,,HP - Wales North West Coast,Top Of The World Lodge,Current,Cottage,4,Ticks 1 to 5,6,4,1,0,296500,261500,"Aberdyfi, Gwynedd",Other settlement,Gwynedd,Wales,Aberdyfi,North Wales,29/09/2022,30/09/2022,,,Unknown,Unknown,Unknown,0,22,Super Income Maximisation,,Yes,1,0,1,0,1,0,0,0,1,0,0,0,0,0,0,0,1,1,0,0,1,1,0,0,0,1,0,1,0,1,0,0,1,0,0,0,1,1,1,0,1,1,0,1,0,0,0,0,0,1,criteria met,"the most amazing views ever, breath taking",The views were breathtaking every time,The views are simply breathtaking!,The views are exceptional!!!,fantastic panoramic views
1122112,Best for Views,6,9.666666667,10,9.833333333,7,0.857142857,9.012354676,9.374079472,09:29.2,93,217816,13:39.0,SykesPropertyID,SykesPark:0,SykesParkID,243198,438,505839,0,0,1,4,Saturday,55.606172,-1.716685,,HP Northumberland,Whitestacks,Current,House detached,3,Ticks 1 to 5,7,3,1,0,634500,417500,"Bamburgh, Northumberland",Other settlement,Northumberland,England,Bamburgh,Northumberland,06/08/2009,06/08/2009,,,Unknown,Unknown,Unknown,0,15,Partial Plus Income Maximisation,,No,1,1,1,0,1,0,0,0,0,0,0,0,0,0,0,1,1,1,1,0,0,0,1,0,0,1,0,0,0,1,0,0,0,0,0,1,0,0,1,0,0,1,0,0,0,0,0,0,0,1,criteria met,"the views were great , especially at night when the castle was lit up",the views are spectacular looking from the windows,the stunning views,outstanding views of Bamburgh Castle and surrounding countryside,the view and location were outstanding
1076095,Best for Views,6,9.666666667,10,9.833333333,17,0.352941177,9.012354676,9.374079472,09:29.2,94,154769,58:09.0,SykesPropertyID,SykesPark:0,SykesParkID,195698,1,347272,1,2,2,2,Saturday,53.2012765,-1.4434291,,Peak District & Derbyshire,Stables Lodge,Current,Lodge,5,Ticks 1 to 5,4,5,0,0,367500,437500,"Wingerworth, Derbyshire",Other settlement,Derbyshire,England,Wingerworth,Peak District,15/01/2022,02/04/2022,,,Unknown,Unknown,Unknown,0,20,Super Income Maximisation,,No,1,1,1,0,1,0,0,0,1,1,0,0,0,0,0,1,0,1,1,0,0,1,1,0,0,1,1,0,0,1,0,0,0,0,0,0,1,0,1,0,1,1,0,1,1,0,0,0,0,1,criteria met,what a view,views certainly have the wow factor,the views are great,great views,The views from the lodge are stunning.
1005492,Best for Views,8,9.375,10,10,14,0.571428571,8.955426379,9.373255827,09:29.2,95,159558,04:34.0,SykesPropertyID,SykesPark:0,SykesParkID,125646,1,205007,0,0,2,2,Friday,52.7170349,-3.2154438,,Mid Wales,Meadow View,Current,Lodge,5,Ticks 1 to 5,4,5,0,0,313500,318500,"Pentre'r beirdd, Powys",Other settlement,Powys,Wales,Pentre'r beirdd,Mid Wales,05/08/2021,20/08/2021,,,Unknown,Unknown,Unknown,0,18,Super Income Maximisation,,No,1,1,0,0,1,1,0,1,1,1,0,0,0,0,0,1,0,1,0,0,0,1,0,0,0,0,0,0,0,1,0,1,1,0,1,1,1,1,1,0,0,0,1,1,1,1,0,0,0,1,criteria met,views to match,stunning view down the valley,Cannot beat the meadow views.,the views are amazing,set in the most amazing scenery
927149,Best for Views,8,9.375,10,10,25,0.32,8.955426379,9.373255827,09:29.2,96,87154,58:09.0,SykesPropertyID,SykesPark:0,SykesParkID,38433,1,92047,0,0,7,7,Friday,54.6152492,-2.0082516,,The North East,Jacob's Lodge,Current,Detached,5,Ticks 1 to 5,16,5,0,0,524500,399500,"Hill Top, Durham",Other settlement,Durham,England,Hill Top,Yorkshire Dales,22/03/2017,26/05/2017,,,Unknown,Unknown,Unknown,0,16,Super Income Maximisation,,No Option Assigned,1,1,0,1,1,1,0,0,1,1,1,1,0,0,0,1,0,1,0,0,0,0,1,0,0,1,0,0,0,1,0,0,1,0,1,1,0,1,1,0,0,1,0,0,0,1,0,0,0,1,criteria met,the views are amazing,The views were spectacular,The views from the property are stunning,the views are amazing.,situated on a hill with stunning views of the countryside
1137374,Best for Views,7,9.428571429,10,10,22,0.318181818,8.952804401,9.371682641,09:29.2,97,233830,12:37.0,SykesPropertyID,SykesPark:0,SykesParkID,255752,382,533274,1,2,2,3,Friday,50.6387969,-2.3545569,,HP Dorset Coast,Standby Generator Bunker,Current,Unique wow (Castle / lighthouse / thatched),4,Ticks 1 to 5,6,4,1,0,81500,373500,"Osmington Mills, Dorset",Other settlement,Dorset,England,Osmington Mills,Dorset,12/11/2024,24/11/2024,,,Unknown,Unknown,Unknown,0,18,Super Income Maximisation,,Part - Property Management Only,1,1,1,0,1,0,0,0,1,1,0,0,0,0,0,1,1,1,1,0,0,1,0,0,0,1,0,0,0,0,0,0,1,0,0,0,1,0,1,0,1,1,0,1,0,0,0,0,1,1,criteria met,views through the trees of the sea,a lovely view,Sea views lovely,wonderful sea views,great sea views
1107291,Best for Views,7,9.428571429,10,10,16,0.4375,8.952804401,9.371682641,09:29.2,98,194533,00:28.0,SykesPropertyID,SykesPark:0,SykesParkID,225543,418,451069,0,0,1,1,Friday,54.2124756,-2.9371123,,Cumbria West of M6,Low Longlands,Current,Hut/Pod/Yurt,4,Ticks 1 to 5,2,4,0,0,480500,338500,"Green Bank, Cumbria",Other settlement,Cumbria,England,Green Bank,Cumbria & The Lake District,04/08/2022,09/09/2022,,,Unknown,Unknown,Unknown,0,12.5,Partial Income Maximisation,,No,1,0,0,0,1,1,0,0,1,1,0,1,0,0,0,0,1,1,0,0,0,1,0,0,0,1,0,1,0,1,0,0,1,0,0,0,1,0,1,0,0,0,1,1,0,0,1,0,0,1,criteria met,"the views were amazing!! My morning route was to open the blinds and just watch the sheep/lambs and cows, it was so quiet and relaxing!!",The views from your pod are stunning,The view from the lodge is breathtaking,the views were simply breathtaking,the view was an added bonus
1001469,Best for Views,7,9.428571429,10,10,9,0.777777778,8.952804401,9.371682641,09:29.2,99,116013,54:04.0,SykesPropertyID,SykesPark:0,SykesParkID,111004,1,201831,0,0,2,3,Friday,53.96647,-1.94716,,HP Yorkshire Dales,The Barn,Current,Cottage,3,Ticks 1 to 5,6,3,1,0,452500,403500,"Draughton, North Yorkshire",Other settlement,North Yorkshire,England,Draughton,Yorkshire Dales,10/05/2019,11/01/2020,,,Unknown,Unknown,Unknown,0,22,Super Income Maximisation,,No,1,1,0,0,0,0,0,0,1,0,0,0,0,0,0,1,0,0,0,0,0,0,0,0,0,0,0,0,0,1,0,1,0,0,0,0,0,0,1,0,0,1,0,0,0,0,0,0,0,1,criteria met,surrounded by the most glorious views,The views from the house are lovely,Amazing views.,the barn is spacious and has amazing views,super view
1158243,Best for Views,7,9.428571429,10,10,11,0.636363636,8.952804401,9.371682641,09:29.2,100,286998,05:01.0,SykesPropertyID,SykesPark:0,SykesParkID,275306,1,611010,0,0,1,1,Friday,54.212494,-2.3791337,,HP Yorkshire Dales,Woodpecker,Current,Hut/Pod/Yurt,4,Ticks 1 to 5,3,4,1,0,479500,377500,"Ribble Head, North Yorkshire",Other settlement,North Yorkshire,England,Ribble Head,Yorkshire Dales,14/06/2024,12/07/2024,,,Unknown,Unknown,Unknown,0,12,Full Income Maximisation,,No,1,0,0,0,1,1,0,0,1,0,0,0,0,0,0,0,0,1,1,1,1,1,0,0,0,1,0,0,1,0,0,1,1,0,0,1,1,1,1,0,0,1,1,1,0,0,1,0,0,1,criteria met,the views was just perfect,beautiful countryside with amazing views,The views were unbelievable,beautiful views,amazing views
1013621,Best for Walking,3,10,10,10,13,0.230769231,8.938282678,9.362969607,09:29.2,1,119527,49:58.0,SykesPropertyID,SykesPark:0,SykesParkID,135609,1,94251,1,1,3,5,Friday,55.299781,-1.9519139,,Northumberland,The Steadings,Current,Cottage,4,Ticks 1 to 5,10,4,0,0,600500,403500,"Newtown, Northumberland",Other settlement,Northumberland,England,Newtown,Northumberland,26/08/2019,05/01/2020,,,Unknown,Unknown,Unknown,0,15,Partial Plus Income Maximisation,,No,1,1,0,0,1,0,0,0,1,1,0,0,0,0,0,1,0,0,0,0,1,0,0,0,0,1,0,0,0,1,0,0,1,0,0,0,0,1,1,0,1,0,0,1,0,0,0,0,0,1,criteria met,surrounded by beautiful countryside and plentiful walking opportunities.,fantastic walks on the doorstep,The nearness to Simonside walk was fantastic,,
1059951,Best for Walking,3,10,10,10,8,0.375,8.938282678,9.362969607,09:29.2,2,,,,,,,,,,,,,,,,,,,,,,,,,,,,,,,,,,,,,,,,,,,,,,,,,,,,,,,,,,,,,,,,,,,,,,,,,,,,,,,,,,,,,,,,,,,,,,,,,no property data - manual review recommended,many dog walks on the door step,countryside walks available right from the doorstep,Great walks for the dogs by the river.,,
1042956,Best for Walking,9,9.222222222,10,10,15,0.6,8.90514078,9.343084468,09:29.2,3,138009,02:01.0,SykesPropertyID,SykesPark:0,SykesParkID,163423,402,256913,1,1,1,1,Saturday,54.379121,-3.020763,,HP Lake District,Larch Cottage,Current,Unknown,4,Ticks 1 to 5,2,4,1,0,498500,333500,"Hawkshead Hill, Cumbria",Other settlement,Cumbria,England,Hawkshead Hill,Cumbria & The Lake District,12/06/2019,12/06/2019,,,Unknown,Unknown,Unknown,0,18,Partial Plus Income Maximisation,,No,1,1,0,0,0,0,0,0,1,0,0,0,0,0,0,0,0,1,0,0,0,0,0,0,0,0,0,0,0,0,0,0,0,0,0,0,0,0,1,0,0,0,0,0,0,0,1,0,0,,review evidence only - manual review recommended,"who enjoy walking, cycling and exploring this beautiful area of the Lake District",Great location for walks locally to Tarn Hows and into Hawkshead.,plenty of walks from here,"it's location is outstanding for walking from your doorstep, particularly on lower level footpaths.",ideal to explore the wonderful Tarn Hows and a lovely walk into Hawkshead
29056,Best for Walking,6,9.5,10,9.833333333,10,0.6,8.949854676,9.336579472,09:29.2,4,,,,,,,,,,,,,,,,,,,,,,,,,,,,,,,,,,,,,,,,,,,,,,,,,,,,,,,,,,,,,,,,,,,,,,,,,,,,,,,,,,,,,,,,,,,,,,,,,no property data - manual review recommended,to start your walks,there is an amazing walk right out the front door down to the river and onto Redmire falls,Walks from back garden are wonderful.,"surrounded by lovely walks to Bolton Castle, through hay meadows to Wensley village, down to the banks of the Ure",perfect walking country
3781,Best for Walking,6,9.333333333,10,10,13,0.461538462,8.887354676,9.332412806,09:29.2,5,54751,34:00.0,SykesPropertyID,SykesPark:0,SykesParkID,1104,1,61102,1,1,2,3,Saturday,52.9660248,-3.1097219,,North Wales,Bryn Howell Stables,Current,Detached,5,Ticks 1 to 5,6,5,0,0,342500,325500,"Garth, Denbighshire",Other settlement,Denbighshire,Wales,Garth,North Wales,12/02/2010,27/03/2010,,,Unknown,Unknown,Unknown,0,20,Partial Income Maximisation,,No Option Assigned,1,1,1,0,1,0,0,1,1,1,0,0,0,0,0,1,0,1,1,0,0,1,0,0,1,1,0,0,0,0,0,0,0,0,0,1,0,0,1,0,1,1,1,1,0,1,0,0,0,,review evidence only - manual review recommended,loved the walks in the fields and into Llangollen,great walks along the canal,well situated on the Llangollen canal with lovely walks,the location for walking is fabulous,Perfect for walkers and dogs.
998650,Best for Walking,4,9.5,10,10,13,0.307692308,8.871262487,9.322757492,09:29.2,6,109607,02:01.0,SykesPropertyID,SykesPark:0,SykesParkID,112151,402,198450,0,0,1,2,Saturday,54.543179,-3.1775468,,HP Lake District,Rock Cottage,Current,Bungalow,4,Ticks 1 to 5,4,4,1,0,519500,323500,"Little Town, Cumbria",Other settlement,Cumbria,England,Little Town,Cumbria & The Lake District,18/09/2019,18/09/2019,,,Unknown,Unknown,Unknown,0,20,Super Income Maximisation,,Yes,1,1,1,0,1,0,0,0,1,1,0,0,0,0,0,0,0,1,1,0,0,0,0,0,0,1,1,0,1,1,0,1,1,0,0,0,1,1,1,0,1,0,0,0,0,0,0,0,0,1,criteria met,Lovely walks straight from the doorstep.,Great location for striking out to go up CatBells early in the morning for the sunrise.,you can walk along the shores of Derwent water towards Keswick.,all kinds of walks from the property without having to take the car,
1050267,Best for Walking,4,9.5,10,10,24,0.166666667,8.871262487,9.322757492,09:29.2,7,134610,12:27.0,SykesPropertyID,SykesPark:0,SykesParkID,170622,1,270954,1,3,3,5,Friday,52.8337388,-1.5254489,,Peak District & Derbyshire,Mill Farm - The Farmhouse,Current,House,4,Ticks 1 to 5,10,4,0,0,326500,431500,"Mount Pleasant, Derbyshire",Other settlement,Derbyshire,England,Mount Pleasant,Peak District,10/12/2020,05/02/2021,,,Unknown,Unknown,Unknown,0,18,Super Income Maximisation,,No,1,1,0,1,1,1,0,0,1,1,0,0,0,0,0,1,0,1,1,0,0,1,1,0,0,1,0,0,0,1,0,0,1,0,1,1,0,0,1,0,1,1,0,0,0,0,0,0,0,1,criteria met,able to walk to local caves and reservoir,"The gardens are amazing, the kids loved the play area and all loved the hot tub.",perfect position for walking,The ability to walk into the fields from the property was amazing,
1024285,Best for Walking,4,9.5,10,10,10,0.4,8.871262487,9.322757492,09:29.2,8,124526,47:32.0,SykesPropertyID,SykesPark:0,SykesParkID,144886,1,232042,1,1,1,1,Friday,52.5844759,-2.9793333,,Shropshire & Telford,Cranberry Cottage,Current,Cottage,4,Ticks 1 to 5,2,4,0,0,298500,333500,"Shelve, Shropshire",Other settlement,Shropshire,England,Shelve,Heart of England,29/11/2019,29/11/2019,,,Unknown,Unknown,Unknown,0,15,Super Income Maximisation,,No,1,1,0,0,0,0,0,0,1,1,0,0,0,0,0,0,0,1,1,0,1,0,0,0,0,1,0,0,0,1,0,0,1,0,0,0,1,1,1,0,1,0,0,1,0,0,1,0,1,1,criteria met,The location of Cranberry Cottage ensures plenty of walks in the area.,It is in a beautiful location and perfect for walking and visiting local attractions.,especially if you are doing lots of walking,Location was excellent for walks,
1164206,Best for Walking,3,9.666666667,10,10,14,0.214285714,8.861359602,9.316815761,09:29.2,9,294196,14:33.0,SykesPropertyID,SykesPark:0,SykesParkID,281088,1,632286,1,2,4,4,Saturday,52.6067558,-2.6368695,,Shropshire & Telford,1 Little Broomcroft,Current,House detached,5,Ticks 1 to 5,10,5,0,0,300500,356500,"Kenley, Shropshire",Other settlement,Shropshire,England,Kenley,Heart of England,05/12/2024,09/12/2024,,,Unknown,Unknown,Unknown,0,14,Partial Plus Income Maximisation,,No,1,1,1,0,1,0,0,0,1,0,0,0,1,0,0,1,0,1,1,0,0,1,0,0,0,1,0,0,0,1,0,0,1,0,0,0,0,1,1,0,0,1,0,1,0,1,0,0,0,1,criteria met,we found many local walks to enjoy,"Plenty to do around the area for us all with walks, National Trust, Ironbridge and surrounding places of interest.",There were bridleways close by with great views of Wenlock Edge and plenty of walks along the Edge.,,
1122152,Best for Walking,3,9.666666667,10,10,17,0.176470588,8.861359602,9.316815761,09:29.2,10,217856,46:18.0,SykesPropertyID,SykesPark:0,SykesParkID,242798,438,505687,1,3,1,2,Saturday,55.599645,-2.23068,,Northumberland,Briar Cottage,Current,Cottage,3,Ticks 1 to 5,4,3,0,0,632500,385500,"Pawston, Northumberland",Other settlement,Northumberland,England,Pawston,Northumberland,07/01/2008,07/01/2008,,,Unknown,Unknown,Unknown,0,16,Super Income Maximisation,,No,1,0,0,0,1,0,0,0,1,1,0,0,0,0,0,1,0,1,1,0,1,0,0,0,0,1,0,0,0,0,0,0,0,0,0,0,0,0,1,0,0,1,0,0,0,0,0,0,0,,review evidence only - manual review recommended,great for local walks,A super base for travelling coastward and into the Scottish Borders - lots of exploring and walking,surrounded by beautiful scenery ideal for walking from easy walks to more strenuous walks,,
1135715,Best for Walking,3,9.666666667,10,10,16,0.1875,8.861359602,9.316815761,09:29.2,11,,,,,,,,,,,,,,,,,,,,,,,,,,,,,,,,,,,,,,,,,,,,,,,,,,,,,,,,,,,,,,,,,,,,,,,,,,,,,,,,,,,,,,,,,,,,,,,,,no property data - manual review recommended,plenty of walks available,We have done plenty of walking,plenty of long walks with my dogs,,
916188,Best for Walking,3,9.666666667,10,10,8,0.375,8.861359602,9.316815761,09:29.2,12,78598,44:31.0,SykesPropertyID,SykesPark:0,SykesParkID,27142,1,95253,1,2,2,2,Saturday,54.423928,-2.976067,,HP Lake District,The Old Laundry,Current,Flat,5,Ticks 1 to 5,4,5,1,0,503500,336500,"Clappersgate, Cumbria",Other settlement,Cumbria,England,Clappersgate,Cumbria & The Lake District,21/04/2016,14/05/2016,,,Unknown,Unknown,Unknown,0,18,Super Income Maximisation,20/01/2020,Part - Cleaning Only,1,1,0,0,1,0,0,0,1,0,0,0,0,0,0,0,0,0,0,0,1,0,0,0,0,1,1,0,1,1,0,0,1,0,0,0,0,1,1,0,1,0,0,0,0,1,1,0,0,1,criteria met,"great access to the Langdales, Ullswater, Coniston and Keswick",Ideally located for walking in to Ambleside.,perfect base for walks,,
959156,Best for Walking,3,9.666666667,10,10,11,0.272727273,8.861359602,9.316815761,09:29.2,13,88264,45:54.0,SykesPropertyID,SykesPark:0,SykesParkID,78916,302,141439,0,0,1,1,Friday,50.01667,-5.1,,HP Cornwall Coast,Headland Apt 17,Current,Studio,4,Ticks 1 to 5,2,4,1,0,18500,178500,"Coverack, Cornwall",Other settlement,Cornwall,England,Coverack,Cornwall,13/09/2014,13/09/2014,,,Unknown,Unknown,Unknown,0,20,Super Income Maximisation,,No,1,0,0,0,1,0,0,0,1,0,0,0,0,0,0,1,1,0,1,0,0,0,0,0,0,1,0,0,0,1,0,1,0,0,0,0,0,0,1,0,0,0,0,0,0,0,0,0,0,1,criteria met,perfectly positioned with the South West Coast Path on your doorstep,Coastal paths on the doorstep.,the Coastal Path passes the bottom of the beautiful gardens,,
1079396,Best for Walking,2,10,10,10,9,0.222222222,8.849806235,9.309883741,09:29.2,14,159206,56:41.0,SykesPropertyID,SykesPark:0,SykesParkID,199143,370,340872,1,2,1,2,Friday,50.2562047,-3.857493,,HP Devon South Coast,Sea Campion,Current,Apartment,4,Ticks 1 to 5,4,4,1,0,40500,267500,"Outer Hope, Devon",Other settlement,Devon,England,Outer Hope,Devon,13/07/2021,13/07/2021,,,Unknown,Unknown,Unknown,0,20,Super Income Maximisation,,Yes,1,1,1,1,1,0,1,0,1,0,0,1,0,0,1,1,1,1,0,0,0,1,0,1,0,0,0,0,0,1,0,0,1,0,0,0,1,1,1,0,1,1,0,0,0,0,0,0,0,1,criteria met,enjoyed the walking scenery,Easy walks to Thurlestone and to Hope Cove,,,
1074175,Best for Walking,2,10,10,10,16,0.125,8.849806235,9.309883741,09:29.2,15,152312,59:04.0,SykesPropertyID,SykesPark:5,SykesParkID,193796,418,341929,1,2,1,1,Friday,54.6108642,-3.1396892,"Burnside Park, Underskiddaw, Keswick",HP Lake District,Squirrels Leap,Current,Lodge,4,Ticks 1 to 5,2,4,1,0,524500,326500,"Great Crosthwaite, Cumbria",Other settlement,Cumbria,England,Great Crosthwaite,Cumbria & The Lake District,28/05/2021,01/06/2021,,,Unknown,Unknown,Unknown,0,10,Super Income Maximisation,,No,1,1,1,0,1,0,0,0,1,0,0,0,0,0,0,1,0,1,1,0,1,1,1,0,0,1,0,0,1,1,0,0,0,0,0,0,1,0,1,0,1,1,0,1,1,0,0,0,0,1,criteria met,loads of walks accessible without having to use the car.,it was easy to walk into Keswick.,,,
1085926,Best for Walking,2,10,10,10,5,0.4,8.849806235,9.309883741,09:29.2,16,167546,49:22.0,SykesPropertyID,SykesPark:0,SykesParkID,205554,389,377910,1,1,2,3,Friday,53.4200412,-4.3709869,,HP - Wales Anglesey Coastal,Ser a Mor (Stars and Sea),Current,House,4,Ticks 1 to 5,6,4,1,0,394500,242500,"Bull Bay/Porthllechog, Isle of Anglesey",Other settlement,Isle of Anglesey,Wales,Bull Bay/Porthllechog,North Wales,01/10/2021,22/10/2021,,,Unknown,Unknown,Unknown,0,18,Full Income Maximisation,,No,1,1,1,0,1,0,0,0,1,1,0,0,0,0,0,0,1,0,1,0,0,1,0,0,0,1,0,0,0,1,0,0,0,0,0,0,1,0,1,0,1,0,0,1,0,0,0,0,0,1,criteria met,walking along the coastal path each morning,Gorgeous walks from the door.,,,
3756,Best for Walking,2,10,10,10,16,0.125,8.849806235,9.309883741,09:29.2,17,55987,06:02.0,SykesPropertyID,SykesPark:0,SykesParkID,5783,1,61073,1,2,3,5,Saturday,50.3203844,-4.820201,,Cornwall,Chapel Green,Current,House,4,Ticks 1 to 5,10,4,0,0,50500,199500,"Polgooth, Cornwall",Other settlement,Cornwall,England,Polgooth,Cornwall,30/12/2009,01/05/2010,,,Unknown,Unknown,Unknown,0,17,Super Income Maximisation,,No Option Assigned,1,1,0,1,1,1,0,0,1,0,1,0,1,0,1,1,1,0,0,0,0,0,1,1,0,0,0,0,0,0,0,0,1,0,0,1,0,1,1,0,1,1,0,1,0,0,0,0,0,,review evidence only - manual review recommended,fantastic walks with amazing views to dodmans point and Gribbin head,Somewhere to relax after a day out,,,
958590,Best for Walking,2,10,10,10,5,0.4,8.849806235,9.309883741,09:29.2,18,93011,05:37.0,SykesPropertyID,SykesPark:0,SykesParkID,85631,1,140834,1,1,1,3,Saturday,50.5379468,-4.9969876,,HP Cornwall Coast,Rockpool,Current,Terraced,3,Ticks 1 to 5,6,3,1,0,75500,187500,"Harlyn, Cornwall",Other settlement,Cornwall,England,Harlyn,Cornwall,02/10/2017,28/10/2017,,,Unknown,Unknown,Unknown,0,20,Partial Plus Income Maximisation,,No Option Assigned,1,1,1,0,1,0,0,0,1,0,0,0,0,0,0,1,1,0,1,0,1,1,0,0,0,1,0,0,0,1,0,0,1,0,0,1,1,1,1,0,0,1,0,0,0,0,0,0,0,1,criteria met,coastal path walks,Ideal location and perfect base for coastal path walks.,,,
1122253,Best for Walking,2,10,10,10,10,0.2,8.849806235,9.309883741,09:29.2,19,,,,,,,,,,,,,,,,,,,,,,,,,,,,,,,,,,,,,,,,,,,,,,,,,,,,,,,,,,,,,,,,,,,,,,,,,,,,,,,,,,,,,,,,,,,,,,,,,no property data - manual review recommended,We visited most of the beaches on the coastline for great walks,Great place right next to a lovely forest dog walk.,,,
1123570,Best for Walking,2,10,10,10,18,0.111111111,8.849806235,9.309883741,09:29.2,20,214599,25:30.0,SykesPropertyID,SykesPark:0,SykesParkID,241949,1,230185,1,2,1,1,Saturday,52.516852,-2.9490958,,Shropshire & Telford,Stable Cottage,Current,Cottage,4,Ticks 1 to 5,2,4,0,0,292500,335500,"Linley, Shropshire",Other settlement,Shropshire,England,Linley,Heart of England,27/01/2023,01/02/2023,,,Unknown,Unknown,Unknown,0,15,Super Income Maximisation,,No,1,0,1,0,1,1,0,1,1,0,0,0,0,0,0,1,0,1,0,0,0,1,0,0,0,1,0,0,0,1,0,0,1,0,0,0,0,1,1,0,1,0,0,1,0,0,1,0,0,1,criteria met,found some great walks,Easy access to the surrounding areas for great walks.,,,
1008704,Best for Walking,2,10,10,10,8,0.25,8.849806235,9.309883741,09:29.2,21,,,,,,,,,,,,,,,,,,,,,,,,,,,,,,,,,,,,,,,,,,,,,,,,,,,,,,,,,,,,,,,,,,,,,,,,,,,,,,,,,,,,,,,,,,,,,,,,,no property data - manual review recommended,lovely walks on the doorstep,We loved our walks observing the bird life just 5 minutes from the cottage.,,,
1097476,Best for Walking,2,10,10,10,13,0.153846154,8.849806235,9.309883741,09:29.2,22,182972,13:07.0,SykesPropertyID,SykesPark:0,SykesParkID,216887,1,416603,1,2,7,9,Friday,52.0832718,-4.6810787,,HP - Wales Mid Wales Coast,Teifi Villa,Current,House detached,4,Ticks 1 to 5,18,4,1,0,246500,216500,"Albro Castle, Ceredigion",Other settlement,Ceredigion,Wales,Albro Castle,Mid Wales,09/05/2023,26/05/2023,,,Unknown,Unknown,Unknown,0,15,Super Income Maximisation,,Yes,1,1,1,1,1,1,0,0,1,0,0,0,0,0,0,1,1,0,1,0,0,1,1,1,0,1,0,0,0,1,0,0,1,0,1,1,1,1,1,0,1,1,0,1,0,0,0,0,0,1,criteria met,great location for stunning walks,"Excellent quiet location with short walks along green paths to pubs, shop, children’s play area and priory",,,
1127739,Best for Walking,2,10,10,10,7,0.285714286,8.849806235,9.309883741,09:29.2,23,222845,45:41.0,SykesPropertyID,SykesPark:0,SykesParkID,246428,1,257585,1,1,1,1,Friday,51.9329975,-3.7622763,,Mid Wales,Wild Acre,Current,Hut/Pod/Yurt,4,Ticks 1 to 5,2,4,0,0,226500,277500,"Talsarn, Carmarthenshire",Other settlement,Carmarthenshire,Wales,Talsarn,South Wales,13/03/2023,13/03/2023,,,Unknown,Unknown,Unknown,0,18,Super Income Maximisation,,No,1,0,1,0,1,1,0,0,1,0,0,0,0,0,0,0,0,1,1,0,1,0,0,0,0,1,0,0,0,1,0,0,1,0,0,1,1,1,1,0,0,0,0,1,0,0,0,0,0,1,criteria met,walks in every direction,nice walks in every direction,,,
947385,Best for Walking,2,10,10,10,10,0.2,8.849806235,9.309883741,09:29.2,24,86316,43:39.0,SykesPropertyID,SykesPark:0,SykesParkID,78021,1,69336,1,2,5,7,Friday,52.475784,-2.774464,,Shropshire & Telford,The Old Farmhouse,Current,Detached,5,Ticks 1 to 5,14,5,0,0,286500,347500,"Westhope, Shropshire",Other settlement,Shropshire,England,Westhope,Heart of England,05/07/2017,07/07/2017,,,Unknown,Unknown,Unknown,0,15,Full Income Maximisation,,No Option Assigned,1,1,0,1,1,1,0,0,1,1,1,0,1,1,0,1,0,0,0,0,0,0,0,0,0,1,0,0,0,1,0,0,1,0,1,1,0,0,1,0,0,1,0,1,0,0,0,0,0,1,criteria met,lovely walks at your doorstep,after a day's walking in the beautiful Shropshire hills,,,
1122188,Best for Walking,2,10,10,10,9,0.222222222,8.849806235,9.309883741,09:29.2,25,217891,18:18.0,SykesPropertyID,SykesPark:0,SykesParkID,243042,438,505829,1,1,1,2,Saturday,55.49609435,-1.633859966,,HP Northumberland,Longstone,Current,Barn conversion,4,Ticks 1 to 5,4,4,1,0,622500,423500,"Embleton, Northumberland",Other settlement,Northumberland,England,Embleton,Northumberland,07/01/2008,07/01/2008,,,Unknown,Unknown,Unknown,0,15,Fixed Prices,,No,1,0,0,0,0,0,0,0,1,0,0,0,0,0,0,0,1,0,0,0,0,0,1,0,0,0,0,0,0,0,0,0,1,0,0,1,0,0,1,0,0,1,0,0,0,0,0,0,0,,review evidence only - manual review recommended,We enjoyed the walk down to the beach across the golf course.,It is possible to walk miles safely,,,
1161381,Best for Walking,2,10,10,10,11,0.181818182,8.849806235,9.309883741,09:29.2,26,290883,53:06.0,SykesPropertyID,SykesPark:0,SykesParkID,278368,1,622026,1,2,1,1,Friday,52.0993586,-4.1843485,,Mid Wales,The Old Workshop,Current,Cottage,4,Ticks 1 to 5,3,4,0,0,245500,250500,"Dre-fach, Ceredigion",Other settlement,Ceredigion,Wales,Dre-fach,Mid Wales,05/09/2024,05/09/2024,,,Unknown,Unknown,Unknown,0,20,Super Income Maximisation,,No,1,1,0,0,1,0,0,0,1,0,0,0,0,0,0,0,0,0,0,0,0,0,0,0,0,0,0,0,0,0,0,0,1,0,0,0,1,1,1,0,0,0,0,1,0,0,0,0,0,,review evidence only - manual review recommended,We had some lovely walks around the farm.,There is also 180 acres to walk around if you wish to do so.,,,
1144371,Best for Walking,2,10,10,10,22,0.090909091,8.849806235,9.309883741,09:29.2,27,267338,22:15.0,SykesPropertyID,SykesPark:0,SykesParkID,262593,400,571032,1,1,1,1,Friday,51.6762151,-4.9047537,,HP - Wales Pembrokeshire Coast,Garden View,Current,Annex,3,Ticks 1 to 5,2,3,1,0,201500,198500,"Pembroke/Penfro, Pembrokeshire",Town,Pembrokeshire,Wales,Pembroke/Penfro,South Wales,20/02/2024,09/03/2024,,,Unknown,Unknown,Unknown,0,18,Super Income Maximisation,,No,1,1,1,0,1,0,0,0,1,1,0,0,0,0,0,1,1,0,1,0,0,1,1,1,0,1,1,1,0,1,0,0,1,0,1,1,0,1,1,0,0,0,0,1,0,0,1,0,0,1,criteria met,the perfect weather for walking,Lovely walk into Pembroke,,,
1035156,Best for Walking,2,10,10,10,12,0.166666667,8.849806235,9.309883741,09:29.2,28,131450,52:19.0,SykesPropertyID,SykesPark:0,SykesParkID,155747,1,243419,1,2,1,1,Saturday,53.2688649,-4.2755486,,Anglesey,3 Mountain View,Current,Cottage,5,Ticks 1 to 5,2,5,0,0,377500,249500,"Talwrn, Isle of Anglesey",Other settlement,Isle of Anglesey,Wales,Talwrn,North Wales,26/01/2023,26/01/2023,,,Unknown,Unknown,Unknown,0,15,Super Income Maximisation,18/10/2022,No,1,0,1,0,1,0,0,0,1,1,0,0,0,0,0,1,1,1,1,0,0,1,0,0,0,1,0,0,0,1,0,0,0,0,0,0,1,0,1,0,1,0,0,1,0,0,1,0,0,1,criteria met,we can tick off the rest of the walks and places on our list,plenty of dog friendly walks & places to see,,,
1022481,Best for Walking,2,10,10,10,10,0.2,8.849806235,9.309883741,09:29.2,29,124188,24:59.0,SykesPropertyID,SykesPark:0,SykesParkID,143957,1,230900,1,2,5,8,Friday,53.3129725,-3.3379734,,North Wales,Arosfa,Current,House detached,5,Ticks 1 to 5,16,5,0,0,380500,310500,"Axton, Flintshire",Other settlement,Flintshire,Wales,Axton,North Wales,25/10/2019,04/01/2020,,,Unknown,Unknown,Unknown,0,20,Super Income Maximisation,,No,1,1,1,1,1,1,0,0,1,1,0,0,0,0,0,1,1,0,0,0,0,0,0,0,0,1,0,0,0,1,0,0,1,0,0,1,1,1,1,0,0,1,0,0,0,1,0,0,0,1,criteria met,waterfall walks & good routes for running/cycling,Some lovely walks with beautiful views in the immediate locality.,,,
906446,Best for Walking,2,10,10,10,20,0.1,8.849806235,9.309883741,09:29.2,30,49749,05:59.0,SykesPropertyID,SykesPark:0,SykesParkID,26901,1,86285,1,2,2,3,Saturday,51.0073192,-3.7680506,,Devon,Elworthy Lodge,Current,Detached,4,Ticks 1 to 5,6,4,0,0,125500,275500,"Garliford, Devon",Other settlement,Devon,England,Garliford,Devon,07/04/2014,07/04/2014,,,Unknown,Unknown,Unknown,0,18,Full Income Maximisation,,No Option Assigned,0,1,1,0,1,0,0,1,1,0,0,0,0,0,0,0,0,0,0,1,0,0,0,0,0,0,0,0,0,0,0,0,1,0,0,0,0,1,1,0,0,1,1,0,0,0,0,0,0,,review evidence only - manual review recommended,there was a beautiful forest nearby for on the doorstep dog walking,Secure large garden and wooded walks around the lodge.,,,
1095328,Best for Walking,2,10,10,10,9,0.222222222,8.849806235,9.309883741,09:29.2,31,180567,57:43.0,SykesPropertyID,SykesPark:0,SykesParkID,214758,1,409343,1,2,3,3,Friday,52.2545168,-0.0711869,,Central England,Fern Cottage,Current,Cottage,4,Ticks 1 to 5,6,4,0,0,263500,531500,"Elsworth, Cambridgeshire",Other settlement,Cambridgeshire,England,Elsworth,East Anglia,25/05/2022,03/06/2022,,,Unknown,Unknown,Unknown,0,16,Super Income Maximisation,,No,1,1,1,0,1,0,0,0,1,1,0,0,0,0,0,1,0,1,0,0,0,1,1,1,0,1,0,0,0,1,0,0,1,0,0,1,0,1,1,0,1,1,0,0,0,0,0,0,0,1,criteria met,There are lots of lovely walks from the door,Plenty of local walks for the dogs from the doorstep,,,
1114357,Best for Walking,2,10,10,10,5,0.4,8.849806235,9.309883741,09:29.2,32,,,,,,,,,,,,,,,,,,,,,,,,,,,,,,,,,,,,,,,,,,,,,,,,,,,,,,,,,,,,,,,,,,,,,,,,,,,,,,,,,,,,,,,,,,,,,,,,,no property data - manual review recommended,the boot room was so well equipped,close to walking track and mountain bike track,,,
1005401,Best for Walking,8,9.125,10,10,23,0.347826087,8.844315268,9.306589161,09:29.2,33,120251,58:09.0,SykesPropertyID,SykesPark:0,SykesParkID,125642,1,190551,1,2,1,1,Friday,53.088037,-1.4290714,,Peak District & Derbyshire,Woodland Lodge,Current,Barn conversion,5,Ticks 1 to 5,2,5,0,0,354500,438500,"Oakerthorpe, Derbyshire",Other settlement,Derbyshire,England,Oakerthorpe,Peak District,19/07/2019,19/10/2019,,,Unknown,Unknown,Unknown,0,18,Super Income Maximisation,,No,1,0,1,0,1,1,0,0,1,1,0,0,0,0,0,1,0,1,0,0,1,0,0,0,0,1,0,0,1,1,0,0,1,0,0,1,1,1,1,0,1,1,0,1,0,0,0,0,1,1,criteria met,watching the sunset and relaxing after our walks,lovely woodland walks that belong to the owners that are for your use,It was the perfect base for some great walks.,There are woodland and meadow walks right from the doorstep.,Great walks right from the door.
1096469,Best for Walking,10,9.2,10,9.8,22,0.454545455,8.909883741,9.305930245,09:29.2,34,181998,36:10.0,SykesPropertyID,SykesPark:0,SykesParkID,215865,1,412780,1,2,1,2,Friday,53.8101504,-1.9568571,,West & South Yorkshire,Penistone View,Current,Cottage,4,Ticks 1 to 5,4,4,0,0,434500,402500,"Upper Town, Bradford",Other settlement,Bradford,England,Upper Town,Yorkshire Dales,01/04/2022,08/04/2022,,,Unknown,Unknown,Unknown,0,18,Super Income Maximisation,,No,1,1,1,0,1,0,0,0,0,1,0,0,0,0,0,0,0,1,0,0,0,0,1,1,0,1,0,0,0,1,0,0,1,0,0,0,0,1,1,0,1,0,0,1,0,0,0,0,0,1,criteria met,there are some lovely walks (and pubs!) in the area.,plenty of information on the fantastic walks (there are so many),"lots of nice walks , found a lovely walk along the railway/river into Haworth",excellent position for lovely walks,A real bonus is the multiple walks straight from the door.
1125832,Best for Walking,6,9.166666667,10,10,22,0.272727273,8.824854676,9.294912806,09:29.2,35,220766,17:59.0,SykesPropertyID,SykesPark:0,SykesParkID,244499,1,59870,1,3,1,2,Friday,55.1875419,-1.9059415,,Northumberland,The Byre,Current,Cottage,5,Ticks 1 to 5,4,5,0,0,588500,407500,"Longwitton, Northumberland",Other settlement,Northumberland,England,Longwitton,Northumberland,02/03/2023,02/03/2023,,,Unknown,Unknown,Unknown,0,17,Super Income Maximisation,,No,1,1,1,0,1,0,0,1,1,1,0,0,0,0,0,1,0,1,0,1,0,1,0,0,0,1,0,0,0,1,0,0,1,0,1,1,1,1,1,0,1,1,0,1,0,0,0,0,0,1,criteria met,plentiful walks,gorgeous walks straight from the house morning & evening.,easy walking right from the doorstep,great walks just outside,"We wanted to explore as much as we could as it was all new and found the location great for this, highly recommend a walk up Simonside hills, visiting Holy island, Alnwick, Kielder forest and Hareshaw Linn waterfall."
988094,Best for Walking,6,9.166666667,10,10,15,0.4,8.824854676,9.294912806,09:29.2,36,124381,49:17.0,SykesPropertyID,SykesPark:0,SykesParkID,106894,1,186907,1,2,1,1,Friday,52.5816359,-3.015714,,Shropshire & Telford,Stiperstones Pod,Current,Hut/Pod/Yurt,4,Ticks 1 to 5,2,4,0,0,298500,331500,"White Grit, Powys",Other settlement,Powys,Wales,White Grit,Mid Wales,01/11/2019,01/11/2019,,,Unknown,Unknown,Unknown,0,17,Super Income Maximisation,,No Option Assigned,1,0,1,0,1,1,0,0,1,0,0,0,0,0,0,0,0,0,1,1,0,1,0,0,0,1,0,0,0,1,0,0,1,0,1,1,1,1,1,0,1,0,0,1,0,0,1,0,1,1,criteria met,The place has many walks of your door step too.,"Great location, particularly if you enjoy walking and observing wildlife",We had lovely walks right from the pod,Walks from the door.,Fabulous walks and food all very close to a stunning base.
1062267,Best for Walking,5,9.2,10,10,21,0.238095238,8.813178321,9.287906993,09:29.2,37,,,,,,,,,,,,,,,,,,,,,,,,,,,,,,,,,,,,,,,,,,,,,,,,,,,,,,,,,,,,,,,,,,,,,,,,,,,,,,,,,,,,,,,,,,,,,,,,,no property data - manual review recommended,we were already familiar with the walks. We loved being back on the forest tracks and walked miles everyday,Secluded with woodland dog walks from the door.,"Enjoyed some lovely walking through Newtondale, Cropton Forest & on Wheeldale Moor.",Amazing walks right out the door.,lovely walks and places to visit
1035539,Best for Walking,5,9.4,10,9.8,9,0.555555556,8.879844988,9.287906993,09:29.2,38,125384,20:31.0,SykesPropertyID,SykesPark:0,SykesParkID,157027,400,245986,1,1,1,1,Saturday,52.0105906,-4.8487026,,HP - Wales Pembrokeshire Coast,Blaenpant Bach,Current,House semi-detached,4,Ticks 1 to 5,2,4,1,0,239500,204500,"Parrog, Pembrokeshire",Other settlement,Pembrokeshire,Wales,Parrog,South Wales,19/04/2012,19/04/2012,,,Unknown,Unknown,Unknown,0,20,Super Income Maximisation,,No,1,0,1,0,1,0,0,0,1,0,0,0,0,0,0,1,1,1,1,0,0,0,0,0,0,1,0,0,0,1,0,0,0,0,0,0,0,0,1,0,1,0,0,0,0,0,1,0,0,1,criteria met,enjoyed beautiful walks that are well sign posted,"A 20 minute walk takes you into Newport town, or onto the coast path.",perfect for walking into town and Parrog and also for walking on the hill up the lane which overlooks Newport Bay.,ideal bolt hole for walking with the dog as easy access to both mountain & coastal walks,"Walks, Pubs, eateries, sea, all within strolling distance."
1141446,Best for Walking,4,9.25,10,10,16,0.25,8.799833916,9.279900349,09:29.2,39,238608,11:05.0,SykesPropertyID,SykesPark:0,SykesParkID,259822,402,518516,1,3,1,1,Friday,54.366656,-2.913934,,HP Lake District,The Wonky Burrow,Current,Apartment,4,Ticks 1 to 5,2,4,1,0,496500,340500,"Bowness-On-Windermere, Cumbria",Town,Cumbria,England,Bowness-On-Windermere,Cumbria & The Lake District,20/02/2024,23/02/2024,,,Unknown,Unknown,Unknown,0,15,Super Income Maximisation,,No,1,0,1,0,1,0,0,0,0,0,0,0,0,0,0,0,0,0,1,0,1,1,1,1,0,1,1,0,1,0,0,0,1,0,0,1,1,1,1,0,1,0,0,1,0,1,0,0,0,,review evidence only - manual review recommended,"It is within easy walking distance to the water front, shops, pubs and restaurants","there’s so much to do in the area, from taking a water cruise across to Ambleside to walking up to Brant Fell, where you get breathtaking panoramic views over Lake Windermere, just a short stroll away!",the location is ideal for walking at Windermere,ideal for peaceful walks,
28653,Best for Walking,4,9.25,10,10,19,0.210526316,8.799833916,9.279900349,09:29.2,40,55101,44:39.0,SykesPropertyID,SykesPark:0,SykesParkID,23045,1,84919,1,2,2,2,Saturday,51.3482728,1.1920149,,South East,Brew Cottage,Current,Detached,3,Ticks 1 to 5,5,3,0,0,165500,622500,"Boyden Gate, Kent",Other settlement,Kent,England,Boyden Gate,South Coast,10/09/2013,21/09/2013,,,Unknown,Unknown,Unknown,0,20,Full Income Maximisation,,No Option Assigned,0,0,1,0,1,0,0,0,0,1,0,0,0,0,0,1,1,1,0,0,0,1,0,0,0,0,0,0,1,0,0,0,1,0,1,1,0,1,1,0,1,1,0,0,0,0,0,0,0,,review evidence only - manual review recommended,walks straight from the door into the countryside,Walks straight from the door.,Walks straight from the door.,There are also excellent walks in the apple orchards directly from the cottage.,
1110784,Best for Walking,4,9.25,10,10,8,0.5,8.799833916,9.279900349,09:29.2,41,202346,55:54.0,SykesPropertyID,SykesPark:0,SykesParkID,231748,1,464290,1,2,1,2,Saturday,57.708348,-3.434605,,HP Lowlands North Coast,The Lookout,Current,House detached,4,Ticks 1 to 5,4,4,1,0,869500,314500,"Hopeman, Moray",Other settlement,Moray,Scotland,Hopeman,Highlands and Islands,16/02/2018,16/02/2018,,,Unknown,Unknown,Unknown,0,15,Super Income Maximisation,,No,1,1,1,0,1,0,0,0,0,1,0,0,0,0,0,1,0,1,0,1,0,0,1,0,0,0,0,0,0,1,0,0,1,0,0,1,0,0,1,0,0,1,0,0,0,0,0,0,0,1,criteria met,excellent daily walks for the dogs right outside the property and fabulous longer walks also,easy access to the Moray costal path,"Loved the nearby walks, coastal trail",Hopeman has lots of great walks,
1118140,Best for Walking,4,9.25,10,10,20,0.2,8.799833916,9.279900349,09:29.2,42,208396,51:00.0,SykesPropertyID,SykesPark:0,SykesParkID,236352,400,492634,1,2,2,2,Friday,52.0068547,-4.8502508,,HP - Wales Pembrokeshire Coast,Ceunant,Current,House detached,4,Ticks 1 to 5,4,4,1,0,239500,204500,"Parrog, Pembrokeshire",Other settlement,Pembrokeshire,Wales,Parrog,South Wales,18/12/2024,04/04/2025,,,Unknown,Unknown,Unknown,0,20,Super Income Maximisation,,Yes,1,1,1,0,1,0,0,0,1,1,0,0,0,0,0,1,1,1,1,1,1,1,0,0,0,1,0,1,1,1,0,0,1,0,0,1,0,1,1,0,1,1,0,1,0,0,0,0,0,1,criteria met,there are walks on Carn Ingli almost on the doorstep,numerous footpaths on Carn Ingli within easy walking distance from the cottage,who enjoys hiking the Pembrokeshire Coast Path,it’s in prime location for walks up the mountain or down to the coast,
1043016,Best for Walking,4,9.25,10,10,12,0.333333333,8.799833916,9.279900349,09:29.2,43,137452,22:16.0,SykesPropertyID,SykesPark:0,SykesParkID,163171,402,256817,1,1,1,2,Friday,54.5103,-2.916112,,HP Lake District,Thomas Cottage,Current,Unknown,4,Ticks 1 to 5,4,4,1,0,513500,340500,"Hartsop, Cumbria",Other settlement,Cumbria,England,Hartsop,Cumbria & The Lake District,12/06/2019,12/06/2019,,,Unknown,Unknown,Unknown,0,20,Super Income Maximisation,,No,1,1,0,0,0,0,0,0,1,1,0,0,0,0,0,0,0,1,0,0,0,0,0,0,0,0,0,0,0,0,0,0,0,0,0,1,0,0,1,0,0,1,1,0,0,0,0,0,0,,review evidence only - manual review recommended,Hill and lakeside walks from the door.,wonderful easy access eastern fells walks,we had many fell walks from the door,easy access to delightful fell and lakeside walking with a full range of challenges,
1041276,Best for Walking,4,9.25,10,10,15,0.266666667,8.799833916,9.279900349,09:29.2,44,136892,52:44.0,SykesPropertyID,SykesPark:0,SykesParkID,161598,402,255583,1,2,1,2,Friday,54.419803,-2.912231,,HP Lake District,Pennys Cottage,Current,Cottage,4,Ticks 1 to 5,4,4,1,0,502500,340500,"Town End, Cumbria",Other settlement,Cumbria,England,Town End,Cumbria & The Lake District,26/07/2019,26/07/2019,,,Unknown,Unknown,Unknown,0,15,Super Income Maximisation,,Yes,1,1,1,0,1,0,0,0,0,1,0,0,0,0,0,1,0,1,1,0,1,0,1,0,0,1,0,0,0,1,0,0,1,0,0,0,1,0,1,0,0,0,0,0,0,0,1,0,0,1,criteria met,with walks from the property,so well placed for stunning walks from the door,The location is perfect for heading straight out on walks,Ideal for walking the dog straight from the cottage.,
1113606,Best for Walking,4,9.25,10,10,21,0.190476191,8.799833916,9.279900349,09:29.2,45,204002,43:16.0,SykesPropertyID,SykesPark:0,SykesParkID,232650,1,473693,1,1,2,3,Friday,54.1863491,-2.9161776,,Cumbria West of M6,Rolo's Retreat,Current,House detached,4,Ticks 1 to 5,5,4,0,0,477500,340500,"Grange-Over-Sands, Cumbria",Town,Cumbria,England,Grange-Over-Sands,Cumbria & The Lake District,14/12/2022,01/04/2023,,,Unknown,Unknown,Unknown,0,17,Partial Plus Income Maximisation,,No,1,0,0,0,1,0,0,0,0,0,0,0,0,0,0,1,1,0,1,0,0,1,0,0,0,1,0,1,0,1,0,0,1,0,0,1,0,1,1,0,0,1,0,1,0,0,0,0,0,1,criteria met,"there is a super playing field behind the property which also leads down to a lovely promenade, it quickly became a favourite walk",Lovely walks from the doorstep,we enjoyed the walk along the promenade into the town,Fabulous scenery and walks.,
983582,Best for Walking,4,9.25,10,10,20,0.2,8.799833916,9.279900349,09:29.2,46,126458,09:52.0,SykesPropertyID,SykesPark:0,SykesParkID,123314,1,181462,1,2,2,3,Friday,53.3030528,-4.6129099,,HP - Wales Anglesey Coastal,Pentowyn,Current,Cottage,5,Ticks 1 to 5,4,5,1,0,382500,225500,"M�rawelon, Isle of Anglesey",Other settlement,Isle of Anglesey,Wales,M�rawelon,North Wales,02/01/2020,03/01/2020,,,Unknown,Unknown,Unknown,0,18,Full Income Maximisation,,Yes,1,1,1,0,1,0,0,0,0,1,0,0,0,0,0,1,1,0,0,0,0,0,1,0,0,1,0,0,0,1,0,0,1,0,1,1,0,1,1,0,0,0,0,1,0,0,0,0,0,1,criteria met,coastal walks on your doorstep,"The location is perfect, with the beach right on your doorstep for lovely walks.",We walked there twice every day,the beach and the walks,
1011142,Best for Walking,4,9.25,10,10,7,0.571428571,8.799833916,9.279900349,09:29.2,47,120712,09:45.0,SykesPropertyID,SykesPark:0,SykesParkID,133122,1,216058,1,1,1,1,Friday,55.8249168,-2.4243244,,Scottish Lowlands,Kidcleugh Hide,Current,Annex,5,Ticks 1 to 5,2,5,0,0,662500,376500,"Abbey St Bathans, Scottish Borders",Other settlement,Scottish Borders,Scotland,Abbey St Bathans,Southern Scotland,29/07/2019,02/08/2019,,,Unknown,Unknown,Unknown,0,20,Partial Income Maximisation,18/01/2021,No,1,0,1,0,1,0,0,0,1,1,0,0,0,0,0,0,0,1,1,1,0,0,0,0,0,1,0,0,0,1,0,0,1,0,0,0,0,0,1,0,0,0,0,0,0,0,1,0,1,1,criteria met,perfect base for visiting lots of areas and for great walks,handy for lots of great walks,gorgeous walks right on your doorstep,Great track / path that runs for miles gives fantastic walking right from the front door,
1004610,Best for Walking,4,9.25,10,10,13,0.307692308,8.799833916,9.279900349,09:29.2,48,148646,23:00.0,SykesPropertyID,SykesPark:0,SykesParkID,124959,1,205842,1,2,1,2,Friday,54.984833,-3.3476769,,Scottish Lowlands,7 Cummertrees,Current,Cottage,4,Ticks 1 to 5,4,4,0,0,566500,314500,"Cummertrees, Dumfries and Galloway",Other settlement,Dumfries and Galloway,Scotland,Cummertrees,Southern Scotland,07/04/2021,28/05/2021,,,Unknown,Unknown,Unknown,0,20,Super Income Maximisation,,No,1,1,0,0,1,0,0,0,0,0,0,0,0,0,0,1,1,1,0,0,0,0,0,0,0,1,0,0,0,1,0,0,0,0,0,0,1,0,1,0,0,1,0,1,0,0,0,0,0,1,criteria met,lovely walks near by,There is a great dog walk by the cottage too so very handy for the early morning walk.,"I was able to walk our energetic dog on superb walks every day and we loved walking the circular route down through the woods, along the shore and back up to the village",lovely walks near by always very relaxing break,
1135822,Best for Walking,10,9.1,10,9.8,22,0.454545455,8.859883741,9.275930245,09:29.2,49,232041,52:10.0,SykesPropertyID,SykesPark:0,SykesParkID,254263,1,543394,1,2,2,2,Friday,54.39099383,-3.280451362,,Cumbria West of M6,Dalegarth Hall Farm Cottage 2,Current,Cottage,4,Ticks 1 to 5,4,4,0,0,501500,317500,"Boot, Cumbria",Other settlement,Cumbria,England,Boot,Cumbria & The Lake District,19/04/2024,19/04/2024,,,Unknown,Unknown,Unknown,0,15,Super Income Maximisation,,No,1,1,0,0,1,0,0,0,1,0,0,0,0,0,0,1,1,1,1,0,1,1,0,0,0,1,1,1,1,1,0,0,1,0,1,1,0,1,1,0,0,1,0,1,0,0,0,0,0,1,criteria met,walks from the end of the drive,there are many beautiful walks just on the doorstep,the cottage is ideally placed for walking. There is a plethora of walks that you can do without driving anywhere.,so many beautiful walks and places to explore,plenty of footpaths and walks from the doorstep
930173,Best for Walking,8,9,10,10,18,0.444444444,8.788759712,9.273255827,09:29.2,50,62860,02:07.0,SykesPropertyID,SykesPark:0,SykesParkID,48984,1,110741,1,1,3,3,Friday,55.1411433,-3.6607753,,Scottish Lowlands,The Mews Flat,Current,Flat,4,Ticks 1 to 5,6,4,0,0,585500,293500,"Dalswinton, Dumfries and Galloway",Other settlement,Dumfries and Galloway,Scotland,Dalswinton,Southern Scotland,06/05/2016,06/05/2016,,,Unknown,Unknown,Unknown,0,20,Full Income Maximisation,,No Option Assigned,1,1,0,0,0,0,0,1,1,0,0,0,0,0,0,1,0,1,1,1,0,0,0,0,0,0,1,0,1,1,0,0,1,0,1,1,0,1,1,0,0,1,1,0,0,0,0,0,0,1,criteria met,tackle drying room,once we saw the estate we walked for hours,lots of walking routes,great walks around lakes,going for a walk with the family after our evening meal and exploring the lakes and woods
1163125,Best for Walking,4,9.5,10,9.75,9,0.444444444,8.871262487,9.272757492,09:29.2,51,292966,18:43.0,SykesPropertyID,SykesPark:0,SykesParkID,280011,343,628593,1,1,1,2,Saturday,50.2154754,-3.711224,,HP Devon South Coast,Vine Cottage,Current,Cottage,4,Ticks 1 to 5,4,4,1,0,36500,278500,"East Prawle, Devon",Other settlement,Devon,England,East Prawle,Devon,08/10/2024,21/11/2024,,,Unknown,Unknown,Unknown,0,18,Super Income Maximisation,,No,1,1,1,0,1,0,0,0,1,0,0,0,0,0,0,1,1,0,0,0,0,1,1,1,0,0,0,0,0,1,0,0,1,0,0,1,0,1,1,0,0,1,0,1,0,0,0,0,0,1,criteria met,lots of lovely walks around the village.,We walked along the coastal paths to Salcombe and to Start Point,coastal walks,Great walks along the coast from the door.,
1001895,Best for Walking,7,9.142857143,10,9.857142857,9,0.777777778,8.835157342,9.272522977,09:29.2,52,112632,07:24.0,SykesPropertyID,SykesPark:0,SykesParkID,99235,1,202363,1,1,2,3,Friday,53.2739998,-3.8844227,,North Wales,Bwthyn Carregwen,Current,Cottage,4,Ticks 1 to 5,6,4,0,0,376500,274500,"Capelulo, Conwy",Other settlement,Conwy,Wales,Capelulo,North Wales,25/02/2019,25/02/2019,,,Unknown,Unknown,Unknown,0,20,Super Income Maximisation,,No,1,0,1,0,1,0,0,0,1,1,0,0,0,0,0,1,1,1,0,0,1,0,1,0,0,1,0,0,1,1,0,0,1,0,0,1,1,1,1,0,0,1,0,0,0,0,0,0,1,1,criteria met,Plenty walks from cottage,walks or running out the door,the location actually has some amazing walks start right outside the property,ideal for walking and exploring the local area,easy walking from the house to Sychnant Pass
1189482,Best for Walking,4,9.2,10,10,5,0.8,8.785548201,9.271328921,09:29.2,53,321521,41:19.0,SykesPropertyID,SykesPark:0,SykesParkID,300057,382,618962,1,2,1,2,Friday,50.7035722,-2.7275184,,HP Dorset Coast,Vine Cottage,Current,Cottage,4,Ticks 1 to 5,4,4,1,0,89500,348500,"Southover, Dorset",Other settlement,Dorset,England,Southover,Dorset,27/09/2025,03/10/2025,,,Unknown,Unknown,Unknown,0,18,Super Income Maximisation,,No,1,1,1,0,1,0,0,0,1,0,0,0,0,0,0,0,1,0,1,0,0,1,1,1,0,1,0,0,0,1,0,0,1,0,0,0,0,1,1,0,0,1,0,1,0,0,0,0,0,1,criteria met,within walking distance of the coast,the owners live next door and were really helpful with recommendations on walks with our dog,The walks along the coast and coastal path are amazing,Loads of lovely walks just outside the door,Dog walks from the front door were amazing
1059655,Best for Walking,3,9.333333333,10,10,24,0.125,8.784436525,9.270661915,09:29.2,54,265270,03:21.0,SykesPropertyID,SykesPark:0,SykesParkID,179836,1,300112,1,2,1,2,Saturday,53.1037116,-4.2164725,,North Wales,Hen Gapel,Current,Wing,4,Ticks 1 to 5,4,4,0,0,359500,252500,"Croesywaun, Gwynedd",Other settlement,Gwynedd,Wales,Croesywaun,North Wales,28/09/2023,14/10/2023,,,Unknown,Unknown,Unknown,0,20,Super Income Maximisation,,No,1,1,1,0,1,0,0,0,1,0,0,0,0,0,0,1,0,1,1,0,0,1,0,0,0,1,0,0,0,1,0,0,1,0,0,1,0,1,1,0,0,1,0,1,0,0,0,0,0,1,criteria met,the super scenic walks from the door,We went out walking every day,We took the bus twice to walk start points Cwellyn Arms and Snowdon Mountain Ranger Youth Hostel to walk back to the property,,
1027477,Best for Walking,3,9.333333333,10,10,24,0.125,8.784436525,9.270661915,09:29.2,55,163136,29:49.0,SykesPropertyID,SykesPark:0,SykesParkID,148058,1,236852,1,2,1,1,Friday,54.5623174,-1.7807693,,The North East,Badgers Sett,Current,Lodge,5,Ticks 1 to 5,2,5,0,0,516500,413500,"Winston, Durham",Other settlement,Durham,England,Winston,Yorkshire Dales,01/10/2021,10/12/2021,,,Unknown,Unknown,Unknown,0,18,Super Income Maximisation,,No,1,0,0,0,1,1,0,1,1,0,0,0,0,0,0,0,0,1,1,0,0,1,0,0,0,1,0,0,0,1,0,0,1,0,0,0,1,1,1,0,0,0,0,1,1,0,1,0,0,1,criteria met,a lovely place to relax after a day of walking,I love walking in the field,Some really lovely surrounding walks,,
1025831,Best for Walking,3,9.333333333,10,10,17,0.176470588,8.784436525,9.270661915,09:29.2,56,124664,00:03.0,SykesPropertyID,SykesPark:0,SykesParkID,146400,1,234065,1,3,2,4,Friday,54.322907,-0.460213,,HP North York Coast,Castle View,Current,House,4,Ticks 1 to 5,8,4,1,0,494500,500500,"Cloughton, North Yorkshire",Other settlement,North Yorkshire,England,Cloughton,North York Moors & Coast,21/02/2020,03/04/2020,,,Unknown,Unknown,Unknown,0,15,Partial Plus Income Maximisation,,No,1,1,1,1,1,1,0,0,1,1,0,0,0,0,0,1,1,1,0,0,0,1,0,0,0,1,1,0,0,1,0,0,1,0,0,1,0,1,1,0,1,1,0,0,0,0,1,0,0,1,criteria met,Great area for walks,We found a lovely local walk along the cliffs up to Cloughton then back along the Cinder path (approx 4 miles).,Perfectly located to walk local sections of the Cleveland way,,
1042006,Best for Walking,3,9.333333333,10,10,6,0.5,8.784436525,9.270661915,09:29.2,57,135729,58:09.0,SykesPropertyID,SykesPark:0,SykesParkID,162069,402,255253,1,2,2,3,Saturday,54.433652,-2.962716,,HP Lake District,Springwell Cottage,Current,Cottage,4,Ticks 1 to 5,6,4,1,0,504500,337500,"Ambleside, Cumbria",Town,Cumbria,England,Ambleside,Cumbria & The Lake District,16/10/2018,16/10/2018,,,Unknown,Unknown,Unknown,0,20,Super Income Maximisation,,Part - Property Management Only,1,1,0,0,1,0,0,0,0,0,0,0,0,0,0,0,0,0,0,0,0,0,1,1,0,0,0,0,0,0,0,0,1,0,0,1,0,1,1,0,0,1,0,0,0,0,0,0,0,,review evidence only - manual review recommended,walking,Great location for fell walks,We did walks from here,,
22317,Best for Walking,3,9.333333333,10,10,6,0.5,8.784436525,9.270661915,09:29.2,58,56451,34:21.0,SykesPropertyID,SykesPark:0,SykesParkID,14829,1,78609,0,0,1,2,Friday,53.0316766,-1.9520639,,Peak District & Derbyshire,Lucky Cottage,Current,Terraced,5,Ticks 1 to 5,4,5,0,0,348500,403500,"Foxt, Staffordshire",Other settlement,Staffordshire,England,Foxt,Peak District,15/02/2013,01/03/2013,,,Unknown,Unknown,Unknown,0,20,Super Income Maximisation,,No Option Assigned,1,1,0,0,1,0,0,0,1,1,0,0,0,0,0,1,0,1,1,0,0,0,0,0,0,1,0,0,0,0,0,1,1,0,0,0,0,1,1,0,0,0,0,0,0,1,0,0,0,,review evidence only - manual review recommended,if you love walking you really are spoilt for choice of what to do next!,exploring the Staffordshire moorlands and the western side of the Peak District,Plenty of walks from the house,,
984344,Best for Walking,3,9.333333333,10,10,14,0.214285714,8.784436525,9.270661915,09:29.2,59,107005,11:32.0,SykesPropertyID,SykesPark:0,SykesParkID,103969,1,182293,0,0,1,1,Friday,54.2252004,-3.1867153,,Cumbria West of M6,Yew Fold,Current,Apartment,4,Ticks 1 to 5,2,4,0,0,481500,322500,"Soutergate, Cumbria",Other settlement,Cumbria,England,Soutergate,Cumbria & The Lake District,25/10/2018,26/10/2018,,,Unknown,Unknown,Unknown,0,18,Super Income Maximisation,,No Option Assigned,1,0,0,0,1,0,0,0,1,0,0,0,0,0,0,0,0,0,0,0,0,0,0,0,0,0,0,0,0,1,0,1,1,0,0,0,0,1,1,0,0,0,0,0,0,0,0,0,0,1,criteria met,A perfect base for many of Wainwright's Outlying Fells.,We did 4 more of Wainwright's Outlying Fells,For walkers it is a great place around the public right of ways or over the moors.,,
1125321,Best for Walking,3,9.333333333,10,10,8,0.375,8.784436525,9.270661915,09:29.2,60,219988,47:14.0,SykesPropertyID,SykesPark:0,SykesParkID,244036,1,516492,1,2,1,1,Friday,50.13398693,-5.684013773,,HP Cornwall Coast,Ramblers Rest,Current,Annex,4,Ticks 1 to 5,2,4,1,0,32500,136500,"Boscean, Cornwall",Other settlement,Cornwall,England,Boscean,Cornwall,27/01/2023,03/03/2023,,,Unknown,Unknown,Unknown,0,17,Super Income Maximisation,,No,1,0,0,0,0,0,0,0,1,0,0,0,0,0,0,0,1,0,1,0,1,0,0,0,0,1,0,1,0,1,0,0,1,0,0,0,1,1,1,0,1,0,0,1,0,0,0,0,0,1,criteria met,being close to amazing coastal walks,just a short walk to lovely coastal walks,fantastic walks on the doorstep,,
1018805,Best for Walking,3,9.333333333,10,10,8,0.375,8.784436525,9.270661915,09:29.2,61,,,,,,,,,,,,,,,,,,,,,,,,,,,,,,,,,,,,,,,,,,,,,,,,,,,,,,,,,,,,,,,,,,,,,,,,,,,,,,,,,,,,,,,,,,,,,,,,,no property data - manual review recommended,To wake up in the morning and see deer outside your window and the wildlife around the grounds on our walks was lovely.,visited 3 different Country Parks which were close by for some lovely walks with the dog,5 minutes from Brandon park with huge walks to do,,
1134464,Best for Walking,3,9.333333333,10,10,11,0.272727273,8.784436525,9.270661915,09:29.2,62,230450,00:32.0,SykesPropertyID,SykesPark:0,SykesParkID,252940,1,540241,1,2,3,7,Saturday,52.6729183,-4.0805685,,HP - Wales North West Coast,Tawelfan,Current,House semi-detached,3,Ticks 1 to 5,14,3,1,0,310500,259500,"Gwastadgoed, Gwynedd",Other settlement,Gwynedd,Wales,Gwastadgoed,North Wales,09/03/2024,09/03/2024,,,Unknown,Unknown,Unknown,0,18,Super Income Maximisation,,Yes,1,1,1,0,1,0,0,0,1,1,0,0,0,0,0,0,1,0,0,0,0,0,0,0,0,0,0,0,0,0,0,0,1,0,0,0,0,1,0,0,0,1,0,0,0,0,0,0,0,,review evidence only - manual review recommended,after hiking,Equally accessible was the path up through the hills right from the back door.,After an invigorating walk,,
934364,Best for Walking,3,9.333333333,10,10,7,0.428571429,8.784436525,9.270661915,09:29.2,63,79439,06:58.0,SykesPropertyID,SykesPark:0,SykesParkID,118004,1,115596,0,0,1,1,Friday,53.9730295,-2.1404683,,Yorkshire Dales,"The Nook, Bank Newton",Current,Semi detached,4,Ticks 1 to 5,2,4,0,0,453500,391500,"Bank Newton, North Yorkshire",Other settlement,North Yorkshire,England,Bank Newton,Yorkshire Dales,18/10/2024,18/10/2024,,,Unknown,Unknown,Unknown,0,20,Full Income Maximisation,18/10/2024,No Option Assigned,1,1,1,0,1,0,0,0,0,0,0,0,0,0,0,1,0,1,0,0,0,1,0,0,0,1,0,1,1,1,0,0,1,0,0,0,0,1,1,0,1,0,0,0,0,0,0,0,0,1,criteria met,countryside walks all around.,"Walks, canal and countryside on your doorstep","The canal is close by, making a pleasant walk into Gargrave or in the opposite direction across open fields.",,
951822,Best for Walking,3,9.333333333,10,10,12,0.25,8.784436525,9.270661915,09:29.2,64,85488,04:02.0,SykesPropertyID,SykesPark:0,SykesParkID,76554,1,133911,1,2,1,2,Saturday,57.6583169,-1.9105319,,Scottish Lowlands,Coastal Cottage,Current,Unknown,3,Ticks 1 to 5,4,3,0,0,863500,405500,"St Combs, Aberdeenshire",Other settlement,Aberdeenshire,Scotland,St Combs,Highlands and Islands,26/01/2017,01/02/2017,,,Unknown,Unknown,Unknown,0,20,Full Income Maximisation,,No Option Assigned,1,1,1,0,1,0,0,0,1,0,0,0,0,0,0,1,1,0,1,0,0,0,1,1,0,1,0,0,0,1,0,0,1,0,1,1,0,1,1,0,1,1,0,0,0,0,0,0,0,1,criteria met,lovely walks beside the sea so close to the cottage,beaches and walks right on your doorstep,Fantastic cycle paths and quiet country roads to cycle for miles,,
998139,Best for Walking,3,9.333333333,10,10,11,0.272727273,8.784436525,9.270661915,09:29.2,65,109541,34:00.0,SykesPropertyID,SykesPark:0,SykesParkID,80610,1,197854,0,0,3,3,Saturday,52.0018462,-5.0021009,,HP - Wales Pembrokeshire Coast,Mor Awelon,Current,House semi-detached,4,Ticks 1 to 5,6,4,1,0,238500,193500,"Stop-and-Call, Pembrokeshire",Other settlement,Pembrokeshire,Wales,Stop-and-Call,South Wales,05/02/2019,05/02/2019,,,Unknown,Unknown,Unknown,0,18,Super Income Maximisation,,No,1,1,0,0,1,0,0,0,1,0,0,0,0,0,0,1,1,0,0,0,1,0,1,0,0,1,1,0,0,0,0,1,1,0,0,0,0,1,1,0,0,1,0,0,0,1,0,0,0,,review evidence only - manual review recommended,ideal for walking sections of the coastal path,walking the Pembrokeshire Coast Path,Fantastic location for walking the coastal path and use of the Strumble Shuttle.,,
1176722,Best for Walking,3,9.333333333,10,10,13,0.230769231,8.784436525,9.270661915,09:29.2,66,309904,37:20.0,SykesPropertyID,SykesPark:0,SykesParkID,293139,402,655426,1,2,4,5,Friday,54.2753104,-3.0732953,,Cumbria West of M6,Bracken Ground,Current,House detached,5,Ticks 1 to 5,10,5,0,0,486500,329500,"Lowick, Cumbria",Other settlement,Cumbria,England,Lowick,Cumbria & The Lake District,15/08/2025,16/08/2025,,,Unknown,Unknown,Unknown,0,18,Super Income Maximisation,,No,1,1,0,0,1,1,0,0,0,1,0,1,0,0,0,0,1,1,0,0,1,1,0,0,0,0,0,0,0,1,0,0,1,0,0,1,1,1,1,0,0,1,0,1,0,1,0,0,0,1,criteria met,walking through the woodland,We did some walks from the doorstep,The surrounding area has some good walks and is incredibly peaceful.,,
1155766,Best for Walking,3,9.333333333,10,10,18,0.166666667,8.784436525,9.270661915,09:29.2,67,284028,17:15.0,SykesPropertyID,SykesPark:0,SykesParkID,272937,1,558363,0,0,2,3,Friday,53.0811841,-1.5130119,,Peak District & Derbyshire,Hazel Cottage - Fold Yards,Current,House,4,Ticks 1 to 5,6,4,0,0,354500,433500,"Crich Carr, Derbyshire",Other settlement,Derbyshire,England,Crich Carr,Peak District,23/05/2024,14/06/2024,,,Unknown,Unknown,Unknown,0,15,Super Income Maximisation,,No,1,1,0,0,1,0,0,1,1,1,0,0,0,0,0,1,0,1,0,0,0,1,0,0,0,1,0,0,1,1,0,1,1,0,0,1,1,1,1,0,1,1,0,1,0,0,1,0,0,1,criteria met,walk round such lovely countryside,"local hikes, trips to Matlock, Belper, Cromford etc.",enjoying the lovely walks nearby,,
878,Best for Walking,3,9.333333333,10,10,13,0.230769231,8.784436525,9.270661915,09:29.2,68,52959,05:50.0,SykesPropertyID,SykesPark:0,SykesParkID,4499,1,59150,1,1,1,1,Thursday,53.1462703,-1.6696773,,HP Peak District,Barn Croft Cottage,Current,Detached,3,Ticks 1 to 5,2,3,1,0,360500,422500,"Elton, Derbyshire",Other settlement,Derbyshire,England,Elton,Peak District,05/08/2002,08/05/2026,,,Unknown,Unknown,Unknown,0,18,Fixed Prices,,No Option Assigned,1,1,1,0,1,0,0,0,1,0,0,0,0,0,0,1,0,0,0,0,1,0,1,0,0,0,0,0,0,0,0,0,0,0,0,0,0,0,1,0,1,0,0,0,0,0,0,0,0,,review evidence only - manual review recommended,"ideal location for walking in the Derbyshire dales, footpaths leading from a few metres of the property",great walks in a fabulous location,Walks from the door,,
1052129,Best for Walking,3,9.333333333,10,10,21,0.142857143,8.784436525,9.270661915,09:29.2,69,222180,16:14.0,SykesPropertyID,SykesPark:0,SykesParkID,172455,1,276813,1,2,1,3,Friday,53.2816956,-3.8302291,,HP - Wales North Coast,Elsinore,Current,House semi-detached,4,Ticks 1 to 5,6,4,1,0,377500,277500,"Conwy, Conwy",Town,Conwy,Wales,Conwy,North Wales,18/07/2024,09/08/2024,,,Unknown,Unknown,Unknown,0,20,Super Income Maximisation,,No,1,1,1,0,1,0,0,0,0,0,0,0,0,0,0,1,1,0,1,0,0,1,0,0,0,0,0,0,1,1,0,0,1,0,1,1,0,1,1,0,0,1,0,1,0,0,0,0,0,1,criteria met,wonderful walks,beautiful walks with amazing views,we enjoyed the walks,,
1043509,Best for Walking,3,9.333333333,10,10,11,0.272727273,8.784436525,9.270661915,09:29.2,70,288529,14:25.0,SykesPropertyID,SykesPark:0,SykesParkID,163958,1,257585,0,0,1,1,Friday,51.9329975,-3.7622763,,Mid Wales,Oak View,Current,Hut/Pod/Yurt,4,Ticks 1 to 5,2,4,0,0,226500,277500,"Talsarn, Carmarthenshire",Other settlement,Carmarthenshire,Wales,Talsarn,South Wales,03/07/2024,28/07/2024,,,Unknown,Unknown,Unknown,0,18,Full Income Maximisation,,No,1,0,0,0,1,1,0,0,0,0,0,0,0,0,0,0,0,1,1,0,1,1,0,0,0,1,0,0,0,1,0,1,1,0,0,1,0,1,1,0,0,0,0,1,0,0,1,0,0,1,criteria met,plenty of good walks around the area,it was a great 3 hour walk to the village which was much enjoyed and worth the walk,"Lovely, remote base for hiking and sightseeing breaks",,
1134730,Best for Walking,3,9.333333333,10,10,14,0.214285714,8.784436525,9.270661915,09:29.2,71,230662,56:40.0,SykesPropertyID,SykesPark:0,SykesParkID,253192,1,540337,1,2,1,2,Saturday,53.2125073,-1.6792313,,HP Peak District,Knoll Cottage,Current,Cottage,4,Ticks 1 to 5,4,4,1,0,368500,421500,"Bakewell, Derbyshire",Town,Derbyshire,England,Bakewell,Peak District,17/07/2023,17/07/2023,,,Unknown,Unknown,Unknown,0,20,Super Income Maximisation,,No,1,1,1,0,1,0,0,0,0,0,0,0,0,0,0,1,0,1,0,0,1,1,1,1,0,1,0,1,1,1,0,0,1,0,1,1,0,1,1,0,0,1,0,1,0,0,0,0,0,1,criteria met,Particularly enjoyed dog walks along the old railway line,so many walks straight from the door,"We did a different walk every day, most of them starting in Bakewell.",,
976150,Best for Walking,3,9.333333333,10,10,10,0.3,8.784436525,9.270661915,09:29.2,72,98403,43:16.0,SykesPropertyID,SykesPark:0,SykesParkID,72383,343,173098,0,0,2,3,Saturday,50.298436,-3.897608,,HP Devon South Coast,Ayrmer House,Current,Cottage,4,Ticks 1 to 5,6,4,1,0,45500,265500,"Ringmore, Devon",Other settlement,Devon,England,Ringmore,Devon,10/01/2012,10/01/2012,,,Unknown,Unknown,Unknown,0,20.83,Super Income Maximisation,,No,1,1,1,0,1,0,0,0,1,1,0,0,0,0,0,1,1,1,1,0,0,0,1,0,0,0,0,0,0,1,0,0,1,0,0,1,0,1,1,0,0,1,0,0,0,0,0,0,0,1,criteria met,we enjoyed lots of walks without using the car,"If hiking is your thing, then this is the place for you, it is in easy reach of the Devon coastal path",the location was excellent for exploring the Coast path,,
1079500,Best for Walking,10,9,10,9.9,25,0.4,8.809883741,9.265930245,09:29.2,73,159369,07:11.0,SykesPropertyID,SykesPark:0,SykesParkID,199256,1,359008,1,1,2,2,Friday,54.0552142,-1.9830545,,HP Yorkshire Dales,Pogles Wood Cottage,Current,House,4,Ticks 1 to 5,4,4,1,0,461500,401500,"Thorpe, North Yorkshire",Other settlement,North Yorkshire,England,Thorpe,Yorkshire Dales,13/12/2021,13/12/2021,,,Unknown,Unknown,Unknown,0,16,Super Income Maximisation,,No,1,1,0,0,1,0,0,0,1,0,0,0,0,0,0,1,0,1,1,0,0,1,1,1,0,1,0,0,0,1,0,0,1,0,0,0,1,1,1,0,0,1,0,1,0,0,0,0,0,1,criteria met,various walks from the door,would recommend this property to anyone who loves walking as there are plenty of walks.,lovely walks from the doorstep,lots of riverside and countryside walks close by,good walks right from the cottage
1167089,Best for Walking,7,9,10,10,17,0.411764706,8.776333813,9.265800288,09:29.2,74,297802,29:35.0,SykesPropertyID,SykesPark:0,SykesParkID,283886,302,604472,1,2,1,1,Saturday,50.1489478,-5.6703458,,HP Cornwall Coast,Little Victory,Current,Lodge,5,Ticks 1 to 5,2,5,1,0,34500,137500,"Lower Boscaswell, Cornwall",Other settlement,Cornwall,England,Lower Boscaswell,Cornwall,16/05/2025,16/05/2025,,,Unknown,Unknown,Unknown,0,15,Super Income Maximisation,,No,1,1,1,0,1,1,0,0,1,0,0,0,0,0,0,0,1,0,1,0,0,1,1,1,0,1,1,1,0,1,0,0,1,0,0,1,1,0,1,0,0,1,0,1,1,0,0,0,0,1,criteria met,"surrounded by gorgeous coastline, great walks and peace",we enjoyed daily dog walks along the SW coast path,perfectly placed for walks along the stunning Coast Path right from the front door,enjoying the coastal walks,We did some lovely walks along the coast paths to neighbouring towns and pubs.
1172732,Best for Walking,7,9,10,10,10,0.7,8.776333813,9.265800288,09:29.2,75,304799,24:08.0,SykesPropertyID,SykesPark:0,SykesParkID,289281,302,650058,1,2,1,1,Friday,50.3087342,-5.2247511,,HP Cornwall Coast,Stargazy Skies,Current,Cottage,4,Ticks 1 to 5,2,4,1,0,50500,170500,"Higher Bal, Cornwall",Other settlement,Cornwall,England,Higher Bal,Cornwall,26/03/2025,10/10/2025,,,Unknown,Unknown,Unknown,0,19,Super Income Maximisation,,No,1,1,1,0,1,0,0,0,1,1,0,0,0,0,0,1,1,1,1,0,0,1,0,0,0,1,0,0,0,1,0,0,1,0,0,1,1,1,1,0,0,0,0,1,0,0,1,0,0,1,criteria met,so many dog friendly walks in the area,"close by are walks to Chapel Porth and St Agnes Beacon, among others",Plenty of walks from the door,Ideally placed for walking sections of the coast path,Ideal for location for long walks and enjoying the Cornish coasts.
1025088,Best for Walking,6,9.166666667,10,9.833333333,13,0.461538462,8.824854676,9.261579472,09:29.2,76,162907,26:54.0,SykesPropertyID,SykesPark:0,SykesParkID,145679,402,233102,1,2,1,2,Friday,54.353648,-3.189982,,Cumbria West of M6,Beckfold Cottage,Current,Cottage,3,Ticks 1 to 5,4,3,0,0,496500,322500,"Seathwaite, Cumbria",Other settlement,Cumbria,England,Seathwaite,Cumbria & The Lake District,27/08/2021,03/09/2021,,,Unknown,Unknown,Unknown,0,22,Partial Income Maximisation,,Part - Property Management Only,1,1,1,0,1,0,0,0,1,1,0,0,0,0,0,1,0,1,1,0,1,1,1,0,0,1,0,0,0,1,0,0,1,0,0,1,0,1,1,0,1,1,0,1,0,0,0,0,0,1,criteria met,The local walks from the door are amazing with detailed maps at the cottage to access stunning countryside.,Fantastic scenery and walks but not at all crowded,making it easy for us to start our walks right from there,The area has plenty of walks straight from the door,Great local walks in the tranquil Duddon valley.
1169934,Best for Walking,2,9.5,10,10,6,0.333333333,8.766472902,9.259883741,09:29.2,77,,,,,,,,,,,,,,,,,,,,,,,,,,,,,,,,,,,,,,,,,,,,,,,,,,,,,,,,,,,,,,,,,,,,,,,,,,,,,,,,,,,,,,,,,,,,,,,,,no property data - manual review recommended,Bacton woods 10 mins drive away is the perfect place for long walks.,perfect for long dog walks,,,
1172267,Best for Walking,2,9.5,10,10,14,0.142857143,8.766472902,9.259883741,09:29.2,78,304233,37:20.0,SykesPropertyID,SykesPark:0,SykesParkID,288824,1,649109,1,2,7,8,Friday,57.0813096,-4.0560573,,HP Cairngorms,Old Distillery Lodge,Current,House detached,4,Ticks 1 to 5,19,4,1,0,800500,275500,"Kingussie, Highland",Town,Highland,Scotland,Kingussie,Highlands and Islands,30/05/2025,30/05/2025,,,Unknown,Unknown,Unknown,0,14,Full Income Maximisation,,No,1,1,1,1,1,1,0,0,1,0,1,0,0,0,0,1,0,1,1,0,1,0,1,0,0,1,0,1,1,0,0,0,1,0,0,0,1,1,1,0,1,1,0,1,0,0,0,0,0,,review evidence only - manual review recommended,plenty of nice walks and places to eat in the local area just a short walk away.,we also loved that you could walk on either country walks or a walk to the village straight from your door,,,
1159254,Best for Walking,2,9.5,10,10,12,0.166666667,8.766472902,9.259883741,09:29.2,79,288279,30:30.0,SykesPropertyID,SykesPark:0,SykesParkID,276278,438,613396,1,2,2,2,Friday,55.4976669,-1.6342666,,HP Northumberland,East Farm Croft,Current,Cottage,4,Ticks 1 to 5,4,4,1,0,622500,423500,"Embleton, Northumberland",Other settlement,Northumberland,England,Embleton,Northumberland,06/01/2025,10/01/2025,,,Unknown,Unknown,Unknown,0,20,Super Income Maximisation,,Yes,1,1,1,0,1,0,0,0,1,1,0,0,0,0,0,1,1,1,1,0,0,1,1,1,0,1,0,0,0,1,0,0,1,0,0,1,1,1,1,0,1,1,0,1,0,0,0,0,0,1,criteria met,loads of local walks,Easy walking access to the lovely beach towards Low Newton and also easy to walk past Dunstanburgh Castle to Craster,,,
1164985,Best for Walking,2,9.5,10,10,9,0.222222222,8.766472902,9.259883741,09:29.2,80,295147,33:33.0,SykesPropertyID,SykesPark:0,SykesParkID,281808,389,634135,1,2,3,5,Friday,53.2549553,-4.5688156,,HP - Wales Anglesey Coastal,Bodior Garden Cottage,Current,House,4,Ticks 1 to 5,10,4,1,0,378500,228500,"Four Mile Bridge, Isle of Anglesey",Other settlement,Isle of Anglesey,Wales,Four Mile Bridge,North Wales,25/10/2024,26/10/2024,,,Unknown,Unknown,Unknown,0,10,Super Income Maximisation,,No,1,1,1,0,1,1,0,0,1,1,0,0,0,0,0,1,1,1,1,0,0,1,0,0,0,1,0,0,0,1,0,0,1,0,0,1,0,1,1,0,1,1,0,1,0,0,1,0,0,1,criteria met,Gorgeous coastal path walk to Silver Bay beach,with just a short walk down to the bay and lovely countryside walks on your door step,,,
1060423,Best for Walking,2,9.5,10,10,7,0.285714286,8.766472902,9.259883741,09:29.2,81,133951,27:40.0,SykesPropertyID,SykesPark:0,SykesParkID,180527,1,302236,1,2,1,3,Friday,57.5633475,-5.5152651,,HP Highland NW Coast,Stalker's Cottage - Torridon,Current,Cottage,3,Ticks 1 to 5,4,3,1,0,856500,189500,"Fasag, Highland",Other settlement,Highland,Scotland,Fasag,Highlands and Islands,14/12/2020,14/12/2020,,,Unknown,Unknown,Unknown,0,15,Super Income Maximisation,,No,1,1,0,0,1,0,0,0,1,1,0,0,0,0,0,1,1,1,1,0,0,1,0,0,0,1,0,0,0,1,0,0,0,0,0,1,1,0,1,0,0,1,0,1,0,0,0,0,0,1,criteria met,easy to ride to Beinn Eighe for walks on trails,it's a great place to stay if you want fantastic local walks,,,
1151527,Best for Walking,2,9.5,10,10,15,0.133333333,8.766472902,9.259883741,09:29.2,82,278528,29:44.0,SykesPropertyID,SykesPark:0,SykesParkID,268672,1,590854,1,2,3,3,Friday,53.1929437,-0.5601833,,Lincolnshire,Witham View,Current,House,4,Ticks 1 to 5,6,4,0,0,368500,496500,"Bracebridge, Lincolnshire",Other settlement,Lincolnshire,England,Bracebridge,East Anglia,14/08/2024,07/10/2024,,,Unknown,Unknown,Unknown,0,20,Super Income Maximisation,,No,1,1,1,0,1,0,0,0,1,1,0,0,0,0,0,1,0,1,1,0,0,0,0,1,0,1,0,0,0,1,0,0,1,0,0,1,1,1,1,0,0,1,0,1,0,0,0,0,0,1,criteria met,I found some lovely parks less than 10 mins away to walk the dogs,We all enjoyed the beautiful walks across the river banks with the dogs spotting the wildlife as we walked.,,,
1042112,Best for Walking,2,9.5,10,10,9,0.222222222,8.766472902,9.259883741,09:29.2,83,136782,55:44.0,SykesPropertyID,SykesPark:0,SykesParkID,162147,402,255979,1,1,2,2,Friday,54.418301,-2.912977,,HP Lake District,Boxwood Cottage,Current,Cottage,4,Ticks 1 to 5,4,4,1,0,502500,340500,"Town End, Cumbria",Other settlement,Cumbria,England,Town End,Cumbria & The Lake District,16/10/2018,16/10/2018,,,Unknown,Unknown,Unknown,0,15,Partial Plus Income Maximisation,,Yes,1,1,0,0,1,0,0,0,0,1,0,0,0,0,0,1,0,0,0,0,0,0,0,1,0,0,0,0,0,0,0,0,1,0,0,0,0,0,1,0,0,1,0,0,0,0,1,0,0,,review evidence only - manual review recommended,it is great to be able to walk from the front door,The location was perfect for hikes in the Far Eastern and eastern fells.,,,
1042600,Best for Walking,2,9.5,10,10,5,0.4,8.766472902,9.259883741,09:29.2,84,137528,02:01.0,SykesPropertyID,SykesPark:0,SykesParkID,163189,402,256775,0,0,2,3,Saturday,54.42979,-2.9616,,HP Lake District,Gale Mews,Current,Unknown,5,Ticks 1 to 5,5,5,1,0,504500,337500,"Ambleside, Cumbria",Town,Cumbria,England,Ambleside,Cumbria & The Lake District,12/06/2019,12/06/2019,,,Unknown,Unknown,Unknown,0,15,Super Income Maximisation,,Yes,1,1,0,0,1,0,0,0,1,0,0,0,0,0,0,0,0,0,0,0,0,0,1,1,0,0,0,0,0,0,0,0,1,0,0,0,0,1,1,0,0,0,0,0,0,0,0,0,0,,review evidence only - manual review recommended,within easy walking distance of Ambleside centre,Great low fell walks from house inc Wansfell and Loughrigg,,,
1041463,Best for Walking,2,9.5,10,10,8,0.25,8.766472902,9.259883741,09:29.2,85,135778,52:44.0,SykesPropertyID,SykesPark:0,SykesParkID,161824,402,255082,1,2,3,3,Friday,54.633452,-2.871484,,Cumbria West of M6,Home Farm House,Current,House,5,Ticks 1 to 5,6,5,0,0,526500,343500,"Hutton, Cumbria",Other settlement,Cumbria,England,Hutton,Cumbria & The Lake District,16/10/2018,16/10/2018,,,Unknown,Unknown,Unknown,0,12.5,Super Income Maximisation,,No,1,0,1,0,1,1,0,0,0,1,0,0,0,0,0,1,0,1,0,0,1,0,0,0,0,1,0,0,0,1,0,0,1,0,0,1,1,1,1,0,0,1,0,1,0,0,1,0,0,1,criteria met,with walks all around the area right from the door step,an abundance of walks locally,,,
915228,Best for Walking,2,9.5,10,10,13,0.153846154,8.766472902,9.259883741,09:29.2,86,57987,49:02.0,SykesPropertyID,SykesPark:0,SykesParkID,50953,1,94294,1,1,2,3,Saturday,54.302029,-2.3935995,,HP Yorkshire Dales,Farrier's Cottage,Current,Semi detached,4,Ticks 1 to 5,6,4,1,0,489500,374500,"Garsdale, Cumbria",Other settlement,Cumbria,England,Garsdale,Cumbria & The Lake District,16/09/2014,03/01/2015,,,Unknown,Unknown,Unknown,0,20,Partial Plus Income Maximisation,,No Option Assigned,1,1,0,0,1,0,0,0,1,1,0,0,0,0,0,1,0,0,0,1,0,0,0,0,0,1,0,0,0,1,0,0,0,0,1,1,0,0,1,0,1,1,0,0,0,0,0,0,0,1,criteria met,"We went on some incredible walks, so we would say it has it all.",wonderful walks on the doorstep,,,
2027,Best for Walking,2,9.5,10,10,10,0.2,8.766472902,9.259883741,09:29.2,87,48057,05:57.0,SykesPropertyID,SykesPark:0,SykesParkID,3600,1,68100,1,1,1,2,Friday,54.3990156,-2.8031112,,Cumbria West of M6,Ghyll Bank Bungalow,Current,Detached,3,Ticks 1 to 5,3,3,0,0,498500,346500,"Staveley, Cumbria",Other settlement,Cumbria,England,Staveley,Cumbria & The Lake District,08/03/2007,08/03/2007,,,Unknown,Unknown,Unknown,0,18,Super Income Maximisation,,No Option Assigned,1,1,0,0,1,0,0,0,1,1,0,0,0,0,0,1,0,1,0,1,1,0,0,0,0,0,0,0,1,1,0,0,1,0,1,1,0,1,1,0,0,0,0,1,0,0,0,0,0,1,criteria met,lovely walks surrounded by wildlife,incredible walks right from the doorstep,,,
2040,Best for Walking,2,9.5,10,10,10,0.2,8.766472902,9.259883741,09:29.2,88,55826,10:13.0,SykesPropertyID,SykesPark:0,SykesParkID,104,1,60110,0,0,1,2,Friday,54.6273666,-2.0889984,,The North East,West House,Current,Semi detached,4,Ticks 1 to 5,5,4,0,0,525500,394500,"Middleton in Teesdale, Durham",Other settlement,Durham,England,Middleton in Teesdale,Yorkshire Dales,26/04/2007,26/04/2007,,,Unknown,Unknown,Unknown,0,17,Super Income Maximisation,,No Option Assigned,1,1,0,0,1,0,0,0,1,1,0,0,0,0,0,1,0,1,1,0,0,1,1,1,0,1,0,0,1,1,0,1,1,0,1,1,0,1,1,0,1,1,0,0,0,0,0,0,0,1,criteria met,scenic walks to high force and high cup nick and an old cycle/walking railway line to Cotherstone,"West House is a great base for a number of walks in upper Teesdale, with a multitude of good walks straight from the front door",,,
1103464,Best for Walking,2,9.5,10,10,9,0.222222222,8.766472902,9.259883741,09:29.2,89,190450,10:40.0,SykesPropertyID,SykesPark:0,SykesParkID,222659,1,436297,1,2,1,2,Friday,53.327622,-1.7389902,,HP Peak District,Columbine Barn,Current,Cottage,4,Ticks 1 to 5,8,4,1,0,381500,417500,"Bradwell, Derbyshire",Other settlement,Derbyshire,England,Bradwell,Peak District,26/05/2022,26/05/2022,,,Unknown,Unknown,Unknown,0,16,Super Income Maximisation,27/09/2023,No,1,1,1,0,1,0,0,0,1,0,0,0,0,0,0,1,0,1,0,1,0,0,1,1,0,1,0,0,0,1,0,0,1,0,0,0,0,1,1,0,1,1,0,1,0,0,0,0,0,1,criteria met,Plenty of great walks from the door step,stunning scenic walk before a pub lunch,,,
1095472,Best for Walking,2,9.5,10,10,9,0.222222222,8.766472902,9.259883741,09:29.2,90,180913,13:36.0,SykesPropertyID,SykesPark:0,SykesParkID,214895,1,409652,1,2,3,3,Saturday,54.2913998,-1.9131972,,HP Yorkshire Dales,No.8 Cairn Cottage,Current,House,4,Ticks 1 to 5,6,4,1,0,488500,406500,"West Witton, North Yorkshire",Other settlement,North Yorkshire,England,West Witton,Yorkshire Dales,20/03/2024,30/03/2024,,,Unknown,Unknown,Unknown,0,15,Super Income Maximisation,,No,1,1,1,0,1,0,0,0,1,0,0,0,0,0,0,1,0,1,0,0,1,0,1,1,0,1,0,0,0,1,0,0,0,0,1,1,0,0,1,0,0,1,0,1,0,0,0,0,0,1,criteria met,ideally situated for walking,"close to local waterfalls, walking trails",,,
1134886,Best for Walking,2,9.5,10,10,11,0.181818182,8.766472902,9.259883741,09:29.2,91,230787,47:40.0,SykesPropertyID,SykesPark:0,SykesParkID,253363,1,541692,1,2,1,2,Friday,52.8587833,-4.4835398,,HP - Wales North West Coast,20 Glyn Y Mor,Current,House,4,Ticks 1 to 5,4,4,1,0,331500,232500,"Llanbedrog, Gwynedd",Other settlement,Gwynedd,Wales,Llanbedrog,North Wales,26/05/2023,26/05/2023,,,Unknown,Unknown,Unknown,0,17,Super Income Maximisation,,Yes,1,1,1,0,1,0,0,0,1,1,0,0,0,0,0,0,1,1,1,0,0,1,1,1,0,1,0,0,1,1,0,0,1,0,0,0,0,1,1,0,1,1,0,1,0,0,0,0,0,1,criteria met,There are a lot of walks close by,lovely walks,,,
1132985,Best for Walking,2,9.5,10,10,14,0.142857143,8.766472902,9.259883741,09:29.2,92,228803,45:52.0,SykesPropertyID,SykesPark:0,SykesParkID,251511,1,528579,1,1,2,2,Friday,50.42422677,-5.053861172,,HP Cornwall Coast,11 Ebbtide,Current,Cottage,5,Ticks 1 to 5,6,5,1,0,62500,183500,"Porth, Cornwall",Other settlement,Cornwall,England,Porth,Cornwall,24/05/2023,14/07/2023,,,Unknown,Unknown,Unknown,0,17,Full Income Maximisation,,No,1,1,1,0,1,0,0,0,0,0,0,0,0,0,0,1,1,0,1,0,0,1,1,1,0,1,0,1,0,1,0,0,1,0,1,1,0,0,1,0,1,1,0,1,0,0,0,0,0,1,criteria met,A few good spots within walking distance for drinks/eats,the location is ideal: close to beautiful walking routes,,,
971898,Best for Walking,2,9.5,10,10,20,0.1,8.766472902,9.259883741,09:29.2,93,96245,06:06.0,SykesPropertyID,SykesPark:0,SykesParkID,121128,1,168744,0,0,1,1,Friday,53.3031716,-3.7370673,,HP - Wales North Coast,Dolphin View,Current,Flat,4,Ticks 1 to 5,2,4,1,0,380500,283500,"Llandrillo-yn-Rh�s, Conwy",Other settlement,Conwy,Wales,Llandrillo-yn-Rh�s,North Wales,26/01/2018,26/01/2018,,,Unknown,Unknown,Unknown,0,17,Super Income Maximisation,,Yes,1,1,0,0,0,0,0,0,1,0,0,0,0,0,0,1,1,0,0,0,0,0,0,0,0,0,0,0,0,1,0,0,1,0,0,0,0,1,1,0,0,0,0,0,0,0,0,0,0,1,criteria met,"within easy walking distance of shops, cafes and pubs",long walks,,,
972466,Best for Walking,2,9.5,10,10,6,0.333333333,8.766472902,9.259883741,09:29.2,94,95487,11:32.0,SykesPropertyID,SykesPark:0,SykesParkID,121175,402,169441,0,0,1,2,Saturday,54.598521,-3.1282616,,HP Lake District,Manesty View,Current,Cottage,4,Ticks 1 to 5,4,4,1,0,523500,327500,"Brigham, Cumbria",Other settlement,Cumbria,England,Brigham,Cumbria & The Lake District,11/02/2013,11/02/2013,,,Unknown,Unknown,Unknown,0,20,Super Income Maximisation,09/01/2025,Yes,1,0,1,0,1,0,0,0,1,0,0,0,0,0,0,0,0,0,1,0,1,1,0,0,0,1,1,0,1,1,0,1,0,0,0,0,1,0,1,0,0,1,0,0,0,0,0,0,0,1,criteria met,Everything needed for relaxing after a hard days walking in the fells.,Able to start walks from the door.,,,
972265,Best for Walking,2,9.5,10,10,5,0.4,8.766472902,9.259883741,09:29.2,95,95295,02:01.0,SykesPropertyID,SykesPark:0,SykesParkID,59083,402,169313,0,0,1,2,Saturday,54.927863,-2.864096,,Cumbria East of M6,Rose Cottage,Current,Cottage,4,Ticks 1 to 5,4,4,0,0,559500,344500,"Low Crosby, Cumbria",Other settlement,Cumbria,England,Low Crosby,Cumbria & The Lake District,11/03/2010,11/03/2010,,,Unknown,Unknown,Unknown,0,20,Super Income Maximisation,04/01/2018,No,1,0,1,0,1,0,0,0,0,0,0,0,0,0,0,1,0,1,1,0,0,1,1,0,0,1,0,0,1,1,0,0,1,0,0,1,0,1,1,0,1,1,0,0,0,0,0,0,0,1,criteria met,there were some great walks nearby which we all enjoyed.,ideally suited as a base for walking on Hadrian’s Wall and the North Pennines,,,
973995,Best for Walking,2,9.5,10,10,5,0.4,8.766472902,9.259883741,09:29.2,96,105801,09:45.0,SykesPropertyID,SykesPark:0,SykesParkID,121316,1,170911,0,0,1,3,Saturday,52.7872672,-4.0965291,,HP - Wales North West Coast,Ty Uchaf,Current,Cottage,3,Ticks 1 to 5,6,3,1,0,323500,258500,"Coed Ystumgwern, Gwynedd",Other settlement,Gwynedd,Wales,Coed Ystumgwern,North Wales,20/09/2018,10/11/2018,,,Unknown,Unknown,Unknown,0,20,Full Income Maximisation,04/11/2024,Part - Cleaning Only,1,0,1,0,1,0,0,0,1,0,0,0,0,0,0,1,1,1,1,0,1,0,0,1,0,1,0,0,0,1,0,0,1,0,0,0,0,1,1,0,1,1,0,0,0,0,0,0,0,1,criteria met,We love walking and keep finding new paths to explore,"The area is great for walking with amazing beaches, views and waterfalls all within minutes away",,,
972632,Best for Walking,2,9.5,10,10,9,0.222222222,8.766472902,9.259883741,09:29.2,97,95608,03:28.0,SykesPropertyID,SykesPark:0,SykesParkID,99383,402,169538,0,0,1,2,Friday,54.5443182,-2.9529385,,HP Lake District,Millcroft,Current,Cottage,4,Ticks 1 to 5,4,4,1,0,517500,338500,"Glenridding, Cumbria",Other settlement,Cumbria,England,Glenridding,Cumbria & The Lake District,30/06/2016,30/06/2016,,,Unknown,Unknown,Unknown,0,20,Partial Income Maximisation,,No,1,1,1,0,1,0,0,0,0,1,0,0,0,0,0,1,0,1,1,0,1,1,0,0,0,1,1,0,1,1,0,0,1,0,0,0,0,1,1,0,1,1,0,0,0,0,0,0,0,1,criteria met,excellent base for walking in the eastern Lake District,plenty of walks from the doorstep,,,
971907,Best for Walking,2,9.5,10,10,16,0.125,8.766472902,9.259883741,09:29.2,98,97225,53:41.0,SykesPropertyID,SykesPark:0,SykesParkID,121130,1,169007,1,1,2,3,Friday,50.838579,-1.5815907,,HP New Forest Hampshire,New Park Farm Cottage,Current,Cottage,5,Ticks 1 to 5,5,5,1,0,103500,430500,"Balmerlawn, Hampshire",Other settlement,Hampshire,England,Balmerlawn,South Coast,29/06/2018,11/07/2018,,,Unknown,Unknown,Unknown,0,17,Super Income Maximisation,,Yes,1,1,1,0,1,0,0,0,1,1,0,0,0,0,0,1,0,0,0,0,0,0,0,0,0,0,0,0,0,1,0,0,1,0,1,1,0,1,1,0,0,1,0,0,0,0,0,0,0,1,criteria met,"Fabulous quiet location, with beautiful walks right on the doorstep, with deer passing by the window in the morning and evening.",spend time walking through the forest surrounded by nature and wildlife,,,
921995,Best for Walking,2,9.5,10,10,7,0.285714286,8.766472902,9.259883741,09:29.2,99,53207,57:06.0,SykesPropertyID,SykesPark:0,SykesParkID,31492,1,101750,1,2,2,2,Friday,52.7886666,-4.0951875,,HP - Wales North West Coast,Bryn Coch Bach,Current,Semi detached,4,Ticks 1 to 5,4,4,1,0,323500,258500,"Coed Ystumgwern, Gwynedd",Other settlement,Gwynedd,Wales,Coed Ystumgwern,North Wales,20/03/2015,10/04/2015,,,Unknown,Unknown,Unknown,0,18,Partial Income Maximisation,18/06/2020,No Option Assigned,1,1,0,0,1,0,0,0,0,0,0,0,0,0,0,1,1,0,0,0,0,0,0,1,0,1,0,0,0,1,0,0,0,0,0,0,0,0,1,0,0,1,0,0,0,0,0,0,0,1,criteria met,there are also lots of great walks in the area,you can go miles in either direction,,,
927115,Best for Walking,2,9.5,10,10,9,0.222222222,8.766472902,9.259883741,09:29.2,100,56779,58:09.0,SykesPropertyID,SykesPark:0,SykesParkID,59394,1,107386,1,2,1,2,Friday,56.4301138,-5.238237667,,Scottish Highlands,The Knowe Lower,Current,Flat,3,Ticks 1 to 5,4,3,0,0,731500,200500,"Brochroy, Argyll and Bute",Other settlement,Argyll and Bute,Scotland,Brochroy,Central Scotland,04/09/2015,12/09/2015,,,Unknown,Unknown,Unknown,0,20,Partial Income Maximisation,,No Option Assigned,1,0,0,0,1,0,0,0,1,0,0,0,0,0,0,1,0,1,0,0,0,0,0,1,0,0,0,0,0,1,0,0,1,0,1,1,0,1,1,0,0,1,0,1,0,0,0,0,0,1,criteria met,area great for dog walks and scenery amazing,beautiful walks on your doorstep,,,
954386,Best for Young Families,7,9.428571429,10,10,15,0.466666667,8.952804401,9.371682641,09:29.2,1,,,,,,,,,,,,,,,,,,,,,,,,,,,,,,,,,,,,,,,,,,,,,,,,,,,,,,,,,,,,,,,,,,,,,,,,,,,,,,,,,,,,,,,,,,,,,,,,,no property data - manual review recommended,the outside area was a big hit with the grandchildren esp the goats,the children loved the zip wire,"The children love the play area, zip wire, attic room and hot tub.","The children aged 7,6,3 and 18 months loved saying hello to the goats and ponies every morning.",huge garden with lots to amuse the children
1172528,Best for Young Families,4,9.75,10,10,8,0.5,8.942691059,9.365614635,09:29.2,2,304499,12:11.0,SykesPropertyID,SykesPark:0,SykesParkID,289111,1,643071,1,1,1,3,Friday,56.3466589,-3.0256565,,Scottish Lowlands,Top Cottage,Current,Cottage,4,Ticks 1 to 5,5,4,0,0,716500,337500,"Foodieash, Fife",Other settlement,Fife,Scotland,Foodieash,Central Scotland,25/07/2025,08/08/2025,,,Unknown,Unknown,Unknown,0,18,Super Income Maximisation,,No,1,1,1,0,1,0,0,1,1,0,0,0,0,0,0,0,0,1,1,1,0,1,0,0,0,1,0,0,0,1,0,0,1,0,0,1,0,0,1,0,0,1,1,1,0,0,0,0,0,,review evidence only - manual review recommended,Our granddaughter loved the play park and would spend all day there.,Enjoyed by all the family,"Access to the fruit farm, mega maze and play area was a great benefit",everything about this cottage was ideal. A contained garden to relax in with comfortable seating.,
1092229,Best for Young Families,4,9.75,10,10,14,0.285714286,8.942691059,9.365614635,09:29.2,3,175620,06:50.0,SykesPropertyID,SykesPark:0,SykesParkID,211484,1,391164,1,2,4,5,Friday,55.1968345,-1.6476858,,Northumberland,Barnacre,Current,House,4,Ticks 1 to 5,11,4,0,0,589500,422500,"Longhirst, Northumberland",Other settlement,Northumberland,England,Longhirst,Northumberland,08/12/2021,08/12/2021,,,Unknown,Unknown,Unknown,0,15,Super Income Maximisation,,No,1,1,1,1,1,0,0,0,1,1,1,0,0,0,0,1,0,1,1,0,0,1,0,0,0,1,0,0,0,1,0,0,1,0,1,1,1,0,1,0,1,1,0,1,0,0,0,0,0,1,criteria met,a large front garden where the kids like to run around,The kids loved the hidden room.,"Plenty of room for our family, children & grandchildren. ... right down to our baby twins in cots.",The secret games room made the holiday for the younger members of our party!,
3756,Best for Young Families,6,9.333333333,10,10,16,0.375,8.887354676,9.332412806,09:29.2,4,55987,06:02.0,SykesPropertyID,SykesPark:0,SykesParkID,5783,1,61073,1,2,3,5,Saturday,50.3203844,-4.820201,,Cornwall,Chapel Green,Current,House,4,Ticks 1 to 5,10,4,0,0,50500,199500,"Polgooth, Cornwall",Other settlement,Cornwall,England,Polgooth,Cornwall,30/12/2009,01/05/2010,,,Unknown,Unknown,Unknown,0,17,Super Income Maximisation,,No Option Assigned,1,1,0,1,1,1,0,0,1,0,1,0,1,0,1,1,1,0,0,0,0,0,1,1,0,0,0,0,0,0,0,0,1,0,0,1,0,1,1,0,1,1,0,1,0,0,0,0,0,,review evidence only - manual review recommended,the kiddies loved it,children to play. The accommodation was spotless Well-maintained Garden for the children to roll about,"which all members of our families were able to enjoy, including young babies.",the games room was very much enjoyed by the children. Plenty of space for us to all sit together or separately. The cot had plenty of spare bedding and the property had extras required for children or elderly.,pool a big hit with the grandchildren
5396,Best for Young Families,5,9.6,10,9.8,16,0.3125,8.946511655,9.327906993,09:29.2,5,53262,50:59.0,SykesPropertyID,SykesPark:0,SykesParkID,2352,1,62498,0,0,1,3,Friday,51.8436099,-4.7541402,,South Wales,"Saddlers Cottage, Berllandeg Farm",Current,Detached,4,Ticks 1 to 5,4,4,0,0,217500,209500,"Bethesda, Pembrokeshire",Other settlement,Pembrokeshire,Wales,Bethesda,South Wales,16/03/2011,16/03/2011,,,Unknown,Unknown,Unknown,0,20,Full Income Maximisation,,No Option Assigned,1,1,0,0,1,0,0,1,1,0,0,0,0,0,0,1,1,1,1,0,0,0,0,0,0,1,0,0,0,1,0,1,1,0,1,1,0,0,1,0,1,1,1,1,0,0,0,0,0,1,criteria met,our kiddies being able to be involved (with us) with the care of the animals,We have just returned from Saddlers Cottage after a wonderful family stay and holiday.,Our 11 year old daughter absolutely loved getting involved with the farm – from meeting the animals to joining in with daily activities.,my 3year old granddaughter had a ball helping with the mucking out,Our youngest daughter spent the week helping out with the animals whenever she could.
1086030,Best for Young Families,5,9.4,10,10,11,0.454545455,8.879844988,9.327906993,09:29.2,6,167635,23:09.0,SykesPropertyID,SykesPark:0,SykesParkID,205616,1,380183,1,1,4,5,Friday,55.2348426,-1.9139666,,Northumberland,Fontburn Farmhouse,Current,House,5,Ticks 1 to 5,10,5,0,0,592500,408500,"Nunnykirk, Northumberland",Other settlement,Northumberland,England,Nunnykirk,Northumberland,29/10/2021,18/02/2022,,,Unknown,Unknown,Unknown,0,18,Super Income Maximisation,19/09/2025,No,1,1,0,0,1,0,0,0,0,1,0,0,0,0,0,1,0,1,0,1,0,0,0,0,0,1,0,0,0,1,0,0,1,0,1,1,1,1,1,0,1,1,0,1,0,1,0,0,0,1,criteria met,"The kids loved the cows in the field opposite, and the garden and played outdoor games there every day",Perfect for children and grandparents.,"We particularly appreciated all the items provided for children, such as the wide range of books, games, mini table and chairs, cutlery and crockery, baby bath, changing mat and travel cot (with a proper mattress).",Plenty of space for the children to run around and play and lots of social space in the house for all to enjoy.,Perfect for a family holiday so accommodating for children.
1014077,Best for Young Families,5,9.4,10,10,11,0.454545455,8.879844988,9.327906993,09:29.2,7,121977,58:09.0,SykesPropertyID,SykesPark:0,SykesParkID,136079,1,219957,1,2,2,4,Saturday,53.317435,-4.2227281,,HP - Wales Anglesey Coastal,Y Gogarth,Current,House,4,Ticks 1 to 5,8,4,1,0,382500,251500,"Benllech, Isle of Anglesey",Other settlement,Isle of Anglesey,Wales,Benllech,North Wales,01/06/2020,11/07/2020,,,Unknown,Unknown,Unknown,0,22,Super Income Maximisation,,Yes,1,1,1,0,1,1,0,0,1,1,0,0,0,0,0,1,1,0,1,0,0,1,1,0,0,1,0,0,0,1,0,0,1,0,1,1,1,1,1,0,0,1,0,0,0,0,0,0,0,1,criteria met,a bbq basket ball hoop for the kids,"Perfect for our family holiday - Granny and Grandad, Mum and Dad and 2 children aged 6 and 3.",we just had to be careful when the children were running around playing (20 month old and 4 year old).,We had a wonderful family holiday staying at Y Gogarth.,The accommodation was perfectly set up for a family holiday.
1111506,Best for Young Families,4,9.5,10,10,10,0.4,8.871262487,9.322757492,09:29.2,8,200904,51:43.0,SykesPropertyID,SykesPark:0,SykesParkID,230479,1,466382,0,0,2,4,Friday,51.8003631,-4.2296382,,South Wales,Pant Teg Farm,Current,Farm Stay,4,Ticks 1 to 5,8,4,0,0,212500,246500,,Other settlement,Carmarthenshire,Wales,Felindre,South Wales,16/12/2022,24/01/2023,,,Unknown,Unknown,Unknown,0,15,Partial Plus Income Maximisation,,No,1,1,1,0,1,1,0,0,1,1,0,0,0,1,0,1,1,1,1,0,0,1,0,0,0,1,0,0,0,1,0,1,1,0,0,0,1,1,1,0,0,1,1,1,0,0,0,0,0,,review evidence only - manual review recommended,The hot tub was a huge hit with the children. We created amazing family memories here.,Seeing the cows milked and feeding the calves was a real highlight for my children. They also loved playing with the farm's two beautiful dogs.,fed the calves which was so fun for the kids.,"The children spent their time outside playing with Suzy the puppy, helping feed the calves",
1123458,Best for Young Families,4,9.5,10,10,17,0.235294118,8.871262487,9.322757492,09:29.2,9,214490,03:03.0,SykesPropertyID,SykesPark:0,SykesParkID,241881,1,509787,1,3,3,4,Friday,52.7087181,1.6943211,,HP East Anglia,Fallowfield,Current,House,4,Ticks 1 to 5,8,4,1,0,319500,649500,"Winterton-on-Sea, Norfolk",Other settlement,Norfolk,England,Winterton-on-Sea,East Anglia,19/12/2022,19/12/2022,,,Unknown,Unknown,Unknown,0,18,Super Income Maximisation,,No,1,1,1,0,1,1,0,0,1,0,0,0,0,0,0,1,1,0,1,0,0,1,0,0,0,1,0,0,0,1,0,0,1,0,0,1,1,1,1,0,0,1,0,1,0,0,0,0,0,,review evidence only - manual review recommended,no fear of the children or the dog getting out,"We had an 18month old with us and he was able to move around freely, with out any worry of him hurting himself or damaging anything.",Wonderful location for a family mini break. Safe garden for our dogs and plenty of space in the house for everyone.,The garden was fully enclosed and safe for our dog and children,
1155098,Best for Young Families,3,9.666666667,10,10,20,0.15,8.861359602,9.316815761,09:29.2,10,283167,59:56.0,SykesPropertyID,SykesPark:0,SykesParkID,272285,1,315103,1,2,1,5,Friday,53.12202,-1.562371,,HP Peak District,Belgrano,Current,House,4,Ticks 1 to 5,10,4,1,0,358500,429500,"Matlock Bath, Derbyshire",Other settlement,Derbyshire,England,Matlock Bath,Peak District,23/12/2024,20/01/2025,,,Unknown,Unknown,Unknown,0,14,Super Income Maximisation,,No,1,1,1,0,1,1,0,0,0,0,0,0,0,0,0,1,0,1,1,0,0,1,1,0,0,1,0,1,1,1,0,0,1,0,0,1,0,1,1,0,1,1,0,1,0,0,0,0,0,,review evidence only - manual review recommended,Perfect for small children,I went with my children and grandchildren and everybody loved it.,It suited the whole family from an 8 year old to 80 year old.,,
976124,Best for Young Families,3,9.666666667,10,10,10,0.3,8.861359602,9.316815761,09:29.2,11,,,,,,,,,,,,,,,,,,,,,,,,,,,,,,,,,,,,,,,,,,,,,,,,,,,,,,,,,,,,,,,,,,,,,,,,,,,,,,,,,,,,,,,,,,,,,,,,,no property data - manual review recommended,my children loved the hot tub,"family break with multi ages grandparents, parents, 4 year old, a baby",We went with our Daughter and her 2 children aged 11 and 7,,
995219,Best for Young Families,3,9.666666667,10,10,10,0.3,8.861359602,9.316815761,09:29.2,12,,,,,,,,,,,,,,,,,,,,,,,,,,,,,,,,,,,,,,,,,,,,,,,,,,,,,,,,,,,,,,,,,,,,,,,,,,,,,,,,,,,,,,,,,,,,,,,,,no property data - manual review recommended,ideal for a family get together,Perfect for two families.,building dams with the children,,
1045628,Best for Young Families,3,9.666666667,10,10,22,0.136363636,8.861359602,9.316815761,09:29.2,13,129417,59:03.0,SykesPropertyID,SykesPark:0,SykesParkID,166172,1,168082,1,2,2,2,Friday,54.0765057,-1.9080908,,HP Yorkshire Dales,Snave Cottage,Current,Cottage,5,Ticks 1 to 5,4,5,1,0,460500,406500,"Skyreholme, North Yorkshire",Other settlement,North Yorkshire,England,Skyreholme,Yorkshire Dales,26/03/2020,01/07/2020,,,Unknown,Unknown,Unknown,0,14,Super Income Maximisation,,No,1,1,1,0,1,1,0,0,1,1,0,0,0,0,0,0,0,1,0,1,1,1,0,0,0,1,0,0,0,1,0,0,1,0,1,1,1,1,1,0,0,1,0,1,0,0,0,0,0,1,criteria met,being greeted daily by baby pheasants,Perfect for the kids,"The kids loved having time to properly relax, play games, and just enjoy being together",,
1041935,Best for Young Families,3,9.666666667,10,10,12,0.25,8.861359602,9.316815761,09:29.2,14,136628,08:20.0,SykesPropertyID,SykesPark:0,SykesParkID,161512,402,255718,1,2,3,4,Friday,54.255033,-2.953037,,HP Lake District,Fair Rigg Old Farm,Current,Farm Stay,5,Ticks 1 to 5,8,5,1,0,483500,337500,"Seatle, Cumbria",Other settlement,Cumbria,England,Seatle,Cumbria & The Lake District,16/10/2018,16/10/2018,,,Unknown,Unknown,Unknown,0,17,Super Income Maximisation,,No,1,1,1,0,1,0,0,0,0,1,0,0,0,0,0,1,0,1,1,0,1,1,0,0,0,1,1,1,0,1,0,0,1,0,0,1,0,1,1,0,1,1,0,0,0,0,0,0,0,,review evidence only - manual review recommended,great outdoor space for all the family to enjoy,as we had little ones with us it was great to have a washing machine.,Perfect for families,,
1046068,Best for Young Families,2,10,10,10,14,0.142857143,8.849806235,9.309883741,09:29.2,15,129888,34:00.0,SykesPropertyID,SykesPark:0,SykesParkID,166590,1,261629,1,2,1,2,Friday,53.1581254,-4.3521104,,HP - Wales Anglesey Coastal,Bron Gadair,Current,House semi-detached,4,Ticks 1 to 5,4,4,1,0,364500,242500,"Pen-l�n, Isle of Anglesey",Other settlement,Isle of Anglesey,Wales,Pen-l�n,North Wales,02/10/2020,03/10/2020,,,Unknown,Unknown,Unknown,0,22,Super Income Maximisation,,No,1,1,1,0,1,0,0,0,1,1,0,0,0,0,0,1,1,1,0,0,0,1,0,0,0,1,1,0,1,1,0,0,1,0,0,1,0,1,1,0,1,1,0,1,0,0,0,0,0,,review evidence only - manual review recommended,perfect for my wild children! They've played on the huge front lawn for hours,The kids really appreciated the pots of food for the goats,,,
1143853,Best for Young Families,2,10,10,10,30,0.066666667,8.849806235,9.309883741,09:29.2,16,266755,01:27.0,SykesPropertyID,SykesPark:0,SykesParkID,262071,441,569588,1,1,2,2,Friday,50.72856919,-2.944403234,,HP Devon South Coast,Seaward,Current,Apartment,5,Ticks 1 to 5,4,5,1,0,91500,333500,"Cobb, Dorset",Other settlement,Dorset,England,Cobb,Dorset,13/10/2023,13/10/2023,,,Unknown,Unknown,Unknown,0,16,Super Income Maximisation,,No,1,1,1,0,1,0,0,0,0,0,0,0,0,0,0,1,1,1,1,0,0,1,1,0,0,1,0,0,1,1,0,1,1,0,0,1,1,1,1,0,1,1,0,1,0,0,0,0,0,,review evidence only - manual review recommended,it was the perfect apartment for a young family,Our son enjoyed all the extras children's games and colouring books in his room.,,,
1076723,Best for Young Families,2,10,10,10,20,0.1,8.849806235,9.309883741,09:29.2,17,155412,51:09.0,SykesPropertyID,SykesPark:0,SykesParkID,196297,389,349198,0,0,1,2,Saturday,52.8798061,-4.4259695,,HP - Wales North West Coast,Gwel Y Mor,Current,Apartment,3,Ticks 1 to 5,5,3,1,0,334500,236500,"West End/Marian-y-mor, Gwynedd",Other settlement,Gwynedd,Wales,West End/Marian-y-mor,North Wales,24/06/2021,03/07/2021,,,Unknown,Unknown,Unknown,0,18,Super Income Maximisation,09/09/2022,No,1,1,0,0,0,0,0,0,1,0,0,0,0,0,0,0,1,0,1,0,0,0,0,0,0,0,0,1,0,1,0,1,1,0,0,0,0,1,1,0,0,1,0,1,0,0,0,0,0,,review evidence only - manual review recommended,Thoroughly enjoyed making memories with our young family.,Perfect size for a small family,,,
1081389,Best for Young Families,2,10,10,10,14,0.142857143,8.849806235,9.309883741,09:29.2,18,161653,56:57.0,SykesPropertyID,SykesPark:0,SykesParkID,201018,402,364224,1,2,3,4,Saturday,54.629175,-2.981245,,Cumbria West of M6,Flaska House,Current,House semi-detached,4,Ticks 1 to 5,8,4,0,0,526500,334500,"Scales, Cumbria",Other settlement,Cumbria,England,Scales,Cumbria & The Lake District,08/10/2021,08/10/2021,,,Unknown,Unknown,Unknown,0,15,Super Income Maximisation,,No,1,1,0,0,1,0,0,0,0,1,0,0,0,0,0,1,0,0,0,0,0,0,0,0,0,1,0,0,0,1,0,0,1,0,0,1,0,1,1,0,0,1,0,0,0,0,0,0,0,,review evidence only - manual review recommended,two toddlers,the garden which was plenty big enough for the children to run around,,,
1027511,Best for Young Families,2,10,10,10,19,0.105263158,8.849806235,9.309883741,09:29.2,19,143066,26:53.0,SykesPropertyID,SykesPark:0,SykesParkID,148061,1,236900,0,0,2,3,Friday,52.2301176,-2.2980959,,Worcestershire,Top Style Orchard,Current,Lodge,4,Ticks 1 to 5,6,4,0,0,260500,380500,"Monkwood Green, Worcestershire",Other settlement,Worcestershire,England,Monkwood Green,Heart of England,03/03/2021,12/04/2021,,,Unknown,Unknown,Unknown,0,18,Partial Plus Income Maximisation,,No,1,1,0,0,1,0,0,0,1,0,0,0,0,0,0,0,0,1,1,1,0,0,0,0,0,1,0,0,0,1,0,1,1,0,0,0,1,1,1,0,1,1,0,0,1,0,0,0,1,,review evidence only - manual review recommended,lots of lovely additional extras like toys and games for the children,The box of toys were a real bonus and the children loved the large safe garden area.,,,
926235,Best for Young Families,2,10,10,10,16,0.125,8.849806235,9.309883741,09:29.2,20,127423,08:32.0,SykesPropertyID,SykesPark:0,SykesParkID,40828,1,106557,0,0,4,5,Friday,53.04932,-3.3704695,,North Wales,Ysgubor Tyddyn Isaf,Current,House detached,5,Ticks 1 to 5,10,5,0,0,350500,308500,"Pandy'r Capel, Denbighshire",Other settlement,Denbighshire,Wales,Pandy'r Capel,North Wales,31/01/2020,07/02/2020,,,Unknown,Unknown,Unknown,0,15,Super Income Maximisation,,No Option Assigned,1,1,0,0,1,1,0,0,1,0,0,0,0,0,0,0,0,1,0,1,0,1,0,0,0,1,0,0,0,1,0,1,1,0,0,1,0,1,1,0,0,1,0,0,0,1,0,0,1,,review evidence only - manual review recommended,"The house is very comfortable, spacious, and perfectly suited for families with children – the kids had plenty of room to play, and we could truly relax.",The children loved the hot tub and seeing all the different animals in the surrounding fields.,,,
999495,Best for Young Families,2,10,10,10,10,0.2,8.849806235,9.309883741,09:29.2,21,112501,34:00.0,SykesPropertyID,SykesPark:0,SykesParkID,94004,1,199395,1,3,2,4,Saturday,53.2698828,-3.8263391,,North Wales,Cymryd Uchaf,Current,Cottage,3,Ticks 1 to 5,8,3,0,0,376500,277500,"Gyffin, Conwy",Other settlement,Conwy,Wales,Gyffin,North Wales,16/02/2019,25/02/2019,,,Unknown,Unknown,Unknown,0,20,Super Income Maximisation,,No,1,1,1,1,1,0,0,0,1,1,0,0,0,0,0,1,1,1,0,1,0,0,0,0,0,1,0,1,1,1,0,0,1,0,0,1,0,1,1,0,1,1,0,0,0,0,0,0,0,,review evidence only - manual review recommended,"it's an excellent place to stay, including for children and animals.",a huge area that is totally safe for kids and dogs,,,
1122789,Best for Young Families,2,10,10,10,6,0.333333333,8.849806235,9.309883741,09:29.2,22,213805,08:32.0,SykesPropertyID,SykesPark:0,SykesParkID,241201,437,507001,0,0,3,4,Friday,52.3123638,1.6454533,,HP East Anglia,Halsey,Current,House detached,4,Ticks 1 to 5,8,4,1,0,274500,649500,"Walberswick, Suffolk",Other settlement,Suffolk,England,Walberswick,East Anglia,10/03/2023,05/05/2023,,,Unknown,Unknown,Unknown,0,18,Super Income Maximisation,,Yes,1,1,0,0,1,0,0,0,1,0,0,0,0,0,0,0,1,0,0,0,0,0,0,1,0,1,0,0,0,1,0,1,1,0,0,0,0,1,0,0,0,1,0,0,0,1,0,0,0,,review evidence only - manual review recommended,We had a wonderful time away with the Grandchildren,Our 3-year-old granddaughter said she wanted to stay forever.,,,
1004069,Best for Young Families,2,10,10,10,16,0.125,8.849806235,9.309883741,09:29.2,23,125236,04:36.0,SykesPropertyID,SykesPark:0,SykesParkID,122433,1,205173,1,2,2,3,Saturday,50.1937654,-5.4598404,,HP Cornwall Coast,Tremar,Current,Detached,5,Ticks 1 to 5,6,5,1,0,38500,153500,"Longstone, Cornwall",Other settlement,Cornwall,England,Longstone,Cornwall,10/12/2019,21/12/2019,,,Unknown,Unknown,Unknown,0,16,Super Income Maximisation,27/08/2024,Yes,1,1,0,0,1,0,0,0,1,0,0,0,0,0,0,1,1,0,0,0,0,0,0,1,0,1,1,0,0,1,0,0,1,0,0,1,1,1,1,0,0,1,0,0,0,0,0,0,0,,review evidence only - manual review recommended,our son liked the swing,exactly what we need for a family of 3,,,
1164747,Best for Young Families,2,10,10,10,5,0.4,8.849806235,9.309883741,09:29.2,24,294949,59:24.0,SykesPropertyID,SykesPark:0,SykesParkID,281631,1,59264,1,3,4,6,Friday,52.5658185,-2.6978789,,Shropshire & Telford,Upper Home Farm,Current,House detached,4,Ticks 1 to 5,16,4,0,0,296500,352500,"Plaish, Shropshire",Other settlement,Shropshire,England,Plaish,Heart of England,20/11/2025,01/12/2025,,,Unknown,Unknown,Unknown,0,14,Super Income Maximisation,,No,1,1,0,0,1,0,1,0,1,1,0,0,0,0,1,1,0,1,1,1,0,1,0,0,0,1,0,0,0,1,0,0,0,0,0,1,1,0,1,0,1,1,0,1,0,0,0,0,0,,review evidence only - manual review recommended,the horses and pony were well loved by the children,The pool table and table football which provided some healthy competition for the adults and kids alike.,,,
1049938,Best for Young Families,2,10,10,10,13,0.153846154,8.849806235,9.309883741,09:29.2,25,130955,12:53.0,SykesPropertyID,SykesPark:0,SykesParkID,170341,389,264332,1,2,2,3,Friday,53.2455494,-4.4887116,,Anglesey,Ffrwd Lodge,Current,Lodge,4,Ticks 1 to 5,6,4,0,0,375500,234500,"Capel Gwyn, Isle of Anglesey",Other settlement,Isle of Anglesey,Wales,Capel Gwyn,North Wales,10/08/2020,14/08/2020,,,Unknown,Unknown,Unknown,0,15,Super Income Maximisation,,No,1,1,0,0,1,0,0,0,1,0,0,0,0,0,0,0,1,1,0,1,0,0,0,0,0,0,0,0,0,1,0,0,1,0,0,0,1,1,1,0,0,1,0,0,1,0,0,0,1,,review evidence only - manual review recommended,our 5 year old grandson loved it and so did we,"Spacious enough for grand parents, us, our young daughter and dogs.",,,
1147305,Best for Young Families,2,10,10,10,8,0.25,8.849806235,9.309883741,09:29.2,26,272625,32:27.0,SykesPropertyID,SykesPark:0,SykesParkID,264701,302,423392,0,0,1,2,Friday,50.261855,-4.786238,,HP Cornwall Coast,The Loft at Beach House,Current,Apartment,4,Ticks 1 to 5,4,4,1,0,43500,201500,"Portmellon, Cornwall",Other settlement,Cornwall,England,Portmellon,Cornwall,17/01/2024,17/01/2024,,,Unknown,Unknown,Unknown,0,18,Partial Income Maximisation,,No,1,0,1,0,1,0,0,0,1,0,0,0,0,0,0,1,1,0,1,0,0,1,1,0,0,1,0,0,0,1,0,1,1,0,0,1,0,1,1,0,1,1,0,1,0,0,0,0,0,,review evidence only - manual review recommended,our children slept like logs,We stayed with our two children and had the best time,,,
1092561,Best for Young Families,2,10,10,10,16,0.125,8.849806235,9.309883741,09:29.2,27,175981,38:10.0,SykesPropertyID,SykesPark:0,SykesParkID,211722,1,399326,1,2,1,2,Friday,53.1460294,-1.5546101,,HP Peak District,Cavendish Cottage,Current,House,4,Ticks 1 to 5,4,4,1,0,361500,429500,"Farley, Derbyshire",Other settlement,Derbyshire,England,Farley,Peak District,15/12/2021,01/04/2022,,,Unknown,Unknown,Unknown,0,18,Super Income Maximisation,,No,1,1,1,0,1,0,0,0,0,1,0,0,0,0,0,1,0,1,1,0,0,1,0,0,0,1,0,1,0,1,0,0,1,0,1,1,0,1,1,0,0,1,0,1,0,0,0,0,0,1,criteria met,"The travel cot bed was great. Our toddler loved how big it was as she could get all her teddies in with her. There were also plastic plates, cups and cutlery provided which was brilliant for her.","Had everything we needed for a family stay with our 2.5 year old including stair gate, high chair, bed side etc.",,,
947385,Best for Young Families,2,10,10,10,10,0.2,8.849806235,9.309883741,09:29.2,28,86316,43:39.0,SykesPropertyID,SykesPark:0,SykesParkID,78021,1,69336,1,2,5,7,Friday,52.475784,-2.774464,,Shropshire & Telford,The Old Farmhouse,Current,Detached,5,Ticks 1 to 5,14,5,0,0,286500,347500,"Westhope, Shropshire",Other settlement,Shropshire,England,Westhope,Heart of England,05/07/2017,07/07/2017,,,Unknown,Unknown,Unknown,0,15,Full Income Maximisation,,No Option Assigned,1,1,0,1,1,1,0,0,1,1,1,0,1,1,0,1,0,0,0,0,0,0,0,0,0,1,0,0,0,1,0,0,1,0,1,1,0,0,1,0,0,1,0,1,0,0,0,0,0,1,criteria met,including a dog and a child,Large garden for children.,,,
932186,Best for Young Families,2,10,10,10,12,0.166666667,8.849806235,9.309883741,09:29.2,29,79633,12:36.0,SykesPropertyID,SykesPark:0,SykesParkID,54744,1,113439,1,2,2,3,Saturday,52.3025672,-3.5101896,,Mid Wales,Trederwen,Current,Bungalow,4,Ticks 1 to 5,6,4,0,0,268500,297500,"Rhayader/Rhaeadr Gwy, Powys",Other settlement,Powys,Wales,Rhayader/Rhaeadr Gwy,Mid Wales,21/07/2016,06/08/2016,,,Unknown,Unknown,Unknown,0,18,Full Income Maximisation,,No Option Assigned,1,1,1,0,1,0,0,0,1,1,0,0,0,0,0,1,0,1,1,0,0,0,1,1,0,1,0,0,1,1,0,0,1,0,0,0,1,1,1,0,0,1,0,0,0,0,0,0,0,,review evidence only - manual review recommended,ideal for pets or children to play in,The kids also really enjoyed the close proximity to the leisure centre where they enjoyed the swimming pool,,,
928741,Best for Young Families,7,9.285714286,10,9.857142857,27,0.259259259,8.893980872,9.307817095,09:29.2,30,89511,58:09.0,SykesPropertyID,SykesPark:0,SykesParkID,51712,1,61073,1,2,1,2,Saturday,50.3203844,-4.820201,,Cornwall,Chapel Green Studio 2,Current,Cottage,4,Ticks 1 to 5,4,4,0,0,50500,199500,"Polgooth, Cornwall",Other settlement,Cornwall,England,Polgooth,Cornwall,26/05/2017,26/05/2017,,,Unknown,Unknown,Unknown,0,17,Super Income Maximisation,,No Option Assigned,1,1,0,1,1,1,1,0,1,0,1,0,1,0,1,0,1,1,0,0,0,0,0,0,0,0,0,0,0,1,0,0,1,0,0,1,1,1,1,0,0,1,0,1,0,1,0,0,0,,review evidence only - manual review recommended,children to play. The accommodation was spotless Well-maintained Garden for the children to roll about,We had a wonderful time there with our kids,Our daughter particularly enjoyed the pool,Our grandchildren loved the swimming pool and couldn't wait to get back each day to use it.,"It was perfect for 2 adults, 2 young children and 2 very chilled Huskies."
967293,Best for Young Families,5,9.2,10,10,18,0.277777778,8.813178321,9.287906993,09:29.2,31,92806,55:54.0,SykesPropertyID,SykesPark:0,SykesParkID,88192,1,161137,1,2,2,3,Friday,50.616539,-4.215475082,,Devon,Jacobs Barn,Current,Cottage,5,Ticks 1 to 5,5,5,0,0,81500,243500,"Chillaton, Devon",Other settlement,Devon,England,Chillaton,Devon,30/03/2012,30/03/2012,,,Unknown,Unknown,Unknown,0,18,Full Income Maximisation,,No Option Assigned,1,1,1,1,1,0,0,0,1,1,0,0,0,0,0,1,0,0,0,0,0,0,0,0,0,0,0,0,0,0,0,0,1,0,1,1,0,1,0,0,0,0,0,0,0,0,0,0,0,1,criteria met,"the garden is big with lots of sports equipment provided including table tennis, croquet, archery, football, tennis, and badminton",perfect for our family of five,our 9 & 7yr old loved the grounds,Great place for families lots to keep them busy,The grounds were lovely and allowed us to enjoy time as a family outside making good use of the tennis court and various games provided!
1162283,Best for Young Families,4,9.25,10,10,11,0.363636364,8.799833916,9.279900349,09:29.2,32,292058,43:35.0,SykesPropertyID,SykesPark:0,SykesParkID,279277,1,625369,1,2,2,3,Friday,51.8377639,-4.1312065,,South Wales,Meadow Cottage,Current,Cottage,4,Ticks 1 to 5,6,4,0,0,220500,253500,"Llanarthne, Carmarthenshire",Other settlement,Carmarthenshire,Wales,Llanarthne,South Wales,26/08/2024,22/08/2024,,,Unknown,Unknown,Unknown,0,16,Partial Income Maximisation,,Yes,1,0,1,0,1,0,0,0,1,1,0,0,0,0,0,1,0,1,1,0,0,1,0,0,0,1,0,0,0,1,0,0,1,0,1,1,0,1,1,0,0,1,1,1,0,0,0,0,0,1,criteria met,The perfect family get away!,the kids absolutely loved...our youngest still misses,the grandchildren were very sad to leave after enjoying paddleboarding and rowing on the lake along with the zipwire in the forest,a fab stay for a break for teenager’s birthdays,
1057505,Best for Young Families,4,9.25,10,10,18,0.222222222,8.799833916,9.279900349,09:29.2,33,266135,05:23.0,SykesPropertyID,SykesPark:0,SykesParkID,177741,1,293942,1,2,3,3,Friday,53.3432717,-1.7750241,,HP Peak District,Croft Cottage,Current,House semi-detached,5,Ticks 1 to 5,6,5,1,0,382500,415500,"Castleton, Derbyshire",Other settlement,Derbyshire,England,Castleton,Peak District,18/10/2023,18/10/2023,,,Unknown,Unknown,Unknown,0,16,Fixed Prices,,No,1,1,1,0,1,1,0,0,0,1,0,0,0,0,0,1,0,1,1,0,1,1,1,1,0,1,0,0,1,1,0,0,1,0,0,1,0,0,1,0,0,1,0,1,0,0,0,0,0,,review evidence only - manual review recommended,This property was absolutely perfect for our family holiday.,"perfectly suited to family and dogs, with big garden, lots of games and outdoor equipment",our little 14 month old Shipoo was just in her element exploring all the corners of the garden and running up and down the large lawn,From the eldest at 48 to the youngest at 9 months (puppy Ollie!) the whole family adored this holiday,
1120037,Best for Young Families,4,9.25,10,10,26,0.153846154,8.799833916,9.279900349,09:29.2,34,211247,42:42.0,SykesPropertyID,SykesPark:0,SykesParkID,238996,1,383036,0,0,1,2,Friday,50.8446247,-3.0699444,,Devon,The Hayloft,Current,Cottage,4,Ticks 1 to 5,4,4,0,0,104500,324500,"Stockland, Devon",Other settlement,Devon,England,Stockland,Devon,23/05/2023,22/05/2023,,,Unknown,Unknown,Unknown,0,15,Full Income Maximisation,,No,1,1,1,0,1,1,0,0,0,1,0,0,0,0,0,1,0,0,0,0,0,0,0,0,0,1,0,0,0,1,0,1,1,0,0,1,1,0,1,0,0,0,0,1,0,0,1,0,0,,review evidence only - manual review recommended,the delight of my kids,"They have carefully thought of everything that a family could, want, need in the amenities of the property",Our girls loved visiting the chickens,The kids really appreciated the Halloween cakes on arrival.,
3517,Best for Young Families,4,9.25,10,10,15,0.266666667,8.799833916,9.279900349,09:29.2,35,48399,52:22.0,SykesPropertyID,SykesPark:0,SykesParkID,4190,1,60882,0,0,1,2,Friday,53.10952,-1.73309,,HP Peak District,Bluebird Cottage,Current,Semi detached,4,Ticks 1 to 5,4,4,1,0,354500,418500,"Parwich, Derbyshire",Other settlement,Derbyshire,England,Parwich,Peak District,04/06/2009,26/06/2009,,,Unknown,Unknown,Unknown,0,20,Full Income Maximisation,,No Option Assigned,1,1,0,0,1,0,0,0,1,0,0,0,0,0,0,0,0,1,0,1,1,0,0,0,0,0,0,0,0,0,0,1,1,0,0,0,0,1,1,0,0,1,0,1,0,0,0,0,0,,review evidence only - manual review recommended,Kids loved feeding the donkeys and goats.,the farm animals were a big hit with the kids,The children loved playing in the garden and looking at the goats and donkeys.,Our little one loved seeing and feeding the animals,
1173260,Best for Young Families,4,9.25,10,10,11,0.363636364,8.799833916,9.279900349,09:29.2,36,305389,38:30.0,SykesPropertyID,SykesPark:0,SykesParkID,289839,1,650847,1,1,1,3,Friday,53.2074429,-2.8831758,,Cheshire & Wirral,The Warren,Current,House detached,3,Ticks 1 to 5,6,3,0,0,368500,341500,"Newton, Cheshire",Other settlement,Cheshire,Wales,Newton,North Wales,24/09/2025,24/10/2025,,,Unknown,Unknown,Unknown,0,18,Super Income Maximisation,,No,1,1,1,0,1,0,0,0,1,0,0,0,0,0,0,1,0,0,1,0,0,1,0,0,0,1,0,1,0,0,0,0,1,0,0,1,1,1,1,0,0,1,0,0,0,0,0,0,0,,review evidence only - manual review recommended,Exceptional toys for the children with us.,"the little extras were a real bonus like the welcome pack, toys, games and gifts",Toys for our 5 year-old were much appreciated and enjoyed by the whole family.,"My children loved all the games, dvds and toys especially bingo!",
1163646,Best for Young Families,3,9.333333333,10,10,9,0.333333333,8.784436525,9.270661915,09:29.2,37,293581,35:02.0,SykesPropertyID,SykesPark:0,SykesParkID,280568,1,630678,1,3,3,5,Friday,52.8249283,-1.8863048,,Peak District & Derbyshire,Gapstile,Current,House detached,5,Ticks 1 to 5,11,5,0,0,326500,407500,"Dunstal, Staffordshire",Other settlement,Staffordshire,England,Dunstal,Peak District,03/10/2025,24/10/2025,,,Unknown,Unknown,Unknown,0,15,Partial Plus Income Maximisation,,No,1,1,0,0,1,1,0,0,1,1,0,0,0,0,0,1,0,1,1,1,0,1,0,0,0,1,1,1,0,1,0,1,1,0,0,1,1,1,1,0,0,1,1,1,0,1,1,0,0,,review evidence only - manual review recommended,"the cottage is in large, enclosed grounds was a bonus for the children",the Children so enjoyed the playground just set off the main road in the town,our party of 6 adults and 5 children ranging in age from 4 to early teens,,
1082976,Best for Young Families,3,9.333333333,10,10,9,0.333333333,8.784436525,9.270661915,09:29.2,38,163764,09:29.0,SykesPropertyID,SykesPark:0,SykesParkID,202615,1,369675,1,2,1,2,Friday,52.3142514,-2.3640815,,Worcestershire,The Little Beehive,Current,House detached,5,Ticks 1 to 5,4,5,0,0,267500,374500,"Abberley, Worcestershire",Other settlement,Worcestershire,England,Abberley,Heart of England,07/12/2021,07/12/2021,,,Unknown,Unknown,Unknown,0,18,Super Income Maximisation,,No,1,1,1,0,1,1,0,1,1,0,0,0,0,0,0,0,0,1,1,0,0,1,0,0,0,1,0,0,0,1,0,0,1,0,0,0,0,1,1,0,0,1,0,1,0,0,0,0,0,,review evidence only - manual review recommended,I brought my two sons to stay and we had such a lovely time.,My little boy didn't want to leave.,As a single dad with 2 young kids,,
1041361,Best for Young Families,3,9.333333333,10,10,7,0.428571429,8.784436525,9.270661915,09:29.2,39,,,,,,,,,,,,,,,,,,,,,,,,,,,,,,,,,,,,,,,,,,,,,,,,,,,,,,,,,,,,,,,,,,,,,,,,,,,,,,,,,,,,,,,,,,,,,,,,,no property data - manual review recommended,My oldest daughter really enjoyed the top room and the bath.,We had a relaxing family holiday and were very impressed with everything about Raisthwaite Farm.,A high chair was provided for us too which was very helpful (cot too but we had brought our own).,,
1101463,Best for Young Families,3,9.333333333,10,10,7,0.428571429,8.784436525,9.270661915,09:29.2,40,187916,05:36.0,SykesPropertyID,SykesPark:0,SykesParkID,220714,370,198099,1,1,1,2,Saturday,50.2935224,-3.710618139,,HP Devon South Coast,"Primrose at Stancombe Manor, Nr Kingsbridge",Current,Apartment,4,Ticks 1 to 5,4,4,1,0,44500,277500,"Sherford, Devon",Other settlement,Devon,England,Sherford,Devon,22/09/2022,22/09/2022,,,Unknown,Unknown,Unknown,0,18,Super Income Maximisation,,Yes,1,1,0,1,1,0,1,0,0,0,1,0,0,0,1,1,1,1,0,0,0,1,0,0,0,1,0,0,0,1,0,0,1,0,1,1,0,0,1,0,0,1,0,1,0,0,0,0,0,1,criteria met,Our grandson was in his element ...swimming pool ...games room..pitch and put ...tennis ..kids play area,"our 6 and 3 year old, the property was spotless on arrival and has everything you could need. Facilities at Stancombe are great, kids love the swimming pool.",Fabulous for families in the school holidays,,
949952,Best for Young Families,3,9.333333333,10,10,15,0.2,8.784436525,9.270661915,09:29.2,41,93906,12:06.0,SykesPropertyID,SykesPark:0,SykesParkID,76117,1,106976,1,2,1,2,Friday,52.3068711,-3.1688448,,Mid Wales,Ploony Hill Lodge,Current,Log Cabin,4,Ticks 1 to 5,4,4,0,0,268500,320500,"Bleddfa, Powys",Other settlement,Powys,Wales,Bleddfa,Mid Wales,28/12/2017,28/12/2017,,,Unknown,Unknown,Unknown,0,15,Partial Plus Income Maximisation,,No Option Assigned,1,1,1,0,1,1,0,0,1,1,0,0,0,0,0,1,0,1,0,1,0,0,0,0,0,1,0,0,0,1,0,0,1,0,0,0,1,1,1,0,0,1,0,0,1,0,0,0,0,,review evidence only - manual review recommended,"We stayed at Plooney Lodge for three nights as a family of 4 (two kids, aged 7 and 10).",the kids loved it so much outdoor space for them to run around,The garden is completely secure for the dogs and young children to run about in.,,
932847,Best for Young Families,3,9.333333333,10,10,8,0.375,8.784436525,9.270661915,09:29.2,42,68824,03:35.0,SykesPropertyID,SykesPark:0,SykesParkID,51189,2,114098,1,1,5,6,Saturday,55.0666667,-7.2666667,,HP Donegal Coast,Millers Lane House,Current,Detached,5,Ticks 1 to 5,12,5,1,0,,,"Magh, County Donegal",Other settlement,County Donegal,Ireland,Magh,Ireland,11/02/2016,20/02/2016,,,Unknown,Unknown,Unknown,0,20,Super Income Maximisation,,No Option Assigned,1,1,0,0,1,0,0,0,1,1,0,0,0,0,0,1,0,1,0,0,0,0,0,0,0,0,0,0,0,1,0,0,1,0,1,1,0,1,1,0,0,1,0,0,0,1,0,0,0,1,criteria met,perfect for our whole family ranging from 10 -80,Plenty of room inside and out for the kids to play and run around.,Had a fantastic stay at Millars Lane House for a couple of nights with 5 adults and 5 children,,
1134347,Best for Young Families,3,9.333333333,10,10,15,0.2,8.784436525,9.270661915,09:29.2,43,230268,00:21.0,SykesPropertyID,SykesPark:11,SykesParkID,252837,1,540181,1,2,2,3,Friday,54.3917955,-2.9344299,White Cross Bay,HP Lake District,8 Waterside Wood,Current,Lodge,4,Ticks 1 to 5,6,4,1,0,500500,340500,"Troutbeck Bridge, Cumbria",Other settlement,Cumbria,England,Troutbeck Bridge,Cumbria & The Lake District,19/06/2023,19/06/2023,,,Unknown,Unknown,Unknown,0,20,Full Income Maximisation,,No,1,1,1,0,1,0,1,0,1,0,0,1,0,0,1,0,0,0,0,0,1,1,1,1,0,1,1,0,0,1,0,0,1,0,0,1,1,1,1,0,0,1,0,1,1,0,0,0,0,,review evidence only - manual review recommended,perfect for families,great facilities for the kids,Perfect for a family getaway.,,
961334,Best for Young Families,3,9.333333333,10,10,15,0.2,8.784436525,9.270661915,09:29.2,44,91401,58:09.0,SykesPropertyID,SykesPark:0,SykesParkID,69478,1,145589,1,2,2,4,Friday,53.068635,-1.817453,,HP Peak District,Paddock House,Current,Detached,4,Ticks 1 to 5,8,4,1,0,354500,412500,"Stanshope, Staffordshire",Other settlement,Staffordshire,England,Stanshope,Peak District,23/08/2017,02/10/2017,,,Unknown,Unknown,Unknown,0,20,Full Income Maximisation,,No Option Assigned,1,1,0,1,1,0,0,0,1,1,0,0,0,0,0,1,0,0,0,0,0,0,0,0,0,0,0,0,0,1,0,0,1,0,1,1,0,1,1,0,1,1,1,0,0,0,0,0,0,1,criteria met,"perfect for spending quality family time together. There was so much space to sit, talk and play games.",perfect for our family get-together,It was an ideal location for a family gettogether,,
983574,Best for Young Families,3,9.333333333,10,10,27,0.111111111,8.784436525,9.270661915,09:29.2,45,104266,15:52.0,SykesPropertyID,SykesPark:0,SykesParkID,72876,1,181445,1,2,1,2,Saturday,52.5527706,-2.7969876,,HP Shropshire,Old Hall Barn 1,Current,Barn conversion,4,Ticks 1 to 5,4,4,1,0,295500,346500,"All Stretton, Shropshire",Other settlement,Shropshire,England,All Stretton,Heart of England,17/07/2018,17/07/2018,,,Unknown,Unknown,Unknown,0,15,Super Income Maximisation,,No,1,1,1,0,1,1,0,0,1,0,0,0,0,0,0,1,0,1,0,0,0,0,1,0,0,1,0,0,0,0,0,0,1,0,0,1,0,1,1,0,0,1,0,1,0,0,0,0,0,,review evidence only - manual review recommended,"Me, my wife, two kids",the owner had provided a travel cot and high chair for the baby,fully secure garden for two little explorers,,
1172621,Best for Young Families,3,9.333333333,10,10,9,0.333333333,8.784436525,9.270661915,09:29.2,46,304628,25:44.0,SykesPropertyID,SykesPark:0,SykesParkID,289176,370,649799,1,2,5,5,Thursday,50.2285361,-3.7853164,,HP Devon South Coast,Moult Hill Barn,Current,Rural Holiday Home,5,Ticks 1 to 5,16,5,1,0,38500,271500,"Rew, Devon",Other settlement,Devon,England,Rew,Devon,20/03/2025,20/03/2025,,,Unknown,Unknown,Unknown,0,16,Super Income Maximisation,,Yes,1,1,1,0,1,0,0,0,1,1,0,0,0,0,0,1,1,1,1,1,0,1,0,0,0,1,0,0,0,1,0,0,1,0,0,1,0,1,1,0,0,1,0,1,0,0,0,0,0,,review evidence only - manual review recommended,even to the point of new baby cups and spoons as we had a little one with us,"the space was amazing for the 13 of us, eight adults and five children, and enough room them to run around",The open space was fun for the little ones and they had a lively time,,
1138811,Best for Young Families,3,9.333333333,10,10,11,0.272727273,8.784436525,9.270661915,09:29.2,47,235448,03:13.0,SykesPropertyID,SykesPark:0,SykesParkID,257168,1,552921,0,0,2,3,Friday,54.1797921,-0.2819233,,North Yorkshire,The Beach Retreat,Current,Cottage,0,Ticks 1 to 5,6,,0,0,477500,511500,"Hunmanby Moor, North Yorkshire",Other settlement,North Yorkshire,England,Hunmanby Moor,North York Moors & Coast,21/07/2023,21/07/2023,,,Unknown,Unknown,Unknown,0,18,Super Income Maximisation,,No,1,1,0,0,1,0,1,0,1,0,0,1,0,0,1,1,1,1,1,0,0,1,1,1,0,1,0,0,0,1,0,1,1,0,0,1,0,1,1,0,0,1,0,1,0,0,0,0,0,,review evidence only - manual review recommended,"the property was ideal for us, 4 adults & two young children. The property was very well equipped & a stair gate was provided for the little ones.",Easter Eggs for the Grandchildren in our welcome pack,the area behind the house was ideal for everyone especially for the grandchildren to have their own space,,
1038846,Best for Young Families,3,9.333333333,10,10,6,0.5,8.784436525,9.270661915,09:29.2,48,130842,25:51.0,SykesPropertyID,SykesPark:0,SykesParkID,159417,1,250414,1,1,2,4,Friday,50.766122,-4.544269,,HP Cornwall Coast,Auverne,Current,House,4,Ticks 1 to 5,8,4,1,0,99500,220500,"Bangors, Cornwall",Other settlement,Cornwall,England,Bangors,Cornwall,29/07/2020,14/08/2020,,,Unknown,Unknown,Unknown,0,20,Super Income Maximisation,,Yes,1,1,1,1,1,0,0,0,1,1,1,0,0,0,0,1,1,1,1,0,0,0,0,0,0,1,0,0,0,1,0,0,1,0,0,1,1,0,1,0,0,1,0,0,0,0,0,0,0,,review evidence only - manual review recommended,"We stayed here as a family, with our children and grandchildren","the entire set with 2 of us over 66, an almost 60, 2 in their mid 30s and 2 babes under 2 and a half",Secure garden for our children and dog to run and play.,,
905898,Best for Young Families,3,9.333333333,10,10,16,0.1875,8.784436525,9.270661915,09:29.2,49,52086,02:54.0,SykesPropertyID,SykesPark:0,SykesParkID,33668,1,62214,1,2,1,2,Friday,50.8552194,-2.2445152,,Dorset,Rowdens Barn,Current,Terraced,4,Ticks 1 to 5,4,4,0,0,106500,382500,"Hedge End, Dorset",Other settlement,Dorset,England,Hedge End,Dorset,21/02/2014,12/05/2014,,,Unknown,Unknown,Unknown,0,18,Super Income Maximisation,,No Option Assigned,1,1,1,0,1,0,0,0,1,1,0,0,0,0,0,1,0,0,0,1,0,0,0,0,0,1,0,0,0,1,0,0,1,0,1,1,0,1,1,0,1,1,0,1,0,1,0,0,0,1,criteria met,well equipped for kids with the games room a massive hit,including a good highchair and travel cot for my baby,Kids loved it and the games room next door,,
1143420,Best for Young Families,3,9.333333333,10,10,8,0.375,8.784436525,9.270661915,09:29.2,50,266274,13:32.0,SykesPropertyID,SykesPark:0,SykesParkID,261695,302,556573,1,1,1,2,Saturday,50.158465,-5.5111504,,Cornwall,Long Barn,Current,Cottage,4,Ticks 1 to 5,4,4,0,0,34500,149500,"Castle Gate, Cornwall",Other settlement,Cornwall,England,Castle Gate,Cornwall,18/04/2024,20/04/2024,,,Unknown,Unknown,Unknown,0,18,Super Income Maximisation,,No,1,0,0,0,1,0,0,0,0,0,0,0,0,0,0,0,1,1,1,0,0,1,0,0,0,1,0,0,0,1,0,0,0,0,0,0,1,0,1,0,1,0,0,1,0,0,0,0,0,,review evidence only - manual review recommended,"Me, my husband and our little girl have just stayed at Long Barn",there was plenty space in the main bedroom for a travel cot for our baby so perfect for families,"For the kids there is plenty of space outside to run, play ball or fly a kite.",,
1041242,Best for Young Families,3,9.333333333,10,10,11,0.272727273,8.784436525,9.270661915,09:29.2,51,136552,16:36.0,SykesPropertyID,SykesPark:0,SykesParkID,161703,402,255821,1,2,4,4,Saturday,54.313846,-2.840724,,Cumbria West of M6,Highbeck,Current,Bungalow,4,Ticks 1 to 5,8,4,0,0,491500,344500,"Crosthwaite, Cumbria",Other settlement,Cumbria,England,Crosthwaite,Cumbria & The Lake District,20/03/2019,20/03/2019,,,Unknown,Unknown,Unknown,0,15,Super Income Maximisation,,No,1,1,1,0,1,0,0,0,0,0,0,0,0,0,0,1,0,1,0,0,1,0,0,0,0,1,0,1,0,1,0,0,0,0,0,1,0,0,1,0,0,1,0,0,0,0,0,0,0,,review evidence only - manual review recommended,So spacious for all of us including grandkids,The 3 girls loved the gardens and said they loved rolling down the hill in the shared garden and they loved exploring and reading their books under the willow tree,Children loved the stream and garden and having so much space in the house.,,
1129966,Best for Young Families,3,9.333333333,10,10,10,0.3,8.784436525,9.270661915,09:29.2,52,225276,06:59.0,SykesPropertyID,SykesPark:0,SykesParkID,248459,1,528377,1,2,2,4,Friday,51.390032,-3.2672608,,South Wales,12 Clos Yr Wylan,Current,House semi-detached,4,Ticks 1 to 5,8,4,0,0,166500,311500,"Barry Island, The Vale of Glamorgan",Other settlement,The Vale of Glamorgan,Wales,Barry Island,South Wales,04/08/2023,07/08/2023,,,Unknown,Unknown,Unknown,0,15,Super Income Maximisation,,No,1,1,1,0,1,0,0,0,1,0,0,0,0,0,0,1,1,0,1,0,0,1,0,1,0,1,0,1,0,1,0,0,1,0,0,1,0,0,1,0,1,1,0,1,0,0,0,0,0,,review evidence only - manual review recommended,everything a family would need,Our grandchildren enjoyed the games provided as well as many walks exploring the pathways to the beach.,As a family of 5 and a dog we had a wonderful stay.,,
925397,Best for Young Families,3,9.333333333,10,10,10,0.3,8.784436525,9.270661915,09:29.2,53,55961,45:03.0,SykesPropertyID,SykesPark:0,SykesParkID,47836,1,105742,1,2,3,6,Friday,52.4954658,-3.0005326,,HP Shropshire,The Laurels,Current,Detached,4,Ticks 1 to 5,15,4,1,0,289500,332500,"Castlegreen, Shropshire",Other settlement,Shropshire,England,Castlegreen,Heart of England,12/06/2015,15/06/2015,,,Unknown,Unknown,Unknown,0,17,Partial Income Maximisation,,No Option Assigned,1,1,1,0,1,0,0,0,1,0,0,0,0,0,0,1,0,0,1,0,0,1,1,1,0,1,0,0,0,1,0,0,1,0,1,1,0,1,1,0,0,1,0,0,0,0,0,0,1,1,criteria met,full toys and games cupboards and everything in between,"the addition of the bbq in the garden was very welcome and added to our enjoyment. As an added bonus there was a toy kitchen in the dining room, and a toy cupboard in the sitting room which kept the children very busy and entertained. There were garden toys too.",The children had a great time playing in the garden and with the toys provided.,,
933787,Best for Young Families,3,9.333333333,10,10,9,0.333333333,8.784436525,9.270661915,09:29.2,54,129874,01:21.0,SykesPropertyID,SykesPark:0,SykesParkID,55302,1,115055,0,0,2,5,Friday,51.8164308,-2.4729484,,HP Herefordshire,Moors Farm,Current,Detached,4,Ticks 1 to 5,10,4,1,0,213500,367500,"Littledean, Gloucestershire",Other settlement,Gloucestershire,England,Littledean,Cotswolds,07/07/2020,31/07/2020,,,Unknown,Unknown,Unknown,0,22,Partial Income Maximisation,,No Option Assigned,1,1,1,0,1,1,0,0,1,0,0,0,0,0,0,1,0,1,0,0,0,0,0,0,0,1,0,0,0,1,0,1,1,0,0,1,0,1,1,0,0,1,0,0,0,0,0,0,0,,review evidence only - manual review recommended,"I think our 5 year old Grandson said it all when he said 'I loved it there, I don't want to leave!'",the kids loved the play area and surrounding sheep,"The kids absolutely loved the climbing frame/play area, spending hours on the swings while watching the sheep wander by, such a lovely touch.",,
1117049,Best for Young Families,3,9.333333333,10,10,19,0.157894737,8.784436525,9.270661915,09:29.2,55,210235,28:04.0,SykesPropertyID,SykesPark:0,SykesParkID,237827,437,489570,1,2,4,4,Friday,52.3155369,1.6733724,,HP East Anglia,Harbour Lights,Current,House detached,5,Ticks 1 to 5,8,5,1,0,276500,650500,"Southwold, Suffolk",Town,Suffolk,England,Southwold,East Anglia,10/12/2020,10/12/2020,,,Unknown,Unknown,Unknown,0,18,Super Income Maximisation,,Yes,1,1,0,0,1,0,0,0,1,1,0,0,0,0,0,1,1,0,0,0,0,0,1,0,0,0,0,0,0,1,0,0,1,0,0,0,0,1,1,0,0,1,0,0,0,0,0,0,0,,review evidence only - manual review recommended,beach days for the grandchildren,The children love staying here as they have the beach on the doorstep and are able to play outside for hours safely.,We had a splendid family holiday,,
1171323,Best for Young Families,2,9.5,10,10,11,0.181818182,8.766472902,9.259883741,09:29.2,56,302883,32:22.0,SykesPropertyID,SykesPark:0,SykesParkID,287951,1,647001,0,0,6,7,Friday,54.0105832,-0.4277568,,East Yorkshire,Ten Gables,Current,House detached,5,Ticks 1 to 5,16,5,0,0,458500,502500,"Driffield, East Riding of Yorkshire",Town,East Riding of Yorkshire,England,Driffield,North York Moors & Coast,30/09/2025,28/11/2025,,,Unknown,Unknown,Unknown,0,14,Full Income Maximisation,,No,1,1,1,0,1,1,0,0,1,0,0,0,0,0,0,1,0,1,1,0,0,1,0,0,0,1,0,1,1,1,0,1,1,0,0,0,1,1,1,0,0,0,0,1,0,1,0,0,0,,review evidence only - manual review recommended,Kids loved the cinema room.,made travelling with family so easy and stress-free,,,
1169006,Best for Young Families,2,9.5,10,10,12,0.166666667,8.766472902,9.259883741,09:29.2,57,300219,23:09.0,SykesPropertyID,SykesPark:0,SykesParkID,285684,389,641843,0,0,2,3,Friday,53.4135297,-4.4519292,,HP - Wales Anglesey Coastal,5 Sea View Street,Current,Cottage,4,Ticks 1 to 5,6,4,1,0,393500,236500,"Cemaes, Isle of Anglesey",Other settlement,Isle of Anglesey,Wales,Cemaes,North Wales,03/04/2025,03/04/2025,,,Unknown,Unknown,Unknown,0,18,Super Income Maximisation,,No,1,1,1,0,1,0,0,0,0,1,0,0,0,0,0,1,1,0,1,0,0,1,1,1,0,1,1,0,1,1,0,1,1,0,0,0,0,1,1,0,0,1,0,1,0,0,0,0,0,,review evidence only - manual review recommended,the grandchildren just loved it,Particularly good for children to pop out onto the beach safely whatever the state of the tide.,,,
1045454,Best for Young Families,2,9.5,10,10,11,0.181818182,8.766472902,9.259883741,09:29.2,58,129612,34:00.0,SykesPropertyID,SykesPark:0,SykesParkID,165650,1,261990,1,2,4,6,Friday,53.3230636,-3.8347786,,HP - Wales North Coast,Lisboa,Current,House terraced,4,Ticks 1 to 5,16,4,1,0,381500,278500,"Llandudno, Conwy",Town,Conwy,Wales,Llandudno,North Wales,24/03/2020,04/06/2020,,,Unknown,Unknown,Unknown,0,20,Super Income Maximisation,,No,1,1,1,0,1,0,0,0,0,0,0,0,0,0,0,1,1,0,1,0,0,1,1,1,0,1,0,0,0,1,0,0,1,0,0,0,0,1,1,0,1,1,0,0,0,0,0,0,0,,review evidence only - manual review recommended,5 under 10’s.,Everyone from aged 70 to 2 years loved it.,,,
1150053,Best for Young Families,2,9.5,10,10,6,0.333333333,8.766472902,9.259883741,09:29.2,59,276938,08:59.0,SykesPropertyID,SykesPark:0,SykesParkID,267301,400,587771,1,1,2,3,Saturday,52.017455,-4.898807,,HP - Wales Pembrokeshire Coast,Tegfan,Current,House,4,Ticks 1 to 5,6,4,1,0,239500,200500,"Dinas Cross, Pembrokeshire",Other settlement,Pembrokeshire,Wales,Dinas Cross,South Wales,21/02/2024,02/03/2024,,,Unknown,Unknown,Unknown,0,22,Super Income Maximisation,,Yes,1,1,1,0,1,0,0,0,1,1,0,0,0,0,0,1,1,0,0,0,1,0,0,0,0,1,0,1,0,1,0,0,1,0,0,1,1,1,1,0,0,1,0,1,0,0,0,0,0,,review evidence only - manual review recommended,Perfect cottage for our little family.,Making memories with our grandchildren. The house had all that we needed. ... a great children's park.,,,
1037110,Best for Young Families,2,9.5,10,10,8,0.25,8.766472902,9.259883741,09:29.2,60,127074,45:21.0,SykesPropertyID,SykesPark:0,SykesParkID,157698,400,247015,1,2,2,3,Friday,51.7636695,-4.7356104,,South Wales,Stoney Cottage,Current,Cottage,4,Ticks 1 to 5,7,4,0,0,211500,211500,"Templeton, Pembrokeshire",Other settlement,Pembrokeshire,Wales,Templeton,South Wales,08/01/2020,09/01/2020,,,Unknown,Unknown,Unknown,0,19,Super Income Maximisation,,No,1,1,1,0,1,0,0,0,1,0,0,0,0,0,0,1,0,0,0,0,0,0,1,0,0,1,0,0,0,1,0,0,1,0,1,1,1,1,1,0,0,1,0,1,0,0,0,0,1,1,criteria met,perfect for our family of 5,The house was perfect for our family of 4 adults and a child,,,
27990,Best for Young Families,2,9.5,10,10,10,0.2,8.766472902,9.259883741,09:29.2,61,51251,06:39.0,SykesPropertyID,SykesPark:0,SykesParkID,22622,1,81504,0,0,2,3,Saturday,53.9097581,-1.986431,,Yorkshire Dales,Canalside Cottage,Current,Semi detached,4,Ticks 1 to 5,6,4,0,0,446500,400500,"Farnhill, North Yorkshire",Other settlement,North Yorkshire,England,Farnhill,Yorkshire Dales,13/01/2014,15/02/2014,,,Unknown,Unknown,Unknown,0,20,Super Income Maximisation,,No Option Assigned,1,1,1,0,1,0,0,0,1,1,0,0,0,0,0,1,0,1,0,0,0,1,1,0,1,1,0,0,0,1,0,1,1,0,1,1,0,1,1,0,1,1,0,0,0,0,0,0,0,1,criteria met,the kids loved it as much as the adults,"we were impressed particularly with everything you need for a young child as we had our year old grandson with us, even down to plates and cutlery",,,
18205,Best for Young Families,2,9.5,10,10,8,0.25,8.766472902,9.259883741,09:29.2,62,56577,37:01.0,SykesPropertyID,SykesPark:0,SykesParkID,17773,1,74656,1,4,4,7,Friday,53.524951,-1.6739513,,Peak District & Derbyshire,Hartcliffe View,Current,House detached,5,Ticks 1 to 5,15,5,0,0,403500,421500,"Royd, Barnsley",Other settlement,Barnsley,England,Royd,Peak District,19/11/2012,07/12/2012,,,Unknown,Unknown,Unknown,0,18,Super Income Maximisation,08/03/2022,No Option Assigned,1,1,1,1,1,1,0,0,1,0,1,0,0,1,0,1,1,1,1,0,1,1,1,1,0,1,0,0,0,1,0,0,1,0,0,1,1,0,1,0,1,1,1,0,0,1,1,1,0,,review evidence only - manual review recommended,"3 children, 2 infants",The play pen provided by our hosts proved invaluable as we were able to relax as baby played happily and safely in the pen.,,,
1134464,Best for Young Families,2,9.5,10,10,11,0.181818182,8.766472902,9.259883741,09:29.2,63,230450,00:32.0,SykesPropertyID,SykesPark:0,SykesParkID,252940,1,540241,1,2,3,7,Saturday,52.6729183,-4.0805685,,HP - Wales North West Coast,Tawelfan,Current,House semi-detached,3,Ticks 1 to 5,14,3,1,0,310500,259500,"Gwastadgoed, Gwynedd",Other settlement,Gwynedd,Wales,Gwastadgoed,North Wales,09/03/2024,09/03/2024,,,Unknown,Unknown,Unknown,0,18,Super Income Maximisation,,Yes,1,1,1,0,1,0,0,0,1,1,0,0,0,0,0,0,1,0,0,0,0,0,0,0,0,0,0,0,0,0,0,0,1,0,0,0,0,1,0,0,0,1,0,0,0,0,0,0,0,,review evidence only - manual review recommended,the access path to the beach was the kids favourite part,lots of toys and games for the children,,,
967064,Best for Young Families,2,9.5,10,10,10,0.2,8.766472902,9.259883741,09:29.2,64,93287,18:09.0,SykesPropertyID,SykesPark:0,SykesParkID,92971,1,160930,1,2,1,3,Saturday,52.819958,-4.7213156,,HP - Wales North West Coast,Nant Y Felin Lodge,Current,Lodge,4,Ticks 1 to 5,6,4,1,0,327500,215500,"Anelog, Gwynedd",Other settlement,Gwynedd,Wales,Anelog,North Wales,21/11/2017,21/11/2017,,,Unknown,Unknown,Unknown,0,15,Super Income Maximisation,,No Option Assigned,1,1,0,0,1,0,0,0,1,1,0,0,0,0,0,1,1,0,0,0,0,0,0,0,0,1,0,0,0,1,0,0,1,0,1,1,0,0,1,0,0,1,0,0,1,0,0,0,0,1,criteria met,my Grandchildren,We were there with our three children and our dog for a week.,,,
1112178,Best for Young Families,2,9.5,10,10,8,0.25,8.766472902,9.259883741,09:29.2,65,201750,03:16.0,SykesPropertyID,SykesPark:0,SykesParkID,231101,1,468732,1,2,2,3,Friday,50.2727811,-4.7857303,,HP Cornwall Coast,Sea View,Current,Cottage,4,Ticks 1 to 5,7,4,1,0,45500,201500,"Mevagissey, Cornwall",Other settlement,Cornwall,England,Mevagissey,Cornwall,25/01/2023,25/01/2023,,,Unknown,Unknown,Unknown,0,22,Super Income Maximisation,,No,1,1,1,0,1,0,0,0,0,0,0,0,0,0,0,1,1,1,1,0,0,1,1,0,0,1,0,0,0,1,0,0,1,0,0,1,1,1,1,0,0,1,0,1,0,0,0,0,0,,review evidence only - manual review recommended,Felt like a real holiday for all the family.,"there’s also a children’s playground right in front of the house, which was perfect for our family",,,
1114180,Best for Young Families,2,9.5,10,10,12,0.166666667,8.766472902,9.259883741,09:29.2,66,204921,14:59.0,SykesPropertyID,SykesPark:0,SykesParkID,233287,400,477003,1,2,2,4,Friday,52.016448,-4.882798,,HP - Wales Pembrokeshire Coast,Taibach,Current,House detached,4,Ticks 1 to 5,7,4,1,0,239500,200500,"Dinas Cross, Pembrokeshire",Other settlement,Pembrokeshire,Wales,Dinas Cross,South Wales,01/08/2024,04/10/2024,,,Unknown,Unknown,Unknown,0,24,Super Income Maximisation,,Yes,1,0,0,0,1,0,0,0,1,1,0,0,0,0,0,1,1,0,0,0,0,1,0,0,0,0,0,0,0,1,0,0,0,0,0,1,0,0,1,0,1,1,0,1,0,0,0,0,0,,review evidence only - manual review recommended,this is a place where you can open the doors and let your kids and dogs just roam - there are no cars except your own,"the beach so close was amazing for the children, even the 3 year old managed the daily short walk",,,
988926,Best for Young Families,2,9.5,10,10,6,0.333333333,8.766472902,9.259883741,09:29.2,67,106404,56:20.0,SykesPropertyID,SykesPark:0,SykesParkID,107031,365,187760,1,2,2,3,Friday,51.83392,-2.449535,,Heart of England,The Old Mill,Current,Unknown,5,Ticks 1 to 5,6,5,0,0,215500,369500,"Flaxley, Gloucestershire",Other settlement,Gloucestershire,England,Flaxley,Cotswolds,31/07/2017,31/07/2017,,,Unknown,Unknown,Unknown,0,18,Super Income Maximisation,,No Option Assigned,1,1,0,0,1,0,0,0,1,0,0,0,0,0,0,1,0,0,0,0,0,0,1,0,0,0,0,0,0,0,0,0,1,0,0,0,1,1,1,0,1,1,0,0,0,0,0,0,0,,review evidence only - manual review recommended,We have just come back from a wonderful long weekend at The Old Mill with our 2 girls.,"Perfect if you have dogs/young children (or not!), as the grounds are fully fenced and the electric gates remain closed.",,,
977925,Best for Young Families,2,9.5,10,10,12,0.166666667,8.766472902,9.259883741,09:29.2,68,97422,58:09.0,SykesPropertyID,SykesPark:0,SykesParkID,122888,1,174857,1,2,2,3,Saturday,54.3026489,-0.4119978,,HP North York Coast,The Perks,Current,House,3,Ticks 1 to 5,8,3,1,0,489500,502500,"Barrowcliff, North Yorkshire",Other settlement,North Yorkshire,England,Barrowcliff,North York Moors & Coast,23/04/2018,23/04/2018,,,Unknown,Unknown,Unknown,0,20,Super Income Maximisation,,No Option Assigned,1,1,1,1,1,0,0,0,1,0,0,0,0,0,0,1,1,1,0,0,0,0,1,1,0,1,0,0,0,0,0,0,1,0,0,1,0,1,1,0,0,1,0,0,0,0,0,0,0,,review evidence only - manual review recommended,perfect for what we need as a family,my husband and I stayed last year and booked a return visit with our 4 grandchildren who loved it so much,,,
1118596,Best for Young Families,2,9.5,10,10,14,0.142857143,8.766472902,9.259883741,09:29.2,69,208881,02:50.0,SykesPropertyID,SykesPark:0,SykesParkID,236790,1,494651,0,0,1,2,Saturday,52.9673802,-4.1608212,,North Wales,Ereiniog,Current,Cottage,3,Ticks 1 to 5,4,3,0,0,340500,254500,"Penmorfa, Gwynedd",Other settlement,Gwynedd,Wales,Penmorfa,North Wales,26/07/2023,28/07/2023,,,Unknown,Unknown,Unknown,0,17,Super Income Maximisation,,No,1,1,1,0,1,0,0,0,1,1,0,0,0,0,0,1,0,1,1,1,1,1,0,0,0,1,0,0,0,1,0,1,1,0,0,1,0,0,1,0,0,1,0,1,0,0,0,0,0,,review evidence only - manual review recommended,"We stayed as a family of 4 , 2 adults and 2 children.",We stayed at the property with our children (ages 8 and 5) and absolutely loved it!,,,
1008825,Best for Young Families,2,9.5,10,10,15,0.133333333,8.766472902,9.259883741,09:29.2,70,116400,15:40.0,SykesPropertyID,SykesPark:0,SykesParkID,130950,389,213495,1,2,3,3,Friday,53.2299837,-4.5211618,,HP - Wales Anglesey Coastal,Flip Flops,Current,Unknown,4,Ticks 1 to 5,6,4,1,0,373500,231500,"Rhosneigr, Isle of Anglesey",Other settlement,Isle of Anglesey,Wales,Rhosneigr,North Wales,09/06/2016,16/06/2016,,,Unknown,Unknown,Unknown,0,10,Super Income Maximisation,,No Option Assigned,1,1,1,1,1,0,0,0,1,0,0,0,0,0,0,1,1,0,1,0,0,0,1,1,0,1,0,0,0,1,0,0,1,0,0,0,1,1,1,0,0,1,0,0,0,0,0,0,0,,review evidence only - manual review recommended,Kids x 3 loved the games room,Games room is perfect for the age group who accompanied us - twins aged 12 and 14yr old they had their own self-contained area with breakfast bar/fridge/tv/wet-room and plenty of games and activities.,,,
1135025,Best for Young Families,2,9.5,10,10,19,0.105263158,8.766472902,9.259883741,09:29.2,71,230878,18:50.0,SykesPropertyID,SykesPark:0,SykesParkID,253488,1,541838,1,2,2,3,Friday,53.2332333,-3.2703238,,North Wales,Garreg Wen,Current,House detached,4,Ticks 1 to 5,6,4,0,0,371500,315500,"Ysceifiog, Flintshire",Other settlement,Flintshire,Wales,Ysceifiog,North Wales,07/09/2023,08/09/2023,,,Unknown,Unknown,Unknown,0,15,Partial Plus Income Maximisation,,No,1,1,0,0,1,0,0,0,1,1,0,0,0,0,0,1,0,1,1,0,0,1,1,0,0,1,0,0,0,1,0,0,0,0,0,0,0,0,1,0,1,0,0,1,0,0,0,0,0,,review evidence only - manual review recommended,Ideal for both dogs and children,the playground outside was great for our grandchildren,,,
1128003,Best for Young Families,2,9.5,10,10,27,0.074074074,8.766472902,9.259883741,09:29.2,72,223235,20:44.0,SykesPropertyID,SykesPark:0,SykesParkID,246654,1,482723,0,0,2,2,Friday,53.3227059,-4.2255187,,HP - Wales Anglesey Coastal,Sea La Vie,Current,Apartment,4,Ticks 1 to 5,4,4,1,0,382500,251500,"Benllech, Isle of Anglesey",Other settlement,Isle of Anglesey,Wales,Benllech,North Wales,13/05/2023,13/05/2023,,,Unknown,Unknown,Unknown,0,19,Super Income Maximisation,,No,1,1,0,0,0,0,0,0,0,0,0,0,0,0,0,1,1,0,1,0,0,1,1,1,0,1,0,0,0,1,0,1,1,0,0,1,0,1,1,0,0,1,0,1,0,0,0,0,0,,review evidence only - manual review recommended,Family of 3 including a 4 year old.,I highly recommend this place for a change of scenery that is perfect for a young family.,,,
1126837,Best for Young Families,2,9.5,10,10,16,0.125,8.766472902,9.259883741,09:29.2,73,221855,56:43.0,SykesPropertyID,SykesPark:0,SykesParkID,245470,418,520954,1,2,2,2,Friday,54.2440083,-3.0042086,,Cumbria West of M6,Corning Mill View,Current,Lodge,5,Ticks 1 to 5,4,5,0,0,483500,334500,"Low Wood, Cumbria",Other settlement,Cumbria,England,Low Wood,Cumbria & The Lake District,18/05/2023,07/07/2023,,,Unknown,Unknown,Unknown,0,12.5,Super Income Maximisation,,No,1,1,0,0,1,0,0,0,1,0,0,0,0,0,0,1,0,1,1,0,1,1,0,0,0,1,0,1,1,1,0,0,1,0,1,1,1,0,1,0,1,1,0,1,1,0,0,0,0,1,criteria met,My children already want to go back!,My 5 year old grandson didn't want to leave,,,
957101,Best for Young Families,2,9.5,10,10,8,0.25,8.766472902,9.259883741,09:29.2,74,96202,53:14.0,SykesPropertyID,SykesPark:0,SykesParkID,92108,1,138502,0,0,4,5,Friday,51.6739474,-4.7049481,,HP - Wales Pembrokeshire Coast,Hideaway House at The Hideaway,Current,House,4,Ticks 1 to 5,14,4,1,0,200500,213500,"Tenby/Dinbych-y-pysgod, Pembrokeshire",Town,Pembrokeshire,Wales,Tenby/Dinbych-y-pysgod,South Wales,19/01/2018,19/01/2018,,,Unknown,Unknown,Unknown,0,17,Super Income Maximisation,,No Option Assigned,1,1,1,1,1,0,0,0,1,0,0,0,0,0,0,1,1,0,0,0,0,0,1,1,0,1,0,0,0,1,0,0,1,0,1,1,0,1,1,0,1,1,0,1,0,0,0,0,0,1,criteria met,"age range 2 up to 65, making wonderful family memories.","Perfect for families, with lots of space to relax in comfort after a busy day at the beach.",,,
977490,Best for Young Families,2,9.5,10,10,15,0.133333333,8.766472902,9.259883741,09:29.2,75,113093,47:47.0,SykesPropertyID,SykesPark:0,SykesParkID,63761,1,174398,1,2,1,2,Friday,51.7783801,-3.9801302,,South Wales,Crooked Hill Cottage,Current,Cottage,4,Ticks 1 to 5,4,4,0,0,211500,263500,"Betws, Carmarthenshire",Other settlement,Carmarthenshire,Wales,Betws,South Wales,21/02/2019,08/03/2019,,,Unknown,Unknown,Unknown,0,18,Super Income Maximisation,,No Option Assigned,1,1,1,0,1,1,0,0,1,0,0,0,0,0,0,1,0,1,0,0,0,0,0,0,0,1,0,0,1,1,0,0,1,0,0,1,0,1,1,0,0,1,0,0,0,0,0,0,0,,review evidence only - manual review recommended,sweets for our son,thoughtful welcome pack with treats for the kids,,,
965776,Best for Young Families,2,9.5,10,10,13,0.153846154,8.766472902,9.259883741,09:29.2,76,92207,55:54.0,SykesPropertyID,SykesPark:0,SykesParkID,89235,1,158625,1,4,5,5,Friday,50.9420907,-1.8227643,,Dorset,Breaches Barn,Current,Unknown,4,Ticks 1 to 5,13,4,0,0,115500,412500,"Sandleheath, Hampshire",Other settlement,Hampshire,England,Sandleheath,South Coast,11/08/2017,11/08/2017,,,Unknown,Unknown,Unknown,0,17,Full Income Maximisation,,No Option Assigned,1,1,1,0,1,0,0,1,0,1,0,0,0,0,0,1,0,0,0,0,0,0,0,0,0,1,0,0,0,1,0,0,1,0,1,1,0,1,1,0,0,1,0,0,0,0,0,0,0,1,criteria met,The separate connected annexe was good for the younger children who had an earlier bedtime.,Lots of space for the children to roam safely.,,,
977523,Best for Young Families,2,9.5,10,10,10,0.2,8.766472902,9.259883741,09:29.2,77,97105,52:19.0,SykesPropertyID,SykesPark:0,SykesParkID,101602,2,174450,0,0,2,3,Saturday,54.1282612,-9.2600241,,Mayo,Cloonkee Cottage,Current,Cottage,4,Ticks 1 to 5,6,4,0,0,,,"Knockanillaun, County Mayo",Other settlement,County Mayo,Ireland,Knockanillaun,Ireland,26/02/2018,26/02/2018,,,Unknown,Unknown,Unknown,0,20,Super Income Maximisation,,No Option Assigned,1,1,1,1,1,0,0,0,1,1,0,0,0,0,0,1,0,1,0,0,0,0,0,0,0,1,0,0,0,0,0,1,1,0,1,1,0,1,1,0,0,1,0,0,0,0,0,0,0,1,criteria met,the cottage was very accommodating for our children too with highchair and cot provided,"a kids arcade, a play area and beautiful sand",,,
1105790,Best for Young Families,2,9.5,10,10,5,0.4,8.766472902,9.259883741,09:29.2,78,198144,44:31.0,SykesPropertyID,SykesPark:0,SykesParkID,228207,441,447344,1,2,1,2,Friday,50.721229,-2.940767,,HP Devon South Coast,St Anton,Current,Chalet,3,Ticks 1 to 5,4,3,1,0,91500,333500,"Cobb, Dorset",Other settlement,Dorset,England,Cobb,Dorset,27/11/2018,27/11/2018,,,Unknown,Unknown,Unknown,0,20,Super Income Maximisation,,Yes,1,0,0,0,1,0,0,0,0,0,0,0,0,0,0,0,1,0,0,0,0,0,1,1,0,0,0,0,0,1,0,0,1,0,0,0,0,1,1,0,0,1,0,0,0,0,1,0,0,,review evidence only - manual review recommended,Our 2 year old loved playing with all the toys and reading the books in his bedroom.,St Anton was perfect for our family of four and dog.,,,
1117016,Best for Young Families,2,9.5,10,10,18,0.111111111,8.766472902,9.259883741,09:29.2,79,210449,52:27.0,SykesPropertyID,SykesPark:0,SykesParkID,237942,437,489569,1,2,5,6,Friday,52.27455521,1.196444142,,Suffolk,"Bedingfield House, nr Debenham",Current,House detached,5,Ticks 1 to 5,14,5,0,0,268500,618500,"Bedingfield, Suffolk",Other settlement,Suffolk,England,Bedingfield,East Anglia,29/07/2019,29/07/2019,,,Unknown,Unknown,Unknown,0,18,Super Income Maximisation,,Yes,1,1,0,1,1,0,1,0,1,1,1,0,0,0,1,1,0,1,0,1,0,0,0,0,0,0,0,0,0,1,0,0,1,0,1,1,1,1,1,0,1,1,1,0,0,1,0,0,1,1,criteria met,3 children,a travel cot can fit in any of them,,,
1110972,Best for Young Families,2,9.5,10,10,11,0.181818182,8.766472902,9.259883741,09:29.2,80,200251,21:11.0,SykesPropertyID,SykesPark:0,SykesParkID,229952,1,465203,1,2,1,3,Saturday,52.819684,-1.8856188,,Peak District & Derbyshire,Darwen,Current,Cottage,4,Ticks 1 to 5,6,4,0,0,324500,408500,"Abbots Bromley, Staffordshire",Other settlement,Staffordshire,England,Abbots Bromley,Peak District,16/07/2022,16/07/2022,,,Unknown,Unknown,Unknown,0,18,Super Income Maximisation,,No,1,1,0,0,1,0,0,0,0,1,0,0,0,0,0,1,0,1,0,0,0,1,1,0,0,1,0,0,0,1,0,0,1,0,0,1,0,1,1,0,1,1,0,1,0,0,0,0,0,,review evidence only - manual review recommended,we'd definitely stay again and completely recommend it to other families,We stayed as a family of four with 2 young children.,,,
990794,Best for Young Families,2,9.5,10,10,18,0.111111111,8.766472902,9.259883741,09:29.2,81,111429,12:32.0,SykesPropertyID,SykesPark:0,SykesParkID,73186,1,189961,1,2,1,2,Saturday,52.8402269,0.9511982,,Norfolk,Honey Buzzard Barn,Current,House,4,Ticks 1 to 5,4,4,0,0,331500,598500,"Croxton, Norfolk",Other settlement,Norfolk,England,Croxton,East Anglia,02/01/2019,02/01/2019,,,Unknown,Unknown,Unknown,0,18,Full Income Maximisation,,No,1,1,1,0,1,0,0,0,1,1,0,0,0,0,0,1,0,0,0,0,0,0,0,0,0,1,0,0,0,1,0,0,0,0,1,1,1,0,0,0,0,1,0,0,0,0,0,0,0,1,criteria met,toddler and dog friendly,selection of games for the kids and a whole host of local attraction leaflets made for a smooth and enjoyable stay for all,,,
1004107,Best for Young Families,2,9.5,10,10,17,0.117647059,8.766472902,9.259883741,09:29.2,82,119117,59:20.0,SykesPropertyID,SykesPark:0,SykesParkID,96880,1,205237,1,2,5,8,Friday,52.89012,1.3651212,,HP East Anglia,Southrepps Lodge,Current,House detached,4,Ticks 1 to 5,18,4,1,0,338500,625500,"Frogshall, Norfolk",Other settlement,Norfolk,England,Frogshall,East Anglia,03/07/2019,03/07/2019,,,Unknown,Unknown,Unknown,0,18,Super Income Maximisation,,No,1,1,1,0,1,0,0,0,1,1,0,0,0,0,0,1,0,1,1,0,1,0,0,0,0,1,0,0,0,1,0,0,1,0,0,1,0,1,1,0,1,1,0,0,0,0,0,0,1,,review evidence only - manual review recommended,the games room was a great bonus for the children,We even had a paddling pool filled and ready for the younger ones to use,,,
1174016,Best for Young Families,2,9.5,10,10,9,0.222222222,8.766472902,9.259883741,09:29.2,83,,,,,,,,,,,,,,,,,,,,,,,,,,,,,,,,,,,,,,,,,,,,,,,,,,,,,,,,,,,,,,,,,,,,,,,,,,,,,,,,,,,,,,,,,,,,,,,,,no property data - manual review recommended,My kids absolutely loved it,the children loved the sheep and horses,,,
1050079,Best for Young Families,2,9.5,10,10,13,0.153846154,8.766472902,9.259883741,09:29.2,84,,,,,,,,,,,,,,,,,,,,,,,,,,,,,,,,,,,,,,,,,,,,,,,,,,,,,,,,,,,,,,,,,,,,,,,,,,,,,,,,,,,,,,,,,,,,,,,,,no property data - manual review recommended,it’s just perfect for our family,it is the pefect place to holiday with children with the each beach being so close (our children love it),,,
1155306,Best for Young Families,2,9.5,10,10,10,0.2,8.766472902,9.259883741,09:29.2,85,283388,12:53.0,SykesPropertyID,SykesPark:0,SykesParkID,272472,1,601176,0,0,1,2,Saturday,54.4818631,-0.6095684,,HP North York Coast,Dry Dock Cottage,Current,House terraced,3,Ticks 1 to 5,4,3,1,0,510500,489500,"Whitby, North Yorkshire",Town,North Yorkshire,England,Whitby,North York Moors & Coast,29/04/2024,29/04/2024,,,Unknown,Unknown,Unknown,0,20,Super Income Maximisation,,No,1,0,0,0,1,0,0,0,0,0,0,0,0,0,0,0,1,0,1,0,0,0,1,0,0,1,0,1,1,1,0,1,1,0,0,1,0,1,1,0,0,1,0,1,0,0,0,0,0,,review evidence only - manual review recommended,the kids loved it,we were able to make it baby friendly,,,
1149839,Best for Young Families,2,9.5,10,10,7,0.285714286,8.766472902,9.259883741,09:29.2,86,276717,07:15.0,SykesPropertyID,SykesPark:80,SykesParkID,267126,1,587531,1,2,4,6,Friday,53.2356081,-3.4258533,Llannerch Holiday Park,North Wales,Home Farm,Current,House detached,4,Ticks 1 to 5,14,4,0,0,371500,304500,"Hafod-y-Green, Denbighshire",Other settlement,Denbighshire,Wales,Hafod-y-Green,North Wales,24/01/2024,26/01/2024,,,Unknown,Unknown,Unknown,0,15,Super Income Maximisation,,No,1,1,0,1,1,1,0,0,1,1,0,1,1,0,1,1,0,1,1,0,0,1,0,0,0,1,0,0,0,1,0,0,1,0,1,1,0,1,1,0,1,1,0,1,0,0,0,0,0,1,criteria met,The kids loved the pool,We went here with our 3 teenagers and young child.,,,
1155576,Best for Young Families,2,9.5,10,10,12,0.166666667,8.766472902,9.259883741,09:29.2,87,283785,00:32.0,SykesPropertyID,SykesPark:60,SykesParkID,272724,1,556319,1,2,2,3,Friday,54.148175,-2.7454715,South Lakeland Leisure VIllage,North West & Lancashire,Capenwray,Current,Lodge,4,Ticks 1 to 5,6,4,0,0,472500,350500,"Warton, Lancashire",Other settlement,Lancashire,England,Warton,Cumbria & The Lake District,11/05/2024,11/05/2024,,,Unknown,Unknown,Unknown,0,15,Super Income Maximisation,,No,1,1,0,0,1,0,0,0,1,0,0,0,0,0,0,1,0,1,0,0,0,0,1,0,0,1,1,0,0,1,0,0,1,0,0,0,1,1,1,0,0,1,0,1,1,0,0,0,0,,review evidence only - manual review recommended,"Myself, my husband and our five year old love it.",the site had some wonderful facilities especially for the grandchildren,,,
1148325,Best for Young Families,2,9.5,10,10,7,0.285714286,8.766472902,9.259883741,09:29.2,88,274607,51:14.0,SykesPropertyID,SykesPark:6,SykesParkID,265688,418,583199,0,0,2,2,Friday,54.36698,-2.92065,Fallbarrow Holiday Park,HP Lake District,Bowness Bay Lodge,Current,Lodge,4,Ticks 1 to 5,4,4,1,0,496500,340500,"Bowness-On-Windermere, Cumbria",Town,Cumbria,England,Bowness-On-Windermere,Cumbria & The Lake District,15/01/2024,09/02/2024,,,Unknown,Unknown,Unknown,0,16.67,Super Income Maximisation,,Yes,1,1,0,0,1,0,0,0,1,0,0,0,0,0,0,1,0,1,0,0,1,1,1,1,0,1,1,0,0,1,0,0,1,0,0,0,1,0,1,0,1,1,0,1,1,0,0,0,0,,review evidence only - manual review recommended,Great place to stay with the family,the single beds were really generous in size and my children said they were so comfy,,,
1085379,Best for Young Families,2,9.5,10,10,14,0.142857143,8.766472902,9.259883741,09:29.2,89,,,,,,,,,,,,,,,,,,,,,,,,,,,,,,,,,,,,,,,,,,,,,,,,,,,,,,,,,,,,,,,,,,,,,,,,,,,,,,,,,,,,,,,,,,,,,,,,,no property data - manual review recommended,kids loved the upstairs with the skylights and night watching the stars,a gorgeous garden for the kids to play safely in.,,,
1036626,Best for Young Families,2,9.5,10,10,11,0.181818182,8.766472902,9.259883741,09:29.2,90,130933,56:41.0,SykesPropertyID,SykesPark:0,SykesParkID,157195,1,246153,0,0,4,7,Friday,53.1500786,-3.4708082,,North Wales,Bryn Awel,Current,House detached,4,Ticks 1 to 5,16,4,0,0,362500,300500,"Nantglyn, Denbighshire",Other settlement,Denbighshire,Wales,Nantglyn,North Wales,17/07/2020,24/07/2020,,,Unknown,Unknown,Unknown,0,18,Super Income Maximisation,,No,1,1,1,1,1,1,0,0,1,1,1,0,0,0,0,1,1,1,0,1,0,0,0,0,0,1,0,0,0,1,0,1,0,0,0,1,0,0,1,0,0,1,0,1,0,0,0,0,1,,review evidence only - manual review recommended,our youngest was only 6 years and the oldest was 70 and the weekend was enjoyed by everyone.,the pirate ship...the cinema room was a huge success with the grandchildren who used it as a theatre to rehearse and perform their own shows!,,,
1042482,Best for Young Families,2,9.5,10,10,9,0.222222222,8.766472902,9.259883741,09:29.2,91,137721,02:01.0,SykesPropertyID,SykesPark:0,SykesParkID,163216,402,256939,1,1,2,4,Saturday,54.401935,-2.941624,,HP Lake District,Ecclerigg Old Farm,Current,Unknown,3,Ticks 1 to 5,8,3,1,0,500500,340500,"Troutbeck Bridge, Cumbria",Other settlement,Cumbria,England,Troutbeck Bridge,Cumbria & The Lake District,12/06/2019,12/06/2019,,,Unknown,Unknown,Unknown,0,20,Super Income Maximisation,,Yes,1,1,1,0,1,0,0,0,1,1,0,0,0,0,0,1,0,1,1,0,1,1,0,0,0,1,1,0,0,1,0,0,1,0,1,1,0,1,1,0,1,0,0,1,0,0,0,0,0,1,criteria met,THE SIZE OF THE PLACE IT CAN BE GREAT FOR A GAME OF HIDE AND SEEK..LOADS OF GAMES,ideal for our party of 4 adults with 3 young children,,,
1022678,Best for Young Families,2,9.5,10,10,11,0.181818182,8.766472902,9.259883741,09:29.2,92,123078,12:55.0,SykesPropertyID,SykesPark:0,SykesParkID,144152,1,231122,1,2,3,3,Friday,51.196136,-4.167206,,HP Devon North Coast,Old Maids Cottage,Current,Cottage,5,Ticks 1 to 5,6,5,1,0,146500,248500,"Lee, Devon",Other settlement,Devon,England,Lee,Devon,27/09/2019,27/09/2019,,,Unknown,Unknown,Unknown,0,18,Super Income Maximisation,,Yes,1,1,1,0,1,0,0,0,1,1,0,0,0,0,0,1,1,0,1,0,0,1,1,0,0,1,0,0,0,1,0,0,1,0,1,1,0,1,1,0,1,1,0,0,0,0,0,0,0,1,criteria met,"it was lovely that you could walk down the path to the beach. It was a bit rocky, but that added interest for my six year old granddaughter.",Lovely location for the children and dogs.,,,
19244,Best for Young Families,2,9.5,10,10,9,0.222222222,8.766472902,9.259883741,09:29.2,93,53816,52:27.0,SykesPropertyID,SykesPark:0,SykesParkID,12983,1,75594,1,3,2,6,Friday,52.2232163,-4.206352,,Mid Wales,The Farmhouse,Current,Detached,4,Ticks 1 to 5,12,4,0,0,258500,250500,"Ciliau Aeron, Ceredigion",Other settlement,Ceredigion,Wales,Ciliau Aeron,Mid Wales,23/04/2013,01/06/2013,,,Unknown,Unknown,Unknown,0,20,Super Income Maximisation,,No Option Assigned,1,1,0,1,1,1,0,1,1,1,1,0,0,0,0,1,1,1,0,1,0,1,0,0,0,0,1,0,0,0,0,0,1,0,1,1,0,1,1,0,1,1,1,1,0,0,0,0,0,1,criteria met,the kids had a great time in the games room,we loved being able to go to the games room and the park on site with the kids too,,,
911945,Best for Young Families,2,9.5,10,10,10,0.2,8.766472902,9.259883741,09:29.2,94,57422,54:39.0,SykesPropertyID,SykesPark:0,SykesParkID,48570,2,91235,0,0,2,3,Saturday,51.536223,-9.2151285,,HP West Cork Coast,Raheen,Current,Detached,4,Ticks 1 to 5,6,4,1,0,,,"Smithville, County Cork",Other settlement,County Cork,Ireland,Smithville,Ireland,17/04/2014,21/05/2014,,,Unknown,Unknown,Unknown,0,20,Full Income Maximisation,,No Option Assigned,1,1,1,0,1,0,0,0,1,1,0,0,0,0,0,1,1,1,0,0,0,0,0,0,0,0,0,0,0,0,0,1,0,0,0,1,0,0,1,0,0,1,0,0,0,0,0,0,0,,review evidence only - manual review recommended,cater for us and our 3 young children,the kids loved playing in the yard,,,
1008911,Best for Young Families,2,9.5,10,10,9,0.222222222,8.766472902,9.259883741,09:29.2,95,116801,06:27.0,SykesPropertyID,SykesPark:0,SykesParkID,130759,389,213501,1,1,2,4,Friday,52.91877,-4.23103857,,HP - Wales North West Coast,Maelgwyn,Current,Unknown,4,Ticks 1 to 5,8,4,1,0,338500,249500,"Pen-y-bryn, Gwynedd",Other settlement,Gwynedd,Wales,Pen-y-bryn,North Wales,21/04/2010,28/04/2010,,,Unknown,Unknown,Unknown,0,20,Fixed Prices,,No Option Assigned,1,1,1,0,1,0,0,0,0,0,0,0,0,0,0,1,1,0,0,0,0,0,1,1,0,0,0,0,0,0,0,1,1,0,0,1,0,1,1,0,0,1,0,0,0,0,0,0,0,,review evidence only - manual review recommended,especially with kids,activities for the children (two toddlers),,,
1170998,Best for Young Families,2,9.5,10,10,19,0.105263158,8.766472902,9.259883741,09:29.2,96,302519,25:10.0,SykesPropertyID,SykesPark:0,SykesParkID,287633,1,379038,1,2,1,3,Saturday,56.6262346,-3.8451444,,Scottish Highlands,Tay View,Current,House semi-detached,4,Ticks 1 to 5,5,4,0,0,749500,285500,"Aberfeldy, Perth and Kinross",Town,Perth and Kinross,Scotland,Aberfeldy,Central Scotland,03/04/2025,06/04/2025,,,Unknown,Unknown,Unknown,0,19,Super Income Maximisation,,No,1,1,0,0,0,0,0,0,1,0,0,0,0,0,0,1,0,1,1,0,0,0,0,0,0,1,0,0,0,1,0,0,1,0,0,1,0,1,1,0,0,0,0,1,0,0,0,0,0,,review evidence only - manual review recommended,Lovely stay with the family,"the lodge was perfect for young families, she loved it!",,,
1171395,Best for Young Families,2,9.5,10,10,12,0.166666667,8.766472902,9.259883741,09:29.2,97,302958,27:28.0,SykesPropertyID,SykesPark:60,SykesParkID,288019,418,646638,1,1,2,2,Friday,54.1487485,-2.7496221,South Lakeland Leisure VIllage,North West & Lancashire,Sunset Retreat,Current,Lodge,4,Ticks 1 to 5,4,4,0,0,472500,350500,"Warton, Lancashire",Other settlement,Lancashire,England,Warton,Cumbria & The Lake District,27/03/2025,11/04/2025,,,Unknown,Unknown,Unknown,0,12.5,Super Income Maximisation,,No,1,1,1,0,1,0,1,0,1,0,0,0,0,0,1,0,0,1,1,0,0,1,1,0,0,1,0,0,0,1,0,0,1,0,1,1,1,0,1,0,0,0,0,1,1,0,0,0,0,1,criteria met,The kids didn’t want to come home and want to book again.,We spent a lovely weekend with our grandchildren at Sunset Retreat.,,,
1171069,Best for Young Families,2,9.5,10,10,14,0.142857143,8.766472902,9.259883741,09:29.2,98,302645,31:11.0,SykesPropertyID,SykesPark:0,SykesParkID,287715,1,470426,0,0,7,8,Saturday,53.3098744,-3.4074466,,North Wales,Mount House,Current,House detached,4,Ticks 1 to 5,18,4,0,0,380500,306500,"Bryniau, Denbighshire",Other settlement,Denbighshire,Wales,Bryniau,North Wales,06/06/2025,08/06/2025,,,Unknown,Unknown,Unknown,0,15,Super Income Maximisation,,Part - Cleaning Only,1,0,1,1,1,1,0,0,1,1,0,0,0,0,0,1,1,1,1,0,0,1,0,0,0,1,0,0,0,1,0,1,1,0,0,1,1,1,1,0,1,1,0,1,0,0,0,0,0,,review evidence only - manual review recommended,"The kids loved it, we loved it","the house worked for all of us. Great location, stunning views & a luxury stay",,,
1172088,Best for Young Families,2,9.5,10,10,5,0.4,8.766472902,9.259883741,09:29.2,99,303868,13:39.0,SykesPropertyID,SykesPark:0,SykesParkID,288665,1,648767,1,1,4,6,Friday,50.8127603,0.353181,,HP South Coast,Marine House,Current,Beach House,5,Ticks 1 to 5,12,5,1,0,104500,565500,"Pevensey Bay, East Sussex",Other settlement,East Sussex,England,Pevensey Bay,South Coast,14/03/2025,25/05/2025,,,Unknown,Unknown,Unknown,0,15,Fixed Prices,,No,1,1,1,1,1,1,0,0,1,1,0,0,0,0,0,0,1,1,1,0,0,1,1,1,0,1,0,1,1,1,0,0,1,0,0,1,0,1,1,0,1,1,0,1,0,1,1,0,0,,review evidence only - manual review recommended,location is great for kids,we were a party of 6 adults and 5 children (ages 5 to 14) and there was plenty room for us all to do different things. The games room kept the children busy.,,,
1178096,Best for Young Families,2,9.5,10,10,12,0.166666667,8.766472902,9.259883741,09:29.2,100,314478,32:46.0,SykesPropertyID,SykesPark:0,SykesParkID,294486,1,659871,0,0,3,3,Friday,51.0028779,0.3404917,,South of England,Lakeside Lodge,Current,Holiday Cabin,5,Ticks 1 to 5,6,5,0,0,126500,564500,"Witherenden Hill, East Sussex",Other settlement,East Sussex,England,Witherenden Hill,South Coast,15/07/2025,16/07/2025,,,Unknown,Unknown,Unknown,0,17,Full Income Maximisation,,No,1,1,0,0,1,0,0,0,1,0,0,0,0,0,0,1,0,1,1,0,0,1,0,0,0,1,1,0,0,1,0,1,1,0,0,0,0,1,1,0,0,1,0,1,0,0,0,0,0,,review evidence only - manual review recommended,"We stayed at Lakedown Lodge with 6 people, including 2 children",perfect for a family of 4-6,,,
